
temperatura2.elf:     file format elf32-avr

Sections:
Idx Name          Size      VMA       LMA       File off  Algn
  0 .data         00000056  00800100  00001690  00001724  2**0
                  CONTENTS, ALLOC, LOAD, DATA
  1 .text         00001690  00000000  00000000  00000094  2**1
                  CONTENTS, ALLOC, LOAD, READONLY, CODE
  2 .bss          00000032  00800156  00800156  0000177a  2**0
                  ALLOC
  3 .comment      00000030  00000000  00000000  0000177a  2**0
                  CONTENTS, READONLY
  4 .note.gnu.avr.deviceinfo 00000040  00000000  00000000  000017ac  2**2
                  CONTENTS, READONLY
  5 .debug_aranges 00000080  00000000  00000000  000017ec  2**0
                  CONTENTS, READONLY, DEBUGGING
  6 .debug_info   0000123e  00000000  00000000  0000186c  2**0
                  CONTENTS, READONLY, DEBUGGING
  7 .debug_abbrev 0000087c  00000000  00000000  00002aaa  2**0
                  CONTENTS, READONLY, DEBUGGING
  8 .debug_line   00000895  00000000  00000000  00003326  2**0
                  CONTENTS, READONLY, DEBUGGING
  9 .debug_frame  000001cc  00000000  00000000  00003bbc  2**2
                  CONTENTS, READONLY, DEBUGGING
 10 .debug_str    00000669  00000000  00000000  00003d88  2**0
                  CONTENTS, READONLY, DEBUGGING
 11 .debug_loc    0000060c  00000000  00000000  000043f1  2**0
                  CONTENTS, READONLY, DEBUGGING
 12 .debug_ranges 00000070  00000000  00000000  000049fd  2**0
                  CONTENTS, READONLY, DEBUGGING

Disassembly of section .text:

00000000 <__vectors>:
       0:	0c 94 f2 00 	jmp	0x1e4	; 0x1e4 <__ctors_end>
       4:	0c 94 0f 01 	jmp	0x21e	; 0x21e <__bad_interrupt>
       8:	0c 94 0f 01 	jmp	0x21e	; 0x21e <__bad_interrupt>
       c:	0c 94 0f 01 	jmp	0x21e	; 0x21e <__bad_interrupt>
      10:	0c 94 0f 01 	jmp	0x21e	; 0x21e <__bad_interrupt>
      14:	0c 94 0f 01 	jmp	0x21e	; 0x21e <__bad_interrupt>
      18:	0c 94 23 02 	jmp	0x446	; 0x446 <__vector_6>
      1c:	0c 94 0f 01 	jmp	0x21e	; 0x21e <__bad_interrupt>
      20:	0c 94 0f 01 	jmp	0x21e	; 0x21e <__bad_interrupt>
      24:	0c 94 0f 01 	jmp	0x21e	; 0x21e <__bad_interrupt>
      28:	0c 94 cf 01 	jmp	0x39e	; 0x39e <__vector_10>
      2c:	0c 94 0f 01 	jmp	0x21e	; 0x21e <__bad_interrupt>
      30:	0c 94 0f 01 	jmp	0x21e	; 0x21e <__bad_interrupt>
      34:	0c 94 0f 01 	jmp	0x21e	; 0x21e <__bad_interrupt>
      38:	0c 94 0f 01 	jmp	0x21e	; 0x21e <__bad_interrupt>
      3c:	0c 94 0f 01 	jmp	0x21e	; 0x21e <__bad_interrupt>
      40:	0c 94 0f 01 	jmp	0x21e	; 0x21e <__bad_interrupt>
      44:	0c 94 0f 01 	jmp	0x21e	; 0x21e <__bad_interrupt>
      48:	0c 94 30 01 	jmp	0x260	; 0x260 <__vector_18>
      4c:	0c 94 0f 01 	jmp	0x21e	; 0x21e <__bad_interrupt>
      50:	0c 94 0f 01 	jmp	0x21e	; 0x21e <__bad_interrupt>
      54:	0c 94 0f 01 	jmp	0x21e	; 0x21e <__bad_interrupt>
      58:	0c 94 0f 01 	jmp	0x21e	; 0x21e <__bad_interrupt>
      5c:	0c 94 0f 01 	jmp	0x21e	; 0x21e <__bad_interrupt>
      60:	0c 94 0f 01 	jmp	0x21e	; 0x21e <__bad_interrupt>
      64:	0c 94 0f 01 	jmp	0x21e	; 0x21e <__bad_interrupt>
      68:	08 00       	.word	0x0008	; ????
      6a:	00 00       	nop
      6c:	be 92       	st	-X, r11
      6e:	24 49       	sbci	r18, 0x94	; 148
      70:	12 3e       	cpi	r17, 0xE2	; 226
      72:	ab aa       	std	Y+51, r10	; 0x33
      74:	aa 2a       	or	r10, r26
      76:	be cd       	rjmp	.-1156   	; 0xfffffbf4 <__eeprom_end+0xff7efbf4>
      78:	cc cc       	rjmp	.-1640   	; 0xfffffa12 <__eeprom_end+0xff7efa12>
      7a:	4c 3e       	cpi	r20, 0xEC	; 236
      7c:	00 00       	nop
      7e:	00 80       	ld	r0, Z
      80:	be ab       	std	Y+54, r27	; 0x36
      82:	aa aa       	std	Y+50, r10	; 0x32
      84:	aa 3e       	cpi	r26, 0xEA	; 234
      86:	00 00       	nop
      88:	00 00       	nop
      8a:	bf 00       	.word	0x00bf	; ????
      8c:	00 00       	nop
      8e:	80 3f       	cpi	r24, 0xF0	; 240
      90:	00 00       	nop
      92:	00 00       	nop
      94:	00 08       	sbc	r0, r0
      96:	41 78       	andi	r20, 0x81	; 129
      98:	d3 bb       	out	0x13, r29	; 19
      9a:	43 87       	std	Z+11, r20	; 0x0b
      9c:	d1 13       	cpse	r29, r17
      9e:	3d 19       	sub	r19, r13
      a0:	0e 3c       	cpi	r16, 0xCE	; 206
      a2:	c3 bd       	out	0x23, r28	; 35
      a4:	42 82       	std	Z+2, r4	; 0x02
      a6:	ad 2b       	or	r26, r29
      a8:	3e 68       	ori	r19, 0x8E	; 142
      aa:	ec 82       	std	Y+4, r14	; 0x04
      ac:	76 be       	out	0x36, r7	; 54
      ae:	d9 8f       	std	Y+25, r29	; 0x19
      b0:	e1 a9       	ldd	r30, Z+49	; 0x31
      b2:	3e 4c       	sbci	r19, 0xCE	; 206
      b4:	80 ef       	ldi	r24, 0xF0	; 240
      b6:	ff be       	out	0x3f, r15	; 63
      b8:	01 c4       	rjmp	.+2050   	; 0x8bc <__DATA_REGION_LENGTH__+0xbc>
      ba:	ff 7f       	andi	r31, 0xFF	; 255
      bc:	3f 00       	.word	0x003f	; ????
      be:	00 00       	nop
      c0:	00 00       	nop
      c2:	07 63       	ori	r16, 0x37	; 55
      c4:	42 36       	cpi	r20, 0x62	; 98
      c6:	b7 9b       	sbis	0x16, 7	; 22
      c8:	d8 a7       	std	Y+40, r29	; 0x28
      ca:	1a 39       	cpi	r17, 0x9A	; 154
      cc:	68 56       	subi	r22, 0x68	; 104
      ce:	18 ae       	std	Y+56, r1	; 0x38
      d0:	ba ab       	std	Y+50, r27	; 0x32
      d2:	55 8c       	ldd	r5, Z+29	; 0x1d
      d4:	1d 3c       	cpi	r17, 0xCD	; 205
      d6:	b7 cc       	rjmp	.-1682   	; 0xfffffa46 <__eeprom_end+0xff7efa46>
      d8:	57 63       	ori	r21, 0x37	; 55
      da:	bd 6d       	ori	r27, 0xDD	; 221
      dc:	ed fd       	.word	0xfded	; ????
      de:	75 3e       	cpi	r23, 0xE5	; 229
      e0:	f6 17       	cp	r31, r22
      e2:	72 31       	cpi	r23, 0x12	; 18
      e4:	bf 00       	.word	0x00bf	; ????
      e6:	00 00       	nop
      e8:	80 3f       	cpi	r24, 0xF0	; 240

000000ea <__trampolines_end>:
      ea:	00 40       	sbci	r16, 0x00	; 0
      ec:	7a 10       	cpse	r7, r10
      ee:	f3 5a       	subi	r31, 0xA3	; 163
      f0:	00 a0       	ldd	r0, Z+32	; 0x20
      f2:	72 4e       	sbci	r23, 0xE2	; 226
      f4:	18 09       	sbc	r17, r8
      f6:	00 10       	cpse	r0, r0
      f8:	a5 d4       	rcall	.+2378   	; 0xa44 <main+0xbe>
      fa:	e8 00       	.word	0x00e8	; ????
      fc:	00 e8       	ldi	r16, 0x80	; 128
      fe:	76 48       	sbci	r23, 0x86	; 134
     100:	17 00       	.word	0x0017	; ????
     102:	00 e4       	ldi	r16, 0x40	; 64
     104:	0b 54       	subi	r16, 0x4B	; 75
     106:	02 00       	.word	0x0002	; ????
     108:	00 ca       	rjmp	.-3072   	; 0xfffff50a <__eeprom_end+0xff7ef50a>
     10a:	9a 3b       	cpi	r25, 0xBA	; 186
     10c:	00 00       	nop
     10e:	00 e1       	ldi	r16, 0x10	; 16
     110:	f5 05       	cpc	r31, r5
     112:	00 00       	nop
     114:	80 96       	adiw	r24, 0x20	; 32
     116:	98 00       	.word	0x0098	; ????
     118:	00 00       	nop
     11a:	40 42       	sbci	r20, 0x20	; 32
     11c:	0f 00       	.word	0x000f	; ????
     11e:	00 00       	nop
     120:	a0 86       	std	Z+8, r10	; 0x08
     122:	01 00       	.word	0x0001	; ????
     124:	00 00       	nop
     126:	10 27       	eor	r17, r16
     128:	00 00       	nop
     12a:	00 00       	nop
     12c:	e8 03       	fmulsu	r22, r16
     12e:	00 00       	nop
     130:	00 00       	nop
     132:	64 00       	.word	0x0064	; ????
     134:	00 00       	nop
     136:	00 00       	nop
     138:	0a 00       	.word	0x000a	; ????
     13a:	00 00       	nop
     13c:	00 00       	nop
     13e:	01 00       	.word	0x0001	; ????
     140:	00 00       	nop
     142:	00 00       	nop
     144:	2c 76       	andi	r18, 0x6C	; 108
     146:	d8 88       	ldd	r13, Y+16	; 0x10
     148:	dc 67       	ori	r29, 0x7C	; 124
     14a:	4f 08       	sbc	r4, r15
     14c:	23 df       	rcall	.-442    	; 0xffffff94 <__eeprom_end+0xff7eff94>
     14e:	c1 df       	rcall	.-126    	; 0xd2 <__SREG__+0x93>
     150:	ae 59       	subi	r26, 0x9E	; 158
     152:	e1 b1       	in	r30, 0x01	; 1
     154:	b7 96       	adiw	r30, 0x27	; 39
     156:	e5 e3       	ldi	r30, 0x35	; 53
     158:	e4 53       	subi	r30, 0x34	; 52
     15a:	c6 3a       	cpi	r28, 0xA6	; 166
     15c:	e6 51       	subi	r30, 0x16	; 22
     15e:	99 76       	andi	r25, 0x69	; 105
     160:	96 e8       	ldi	r25, 0x86	; 134
     162:	e6 c2       	rjmp	.+1484   	; 0x730 <_Z8Cal_tempv+0x19a>
     164:	84 26       	eor	r8, r20
     166:	eb 89       	ldd	r30, Y+19	; 0x13
     168:	8c 9b       	sbis	0x11, 4	; 17
     16a:	62 ed       	ldi	r22, 0xD2	; 210
     16c:	40 7c       	andi	r20, 0xC0	; 192
     16e:	6f fc       	.word	0xfc6f	; ????
     170:	ef bc       	out	0x2f, r14	; 47
     172:	9c 9f       	mul	r25, r28
     174:	40 f2       	brcs	.-112    	; 0x106 <__trampolines_end+0x1c>
     176:	ba a5       	ldd	r27, Y+42	; 0x2a
     178:	6f a5       	ldd	r22, Y+47	; 0x2f
     17a:	f4 90       	lpm	r15, Z
     17c:	05 5a       	subi	r16, 0xA5	; 165
     17e:	2a f7       	brpl	.-54     	; 0x14a <__trampolines_end+0x60>
     180:	5c 93       	st	X, r21
     182:	6b 6c       	ori	r22, 0xCB	; 203
     184:	f9 67       	ori	r31, 0x79	; 121
     186:	6d c1       	rjmp	.+730    	; 0x462 <__vector_6+0x1c>
     188:	1b fc       	.word	0xfc1b	; ????
     18a:	e0 e4       	ldi	r30, 0x40	; 64
     18c:	0d 47       	sbci	r16, 0x7D	; 125
     18e:	fe f5       	brtc	.+126    	; 0x20e <.do_clear_bss_loop>
     190:	20 e6       	ldi	r18, 0x60	; 96
     192:	b5 00       	.word	0x00b5	; ????
     194:	d0 ed       	ldi	r29, 0xD0	; 208
     196:	90 2e       	mov	r9, r16
     198:	03 00       	.word	0x0003	; ????
     19a:	94 35       	cpi	r25, 0x54	; 84
     19c:	77 05       	cpc	r23, r7
     19e:	00 80       	ld	r0, Z
     1a0:	84 1e       	adc	r8, r20
     1a2:	08 00       	.word	0x0008	; ????
     1a4:	00 20       	and	r0, r0
     1a6:	4e 0a       	sbc	r4, r30
     1a8:	00 00       	nop
     1aa:	00 c8       	rjmp	.-4096   	; 0xfffff1ac <__eeprom_end+0xff7ef1ac>
     1ac:	0c 33       	cpi	r16, 0x3C	; 60
     1ae:	33 33       	cpi	r19, 0x33	; 51
     1b0:	33 0f       	add	r19, r19
     1b2:	98 6e       	ori	r25, 0xE8	; 232
     1b4:	12 83       	std	Z+2, r17	; 0x02
     1b6:	11 41       	sbci	r17, 0x11	; 17
     1b8:	ef 8d       	ldd	r30, Y+31	; 0x1f
     1ba:	21 14       	cp	r2, r1
     1bc:	89 3b       	cpi	r24, 0xB9	; 185
     1be:	e6 55       	subi	r30, 0x56	; 86
     1c0:	16 cf       	rjmp	.-468    	; 0xffffffee <__eeprom_end+0xff7effee>
     1c2:	fe e6       	ldi	r31, 0x6E	; 110
     1c4:	db 18       	sub	r13, r11
     1c6:	d1 84       	ldd	r13, Z+9	; 0x09
     1c8:	4b 38       	cpi	r20, 0x8B	; 139
     1ca:	1b f7       	brvc	.-58     	; 0x192 <__trampolines_end+0xa8>
     1cc:	7c 1d       	adc	r23, r12
     1ce:	90 1d       	adc	r25, r0
     1d0:	a4 bb       	out	0x14, r26	; 20
     1d2:	e4 24       	eor	r14, r4
     1d4:	20 32       	cpi	r18, 0x20	; 32
     1d6:	84 72       	andi	r24, 0x24	; 36
     1d8:	5e 22       	and	r5, r30
     1da:	81 00       	.word	0x0081	; ????
     1dc:	c9 f1       	breq	.+114    	; 0x250 <_Z11send_stringPc+0xa>
     1de:	24 ec       	ldi	r18, 0xC4	; 196
     1e0:	a1 e5       	ldi	r26, 0x51	; 81
     1e2:	3d 27       	eor	r19, r29

000001e4 <__ctors_end>:
     1e4:	11 24       	eor	r1, r1
     1e6:	1f be       	out	0x3f, r1	; 63
     1e8:	cf ef       	ldi	r28, 0xFF	; 255
     1ea:	d8 e0       	ldi	r29, 0x08	; 8
     1ec:	de bf       	out	0x3e, r29	; 62
     1ee:	cd bf       	out	0x3d, r28	; 61

000001f0 <__do_copy_data>:
     1f0:	11 e0       	ldi	r17, 0x01	; 1
     1f2:	a0 e0       	ldi	r26, 0x00	; 0
     1f4:	b1 e0       	ldi	r27, 0x01	; 1
     1f6:	e0 e9       	ldi	r30, 0x90	; 144
     1f8:	f6 e1       	ldi	r31, 0x16	; 22
     1fa:	02 c0       	rjmp	.+4      	; 0x200 <__do_copy_data+0x10>
     1fc:	05 90       	lpm	r0, Z+
     1fe:	0d 92       	st	X+, r0
     200:	a6 35       	cpi	r26, 0x56	; 86
     202:	b1 07       	cpc	r27, r17
     204:	d9 f7       	brne	.-10     	; 0x1fc <__do_copy_data+0xc>

00000206 <__do_clear_bss>:
     206:	21 e0       	ldi	r18, 0x01	; 1
     208:	a6 e5       	ldi	r26, 0x56	; 86
     20a:	b1 e0       	ldi	r27, 0x01	; 1
     20c:	01 c0       	rjmp	.+2      	; 0x210 <.do_clear_bss_start>

0000020e <.do_clear_bss_loop>:
     20e:	1d 92       	st	X+, r1

00000210 <.do_clear_bss_start>:
     210:	a8 38       	cpi	r26, 0x88	; 136
     212:	b2 07       	cpc	r27, r18
     214:	e1 f7       	brne	.-8      	; 0x20e <.do_clear_bss_loop>
     216:	0e 94 c3 04 	call	0x986	; 0x986 <main>
     21a:	0c 94 46 0b 	jmp	0x168c	; 0x168c <_exit>

0000021e <__bad_interrupt>:
     21e:	0c 94 00 00 	jmp	0	; 0x0 <__vectors>

00000222 <_Z10USART_Initj>:

char get_char()
{
	while (!(UCSR0A & (1 << RXC0)));
	return UDR0;
}
     222:	90 93 c5 00 	sts	0x00C5, r25	; 0x8000c5 <__TEXT_REGION_LENGTH__+0x7f80c5>
     226:	80 93 c4 00 	sts	0x00C4, r24	; 0x8000c4 <__TEXT_REGION_LENGTH__+0x7f80c4>
     22a:	88 e1       	ldi	r24, 0x18	; 24
     22c:	80 93 c1 00 	sts	0x00C1, r24	; 0x8000c1 <__TEXT_REGION_LENGTH__+0x7f80c1>
     230:	8e e0       	ldi	r24, 0x0E	; 14
     232:	80 93 c2 00 	sts	0x00C2, r24	; 0x8000c2 <__TEXT_REGION_LENGTH__+0x7f80c2>
     236:	08 95       	ret

00000238 <_Z9send_charc>:
     238:	90 91 c0 00 	lds	r25, 0x00C0	; 0x8000c0 <__TEXT_REGION_LENGTH__+0x7f80c0>
     23c:	95 ff       	sbrs	r25, 5
     23e:	fc cf       	rjmp	.-8      	; 0x238 <_Z9send_charc>
     240:	80 93 c6 00 	sts	0x00C6, r24	; 0x8000c6 <__TEXT_REGION_LENGTH__+0x7f80c6>
     244:	08 95       	ret

00000246 <_Z11send_stringPc>:
     246:	cf 93       	push	r28
     248:	df 93       	push	r29
     24a:	ec 01       	movw	r28, r24
     24c:	88 81       	ld	r24, Y
     24e:	88 23       	and	r24, r24
     250:	21 f0       	breq	.+8      	; 0x25a <_Z11send_stringPc+0x14>
     252:	0e 94 1c 01 	call	0x238	; 0x238 <_Z9send_charc>
     256:	21 96       	adiw	r28, 0x01	; 1
     258:	f9 cf       	rjmp	.-14     	; 0x24c <_Z11send_stringPc+0x6>
     25a:	df 91       	pop	r29
     25c:	cf 91       	pop	r28
     25e:	08 95       	ret

00000260 <__vector_18>:
float Med_temp ();



ISR (USART_RX_vect)
{
     260:	1f 92       	push	r1
     262:	0f 92       	push	r0
     264:	0f b6       	in	r0, 0x3f	; 63
     266:	0f 92       	push	r0
     268:	11 24       	eor	r1, r1
     26a:	0f 93       	push	r16
     26c:	1f 93       	push	r17
     26e:	2f 93       	push	r18
     270:	3f 93       	push	r19
     272:	4f 93       	push	r20
     274:	5f 93       	push	r21
     276:	6f 93       	push	r22
     278:	7f 93       	push	r23
     27a:	8f 93       	push	r24
     27c:	9f 93       	push	r25
     27e:	af 93       	push	r26
     280:	bf 93       	push	r27
     282:	ef 93       	push	r30
     284:	ff 93       	push	r31
	comando=UDR0;
     286:	80 91 c6 00 	lds	r24, 0x00C6	; 0x8000c6 <__TEXT_REGION_LENGTH__+0x7f80c6>
     28a:	80 93 06 01 	sts	0x0106, r24	; 0x800106 <comando>
	if (comando=='I')
     28e:	89 34       	cpi	r24, 0x49	; 73
     290:	09 f0       	breq	.+2      	; 0x294 <__vector_18+0x34>
     292:	48 c0       	rjmp	.+144    	; 0x324 <__vector_18+0xc4>
	{
		if (flag_ok==0)
     294:	80 91 80 01 	lds	r24, 0x0180	; 0x800180 <flag_ok>
     298:	81 11       	cpse	r24, r1
     29a:	28 c0       	rjmp	.+80     	; 0x2ec <__vector_18+0x8c>
		{
			if (flag_nb==2)
     29c:	80 91 87 01 	lds	r24, 0x0187	; 0x800187 <flag_nb>
     2a0:	82 30       	cpi	r24, 0x02	; 2
     2a2:	41 f4       	brne	.+16     	; 0x2b4 <__vector_18+0x54>
			{
				send_string("calibrando...");
     2a4:	87 e0       	ldi	r24, 0x07	; 7
     2a6:	91 e0       	ldi	r25, 0x01	; 1
     2a8:	0e 94 23 01 	call	0x246	; 0x246 <_Z11send_stringPc>
				send_char('\n');
     2ac:	8a e0       	ldi	r24, 0x0A	; 10
     2ae:	0e 94 1c 01 	call	0x238	; 0x238 <_Z9send_charc>
     2b2:	62 c0       	rjmp	.+196    	; 0x378 <__vector_18+0x118>
			}
			else if (flag_nb==3)
     2b4:	83 30       	cpi	r24, 0x03	; 3
     2b6:	41 f4       	brne	.+16     	; 0x2c8 <__vector_18+0x68>
			{
				send_string("midiendo...");
     2b8:	85 e1       	ldi	r24, 0x15	; 21
     2ba:	91 e0       	ldi	r25, 0x01	; 1
     2bc:	0e 94 23 01 	call	0x246	; 0x246 <_Z11send_stringPc>
				send_char('\n');
     2c0:	8a e0       	ldi	r24, 0x0A	; 10
     2c2:	0e 94 1c 01 	call	0x238	; 0x238 <_Z9send_charc>
     2c6:	58 c0       	rjmp	.+176    	; 0x378 <__vector_18+0x118>
			}
			else if (flag_nb==5)
     2c8:	85 30       	cpi	r24, 0x05	; 5
     2ca:	41 f4       	brne	.+16     	; 0x2dc <__vector_18+0x7c>
			{
				//send_string("wtd");
				send_string("error sonda");
     2cc:	81 e2       	ldi	r24, 0x21	; 33
     2ce:	91 e0       	ldi	r25, 0x01	; 1
     2d0:	0e 94 23 01 	call	0x246	; 0x246 <_Z11send_stringPc>
				send_char('\n');
     2d4:	8a e0       	ldi	r24, 0x0A	; 10
     2d6:	0e 94 1c 01 	call	0x238	; 0x238 <_Z9send_charc>
     2da:	4e c0       	rjmp	.+156    	; 0x378 <__vector_18+0x118>
			}
			else
			{
				send_string("error sonda");
     2dc:	81 e2       	ldi	r24, 0x21	; 33
     2de:	91 e0       	ldi	r25, 0x01	; 1
     2e0:	0e 94 23 01 	call	0x246	; 0x246 <_Z11send_stringPc>
				send_char('\n');
     2e4:	8a e0       	ldi	r24, 0x0A	; 10
     2e6:	0e 94 1c 01 	call	0x238	; 0x238 <_Z9send_charc>
     2ea:	46 c0       	rjmp	.+140    	; 0x378 <__vector_18+0x118>
			}
			
		}
		else
		{
			flag_modo=1;
     2ec:	81 e0       	ldi	r24, 0x01	; 1
     2ee:	80 93 82 01 	sts	0x0182, r24	; 0x800182 <flag_modo>
			dtostrf(temp,4,3,valor_C);
     2f2:	60 91 74 01 	lds	r22, 0x0174	; 0x800174 <temp>
     2f6:	70 91 75 01 	lds	r23, 0x0175	; 0x800175 <temp+0x1>
     2fa:	80 91 76 01 	lds	r24, 0x0176	; 0x800176 <temp+0x2>
     2fe:	90 91 77 01 	lds	r25, 0x0177	; 0x800177 <temp+0x3>
     302:	06 e5       	ldi	r16, 0x56	; 86
     304:	11 e0       	ldi	r17, 0x01	; 1
     306:	23 e0       	ldi	r18, 0x03	; 3
     308:	44 e0       	ldi	r20, 0x04	; 4
     30a:	0e 94 bd 08 	call	0x117a	; 0x117a <dtostrf>
			send_string(valor_C);
     30e:	c8 01       	movw	r24, r16
     310:	0e 94 23 01 	call	0x246	; 0x246 <_Z11send_stringPc>
			send_string("°C");
     314:	8d e2       	ldi	r24, 0x2D	; 45
     316:	91 e0       	ldi	r25, 0x01	; 1
     318:	0e 94 23 01 	call	0x246	; 0x246 <_Z11send_stringPc>
			send_char('\n');
     31c:	8a e0       	ldi	r24, 0x0A	; 10
     31e:	0e 94 1c 01 	call	0x238	; 0x238 <_Z9send_charc>
     322:	2a c0       	rjmp	.+84     	; 0x378 <__vector_18+0x118>
			
		}
		
	} 
	else if (comando=='D')
     324:	84 34       	cpi	r24, 0x44	; 68
     326:	19 f4       	brne	.+6      	; 0x32e <__vector_18+0xce>
	{
		flag_modo=0;
     328:	10 92 82 01 	sts	0x0182, r1	; 0x800182 <flag_modo>
     32c:	25 c0       	rjmp	.+74     	; 0x378 <__vector_18+0x118>
	}
	else if (comando=='P')
     32e:	80 35       	cpi	r24, 0x50	; 80
     330:	41 f4       	brne	.+16     	; 0x342 <__vector_18+0xe2>
	{
		send_string("P");
     332:	80 e3       	ldi	r24, 0x30	; 48
     334:	91 e0       	ldi	r25, 0x01	; 1
     336:	0e 94 23 01 	call	0x246	; 0x246 <_Z11send_stringPc>
		send_char('\n');
     33a:	8a e0       	ldi	r24, 0x0A	; 10
     33c:	0e 94 1c 01 	call	0x238	; 0x238 <_Z9send_charc>
     340:	1b c0       	rjmp	.+54     	; 0x378 <__vector_18+0x118>
	}
	else if (comando=='C')
     342:	83 34       	cpi	r24, 0x43	; 67
     344:	81 f4       	brne	.+32     	; 0x366 <__vector_18+0x106>
	{
		if (flag_ok==0)
     346:	80 91 80 01 	lds	r24, 0x0180	; 0x800180 <flag_ok>
     34a:	81 11       	cpse	r24, r1
     34c:	08 c0       	rjmp	.+16     	; 0x35e <__vector_18+0xfe>
		{
			send_string("error sonda");
     34e:	81 e2       	ldi	r24, 0x21	; 33
     350:	91 e0       	ldi	r25, 0x01	; 1
     352:	0e 94 23 01 	call	0x246	; 0x246 <_Z11send_stringPc>
			send_char('\n');
     356:	8a e0       	ldi	r24, 0x0A	; 10
     358:	0e 94 1c 01 	call	0x238	; 0x238 <_Z9send_charc>
     35c:	0d c0       	rjmp	.+26     	; 0x378 <__vector_18+0x118>
		}
		else
		{
			flag_modo=2;
     35e:	82 e0       	ldi	r24, 0x02	; 2
     360:	80 93 82 01 	sts	0x0182, r24	; 0x800182 <flag_modo>
     364:	09 c0       	rjmp	.+18     	; 0x378 <__vector_18+0x118>
		/*  faltaria ver si es posible realizar un llamado de funcion para 
		poder calibrar le medicion de resistencia con base a los datos conocidos
		                                                                     */
		/************************************************************************/
	}
	else if (comando=='F')
     366:	86 34       	cpi	r24, 0x46	; 70
     368:	39 f4       	brne	.+14     	; 0x378 <__vector_18+0x118>
	{
		send_string("F:Temp,2.0");
     36a:	82 e3       	ldi	r24, 0x32	; 50
     36c:	91 e0       	ldi	r25, 0x01	; 1
     36e:	0e 94 23 01 	call	0x246	; 0x246 <_Z11send_stringPc>
		send_char('\n');
     372:	8a e0       	ldi	r24, 0x0A	; 10
     374:	0e 94 1c 01 	call	0x238	; 0x238 <_Z9send_charc>
	}
}
     378:	ff 91       	pop	r31
     37a:	ef 91       	pop	r30
     37c:	bf 91       	pop	r27
     37e:	af 91       	pop	r26
     380:	9f 91       	pop	r25
     382:	8f 91       	pop	r24
     384:	7f 91       	pop	r23
     386:	6f 91       	pop	r22
     388:	5f 91       	pop	r21
     38a:	4f 91       	pop	r20
     38c:	3f 91       	pop	r19
     38e:	2f 91       	pop	r18
     390:	1f 91       	pop	r17
     392:	0f 91       	pop	r16
     394:	0f 90       	pop	r0
     396:	0f be       	out	0x3f, r0	; 63
     398:	0f 90       	pop	r0
     39a:	1f 90       	pop	r1
     39c:	18 95       	reti

0000039e <__vector_10>:

ISR (TIMER1_CAPT_vect)
{
     39e:	1f 92       	push	r1
     3a0:	0f 92       	push	r0
     3a2:	0f b6       	in	r0, 0x3f	; 63
     3a4:	0f 92       	push	r0
     3a6:	11 24       	eor	r1, r1
     3a8:	2f 93       	push	r18
     3aa:	3f 93       	push	r19
     3ac:	8f 93       	push	r24
     3ae:	9f 93       	push	r25
     3b0:	ef 93       	push	r30
     3b2:	ff 93       	push	r31
	//PORTD^=(1<<PORTD4);
	//send_string("interrupcion");
	cli();
     3b4:	f8 94       	cli
	v_timer_cp_L=ICR1L;
     3b6:	20 91 86 00 	lds	r18, 0x0086	; 0x800086 <__TEXT_REGION_LENGTH__+0x7f8086>
     3ba:	20 93 85 01 	sts	0x0185, r18	; 0x800185 <v_timer_cp_L>
	v_timer_cp_H=ICR1H;
     3be:	80 91 87 00 	lds	r24, 0x0087	; 0x800087 <__TEXT_REGION_LENGTH__+0x7f8087>
     3c2:	80 93 86 01 	sts	0x0186, r24	; 0x800186 <v_timer_cp_H>
	if (flag_triger==0)
     3c6:	90 91 84 01 	lds	r25, 0x0184	; 0x800184 <flag_triger>
     3ca:	91 11       	cpse	r25, r1
     3cc:	11 c0       	rjmp	.+34     	; 0x3f0 <__vector_10+0x52>
	{
		v_timer_cp_0=((v_timer_cp_H<<8)|(v_timer_cp_L));
     3ce:	90 e0       	ldi	r25, 0x00	; 0
     3d0:	98 2f       	mov	r25, r24
     3d2:	88 27       	eor	r24, r24
     3d4:	82 2b       	or	r24, r18
     3d6:	90 93 7f 01 	sts	0x017F, r25	; 0x80017f <v_timer_cp_0+0x1>
     3da:	80 93 7e 01 	sts	0x017E, r24	; 0x80017e <v_timer_cp_0>
		TCCR1B|= (1<<ICES1);
     3de:	e1 e8       	ldi	r30, 0x81	; 129
     3e0:	f0 e0       	ldi	r31, 0x00	; 0
     3e2:	80 81       	ld	r24, Z
     3e4:	80 64       	ori	r24, 0x40	; 64
     3e6:	80 83       	st	Z, r24
		flag_triger=1;
     3e8:	81 e0       	ldi	r24, 0x01	; 1
     3ea:	80 93 84 01 	sts	0x0184, r24	; 0x800184 <flag_triger>
     3ee:	1f c0       	rjmp	.+62     	; 0x42e <__EEPROM_REGION_LENGTH__+0x2e>
		//send_string(": 1");
	} 
	else if (flag_triger==1)
     3f0:	91 30       	cpi	r25, 0x01	; 1
     3f2:	e9 f4       	brne	.+58     	; 0x42e <__EEPROM_REGION_LENGTH__+0x2e>
	{
		v_timer_cp_1=((v_timer_cp_H<<8)|(v_timer_cp_L));
     3f4:	90 e0       	ldi	r25, 0x00	; 0
     3f6:	98 2f       	mov	r25, r24
     3f8:	88 27       	eor	r24, r24
     3fa:	82 2b       	or	r24, r18
     3fc:	90 93 7d 01 	sts	0x017D, r25	; 0x80017d <v_timer_cp_1+0x1>
     400:	80 93 7c 01 	sts	0x017C, r24	; 0x80017c <v_timer_cp_1>
		v_timer_cp_T=v_timer_cp_1-v_timer_cp_0;
     404:	20 91 7e 01 	lds	r18, 0x017E	; 0x80017e <v_timer_cp_0>
     408:	30 91 7f 01 	lds	r19, 0x017F	; 0x80017f <v_timer_cp_0+0x1>
     40c:	82 1b       	sub	r24, r18
     40e:	93 0b       	sbc	r25, r19
     410:	90 93 7b 01 	sts	0x017B, r25	; 0x80017b <v_timer_cp_T+0x1>
     414:	80 93 7a 01 	sts	0x017A, r24	; 0x80017a <v_timer_cp_T>
		TCCR1B&=~(1<<ICES1);
     418:	e1 e8       	ldi	r30, 0x81	; 129
     41a:	f0 e0       	ldi	r31, 0x00	; 0
     41c:	80 81       	ld	r24, Z
     41e:	8f 7b       	andi	r24, 0xBF	; 191
     420:	80 83       	st	Z, r24
		flag_triger=2;
     422:	82 e0       	ldi	r24, 0x02	; 2
     424:	80 93 84 01 	sts	0x0184, r24	; 0x800184 <flag_triger>
		PORTC|=(1<<PORTC4);
     428:	88 b1       	in	r24, 0x08	; 8
     42a:	80 61       	ori	r24, 0x10	; 16
     42c:	88 b9       	out	0x08, r24	; 8
		//send_string(": 2");
	}
	//send_char('\n');
	sei();
     42e:	78 94       	sei
}
     430:	ff 91       	pop	r31
     432:	ef 91       	pop	r30
     434:	9f 91       	pop	r25
     436:	8f 91       	pop	r24
     438:	3f 91       	pop	r19
     43a:	2f 91       	pop	r18
     43c:	0f 90       	pop	r0
     43e:	0f be       	out	0x3f, r0	; 63
     440:	0f 90       	pop	r0
     442:	1f 90       	pop	r1
     444:	18 95       	reti

00000446 <__vector_6>:

ISR (WDT_vect)
{
     446:	1f 92       	push	r1
     448:	0f 92       	push	r0
     44a:	0f b6       	in	r0, 0x3f	; 63
     44c:	0f 92       	push	r0
     44e:	11 24       	eor	r1, r1
     450:	8f 93       	push	r24
	wdt_reset();
     452:	a8 95       	wdr
	flag_ok=0;
     454:	10 92 80 01 	sts	0x0180, r1	; 0x800180 <flag_ok>
	flag_nb=5;
     458:	85 e0       	ldi	r24, 0x05	; 5
     45a:	80 93 87 01 	sts	0x0187, r24	; 0x800187 <flag_nb>
	//send_string("Reset");// se comento porque genera error al conectar todas las interfaces 
	//send_char('\n');
}
     45e:	8f 91       	pop	r24
     460:	0f 90       	pop	r0
     462:	0f be       	out	0x3f, r0	; 63
     464:	0f 90       	pop	r0
     466:	1f 90       	pop	r1
     468:	18 95       	reti

0000046a <_Z8calc_PWMh>:


uint16_t calc_PWM (uint8_t canal)
{
	uint16_t PWM=0;
	wdt_reset();
     46a:	a8 95       	wdr
	PORTC|=(1<<PORTC4);
     46c:	98 b1       	in	r25, 0x08	; 8
     46e:	90 61       	ori	r25, 0x10	; 16
     470:	98 b9       	out	0x08, r25	; 8
	#else
		//round up by default
		__ticks_dc = (uint32_t)(ceil(fabs(__tmp)));
	#endif

	__builtin_avr_delay_cycles(__ticks_dc);
     472:	ef ef       	ldi	r30, 0xFF	; 255
     474:	ff e8       	ldi	r31, 0x8F	; 143
     476:	31 97       	sbiw	r30, 0x01	; 1
     478:	f1 f7       	brne	.-4      	; 0x476 <_Z8calc_PWMh+0xc>
     47a:	00 c0       	rjmp	.+0      	; 0x47c <_Z8calc_PWMh+0x12>
     47c:	00 00       	nop
	_delay_ms(10);
	/************************************************************************/
	/* falta activar todos los canales para descargar capasitor y activar el 555
	luego seleccionamos el canal correspondiente y leemos el ancho de pulso */
	/************************************************************************/
	flag_dato=0;
     47e:	10 92 83 01 	sts	0x0183, r1	; 0x800183 <flag_dato>
	if (canal==0)
     482:	81 11       	cpse	r24, r1
     484:	13 c0       	rjmp	.+38     	; 0x4ac <_Z8calc_PWMh+0x42>
	{
		PORTD&=~(1<<PORTD3);
     486:	8b b1       	in	r24, 0x0b	; 11
     488:	87 7f       	andi	r24, 0xF7	; 247
     48a:	8b b9       	out	0x0b, r24	; 11
		PORTD&=~(1<<PORTD4);
     48c:	8b b1       	in	r24, 0x0b	; 11
     48e:	8f 7e       	andi	r24, 0xEF	; 239
     490:	8b b9       	out	0x0b, r24	; 11
		PORTC&=~(1<<PORTC2);//PORTC0
     492:	88 b1       	in	r24, 0x08	; 8
     494:	8b 7f       	andi	r24, 0xFB	; 251
     496:	88 b9       	out	0x08, r24	; 8
		PORTB&=~(1<<PORTB1);
     498:	85 b1       	in	r24, 0x05	; 5
     49a:	8d 7f       	andi	r24, 0xFD	; 253
     49c:	85 b9       	out	0x05, r24	; 5
		PORTB|=(1<<PORTB2);
     49e:	85 b1       	in	r24, 0x05	; 5
     4a0:	84 60       	ori	r24, 0x04	; 4
     4a2:	85 b9       	out	0x05, r24	; 5
		PORTC&=~(1<<PORTC4);
     4a4:	88 b1       	in	r24, 0x08	; 8
     4a6:	8f 7e       	andi	r24, 0xEF	; 239
     4a8:	88 b9       	out	0x08, r24	; 8
     4aa:	5a c0       	rjmp	.+180    	; 0x560 <_Z8calc_PWMh+0xf6>
	} 
	else if (canal==1)
     4ac:	81 30       	cpi	r24, 0x01	; 1
     4ae:	99 f4       	brne	.+38     	; 0x4d6 <_Z8calc_PWMh+0x6c>
	{
		PORTD|=(1<<PORTD3);
     4b0:	8b b1       	in	r24, 0x0b	; 11
     4b2:	88 60       	ori	r24, 0x08	; 8
     4b4:	8b b9       	out	0x0b, r24	; 11
		PORTD&=~(1<<PORTD4);
     4b6:	8b b1       	in	r24, 0x0b	; 11
     4b8:	8f 7e       	andi	r24, 0xEF	; 239
     4ba:	8b b9       	out	0x0b, r24	; 11
		PORTC&=~(1<<PORTC2);
     4bc:	88 b1       	in	r24, 0x08	; 8
     4be:	8b 7f       	andi	r24, 0xFB	; 251
     4c0:	88 b9       	out	0x08, r24	; 8
		PORTB&=~(1<<PORTB2);
     4c2:	85 b1       	in	r24, 0x05	; 5
     4c4:	8b 7f       	andi	r24, 0xFB	; 251
     4c6:	85 b9       	out	0x05, r24	; 5
		PORTB|=(1<<PORTB1);
     4c8:	85 b1       	in	r24, 0x05	; 5
     4ca:	82 60       	ori	r24, 0x02	; 2
     4cc:	85 b9       	out	0x05, r24	; 5
		PORTC&=~(1<<PORTC4);
     4ce:	88 b1       	in	r24, 0x08	; 8
     4d0:	8f 7e       	andi	r24, 0xEF	; 239
     4d2:	88 b9       	out	0x08, r24	; 8
     4d4:	45 c0       	rjmp	.+138    	; 0x560 <_Z8calc_PWMh+0xf6>
	}
	else if (canal==2)
     4d6:	82 30       	cpi	r24, 0x02	; 2
     4d8:	99 f4       	brne	.+38     	; 0x500 <_Z8calc_PWMh+0x96>
	{
		PORTD|=(1<<PORTD4);
     4da:	8b b1       	in	r24, 0x0b	; 11
     4dc:	80 61       	ori	r24, 0x10	; 16
     4de:	8b b9       	out	0x0b, r24	; 11
		PORTD&=~(1<<PORTD3);
     4e0:	8b b1       	in	r24, 0x0b	; 11
     4e2:	87 7f       	andi	r24, 0xF7	; 247
     4e4:	8b b9       	out	0x0b, r24	; 11
		PORTB&=~(1<<PORTB2);
     4e6:	85 b1       	in	r24, 0x05	; 5
     4e8:	8b 7f       	andi	r24, 0xFB	; 251
     4ea:	85 b9       	out	0x05, r24	; 5
		PORTB&=~(1<<PORTB1);
     4ec:	85 b1       	in	r24, 0x05	; 5
     4ee:	8d 7f       	andi	r24, 0xFD	; 253
     4f0:	85 b9       	out	0x05, r24	; 5
		PORTC|=(1<<PORTC2);
     4f2:	88 b1       	in	r24, 0x08	; 8
     4f4:	84 60       	ori	r24, 0x04	; 4
     4f6:	88 b9       	out	0x08, r24	; 8
		PORTC&=~(1<<PORTC4);
     4f8:	88 b1       	in	r24, 0x08	; 8
     4fa:	8f 7e       	andi	r24, 0xEF	; 239
     4fc:	88 b9       	out	0x08, r24	; 8
     4fe:	30 c0       	rjmp	.+96     	; 0x560 <_Z8calc_PWMh+0xf6>
	} 
	else if (canal==3)
     500:	83 30       	cpi	r24, 0x03	; 3
     502:	b1 f4       	brne	.+44     	; 0x530 <_Z8calc_PWMh+0xc6>
	{
		PORTD|=(1<<PORTD3);
     504:	8b b1       	in	r24, 0x0b	; 11
     506:	88 60       	ori	r24, 0x08	; 8
     508:	8b b9       	out	0x0b, r24	; 11
		PORTD|=(1<<PORTD4);
     50a:	8b b1       	in	r24, 0x0b	; 11
     50c:	80 61       	ori	r24, 0x10	; 16
     50e:	8b b9       	out	0x0b, r24	; 11
		PORTB&=~(1<<PORTB2);
     510:	85 b1       	in	r24, 0x05	; 5
     512:	8b 7f       	andi	r24, 0xFB	; 251
     514:	85 b9       	out	0x05, r24	; 5
		PORTB&=~(1<<PORTB1);
     516:	85 b1       	in	r24, 0x05	; 5
     518:	8d 7f       	andi	r24, 0xFD	; 253
     51a:	85 b9       	out	0x05, r24	; 5
		PORTC&=~(1<<PORTC2);
     51c:	88 b1       	in	r24, 0x08	; 8
     51e:	8b 7f       	andi	r24, 0xFB	; 251
     520:	88 b9       	out	0x08, r24	; 8
		PORTC&=~(1<<PORTC4); // en espera por recomendacion //
     522:	88 b1       	in	r24, 0x08	; 8
     524:	8f 7e       	andi	r24, 0xEF	; 239
     526:	88 b9       	out	0x08, r24	; 8
		flag_dato=1;
     528:	81 e0       	ldi	r24, 0x01	; 1
     52a:	80 93 83 01 	sts	0x0183, r24	; 0x800183 <flag_dato>
     52e:	18 c0       	rjmp	.+48     	; 0x560 <_Z8calc_PWMh+0xf6>
		PWM=0;
	}
	else if (canal==4)
     530:	84 30       	cpi	r24, 0x04	; 4
     532:	99 f4       	brne	.+38     	; 0x55a <_Z8calc_PWMh+0xf0>
	{
		PORTD|=(1<<PORTD3);
     534:	8b b1       	in	r24, 0x0b	; 11
     536:	88 60       	ori	r24, 0x08	; 8
     538:	8b b9       	out	0x0b, r24	; 11
		PORTD|=(1<<PORTD4);
     53a:	8b b1       	in	r24, 0x0b	; 11
     53c:	80 61       	ori	r24, 0x10	; 16
     53e:	8b b9       	out	0x0b, r24	; 11
		PORTB|=(1<<PORTB2);
     540:	85 b1       	in	r24, 0x05	; 5
     542:	84 60       	ori	r24, 0x04	; 4
     544:	85 b9       	out	0x05, r24	; 5
		PORTB|=(1<<PORTB1);
     546:	85 b1       	in	r24, 0x05	; 5
     548:	82 60       	ori	r24, 0x02	; 2
     54a:	85 b9       	out	0x05, r24	; 5
		PORTC|=(1<<PORTC2);
     54c:	88 b1       	in	r24, 0x08	; 8
     54e:	84 60       	ori	r24, 0x04	; 4
     550:	88 b9       	out	0x08, r24	; 8
		PORTC&=~(1<<PORTC4); // en espera por recomendacion //
     552:	88 b1       	in	r24, 0x08	; 8
     554:	8f 7e       	andi	r24, 0xEF	; 239
     556:	88 b9       	out	0x08, r24	; 8
     558:	03 c0       	rjmp	.+6      	; 0x560 <_Z8calc_PWMh+0xf6>
	}
	else
	{
		flag_dato=1;
     55a:	81 e0       	ldi	r24, 0x01	; 1
     55c:	80 93 83 01 	sts	0x0183, r24	; 0x800183 <flag_dato>
	}
	flag_triger=0;
     560:	10 92 84 01 	sts	0x0184, r1	; 0x800184 <flag_triger>
     564:	20 e0       	ldi	r18, 0x00	; 0
     566:	30 e0       	ldi	r19, 0x00	; 0
	while(flag_dato==0)
     568:	90 91 83 01 	lds	r25, 0x0183	; 0x800183 <flag_dato>
     56c:	91 11       	cpse	r25, r1
     56e:	11 c0       	rjmp	.+34     	; 0x592 <_Z8calc_PWMh+0x128>
	{
		//send_string("espera de interrupcion");
		if (flag_triger==2)
     570:	90 91 84 01 	lds	r25, 0x0184	; 0x800184 <flag_triger>
     574:	92 30       	cpi	r25, 0x02	; 2
     576:	c1 f7       	brne	.-16     	; 0x568 <_Z8calc_PWMh+0xfe>
	#else
		//round up by default
		__ticks_dc = (uint32_t)(ceil(fabs(__tmp)));
	#endif

	__builtin_avr_delay_cycles(__ticks_dc);
     578:	86 e6       	ldi	r24, 0x66	; 102
     57a:	9e e0       	ldi	r25, 0x0E	; 14
     57c:	01 97       	sbiw	r24, 0x01	; 1
     57e:	f1 f7       	brne	.-4      	; 0x57c <_Z8calc_PWMh+0x112>
     580:	00 00       	nop
		{
			_delay_us(1000);
			PWM=v_timer_cp_T;
     582:	20 91 7a 01 	lds	r18, 0x017A	; 0x80017a <v_timer_cp_T>
     586:	30 91 7b 01 	lds	r19, 0x017B	; 0x80017b <v_timer_cp_T+0x1>
			flag_dato=1;	
     58a:	81 e0       	ldi	r24, 0x01	; 1
     58c:	80 93 83 01 	sts	0x0183, r24	; 0x800183 <flag_dato>
     590:	eb cf       	rjmp	.-42     	; 0x568 <_Z8calc_PWMh+0xfe>
		}
	}
	return PWM;
}
     592:	c9 01       	movw	r24, r18
     594:	08 95       	ret

00000596 <_Z8Cal_tempv>:

float Cal_temp()
{
     596:	cf 93       	push	r28
     598:	df 93       	push	r29
	int lim_cnt=50, cont_pulsos=0;
	_tep1=0;
     59a:	10 92 6c 01 	sts	0x016C, r1	; 0x80016c <_tep1>
     59e:	10 92 6d 01 	sts	0x016D, r1	; 0x80016d <_tep1+0x1>
     5a2:	10 92 6e 01 	sts	0x016E, r1	; 0x80016e <_tep1+0x2>
     5a6:	10 92 6f 01 	sts	0x016F, r1	; 0x80016f <_tep1+0x3>
	calc_PWM(3);
     5aa:	83 e0       	ldi	r24, 0x03	; 3
     5ac:	0e 94 35 02 	call	0x46a	; 0x46a <_Z8calc_PWMh>
	#else
		//round up by default
		__ticks_dc = (uint32_t)(ceil(fabs(__tmp)));
	#endif

	__builtin_avr_delay_cycles(__ticks_dc);
     5b0:	8f ef       	ldi	r24, 0xFF	; 255
     5b2:	9f e8       	ldi	r25, 0x8F	; 143
     5b4:	01 97       	sbiw	r24, 0x01	; 1
     5b6:	f1 f7       	brne	.-4      	; 0x5b4 <_Z8Cal_tempv+0x1e>
     5b8:	00 c0       	rjmp	.+0      	; 0x5ba <_Z8Cal_tempv+0x24>
     5ba:	00 00       	nop
	return PWM;
}

float Cal_temp()
{
	int lim_cnt=50, cont_pulsos=0;
     5bc:	c0 e0       	ldi	r28, 0x00	; 0
     5be:	d0 e0       	ldi	r29, 0x00	; 0
	_tep1=0;
	calc_PWM(3);
	_delay_ms(10);
		while(cont_pulsos<lim_cnt)
     5c0:	c2 33       	cpi	r28, 0x32	; 50
     5c2:	d1 05       	cpc	r29, r1
     5c4:	4c f5       	brge	.+82     	; 0x618 <_Z8Cal_tempv+0x82>
		{
			HI_PWM=	calc_PWM(0);
     5c6:	80 e0       	ldi	r24, 0x00	; 0
     5c8:	0e 94 35 02 	call	0x46a	; 0x46a <_Z8calc_PWMh>
     5cc:	90 93 79 01 	sts	0x0179, r25	; 0x800179 <HI_PWM+0x1>
     5d0:	80 93 78 01 	sts	0x0178, r24	; 0x800178 <HI_PWM>
			_tep1=(float)HI_PWM+_tep1;
     5d4:	bc 01       	movw	r22, r24
     5d6:	80 e0       	ldi	r24, 0x00	; 0
     5d8:	90 e0       	ldi	r25, 0x00	; 0
     5da:	0e 94 3d 06 	call	0xc7a	; 0xc7a <__floatunsisf>
     5de:	20 91 6c 01 	lds	r18, 0x016C	; 0x80016c <_tep1>
     5e2:	30 91 6d 01 	lds	r19, 0x016D	; 0x80016d <_tep1+0x1>
     5e6:	40 91 6e 01 	lds	r20, 0x016E	; 0x80016e <_tep1+0x2>
     5ea:	50 91 6f 01 	lds	r21, 0x016F	; 0x80016f <_tep1+0x3>
     5ee:	0e 94 5f 05 	call	0xabe	; 0xabe <__addsf3>
     5f2:	60 93 6c 01 	sts	0x016C, r22	; 0x80016c <_tep1>
     5f6:	70 93 6d 01 	sts	0x016D, r23	; 0x80016d <_tep1+0x1>
     5fa:	80 93 6e 01 	sts	0x016E, r24	; 0x80016e <_tep1+0x2>
     5fe:	90 93 6f 01 	sts	0x016F, r25	; 0x80016f <_tep1+0x3>
			cont_pulsos++;
     602:	21 96       	adiw	r28, 0x01	; 1
			calc_PWM(4);
     604:	84 e0       	ldi	r24, 0x04	; 4
     606:	0e 94 35 02 	call	0x46a	; 0x46a <_Z8calc_PWMh>
			calc_PWM(3);
     60a:	83 e0       	ldi	r24, 0x03	; 3
     60c:	0e 94 35 02 	call	0x46a	; 0x46a <_Z8calc_PWMh>
				flag_nb=2;
     610:	82 e0       	ldi	r24, 0x02	; 2
     612:	80 93 87 01 	sts	0x0187, r24	; 0x800187 <flag_nb>
{
	int lim_cnt=50, cont_pulsos=0;
	_tep1=0;
	calc_PWM(3);
	_delay_ms(10);
		while(cont_pulsos<lim_cnt)
     616:	d4 cf       	rjmp	.-88     	; 0x5c0 <_Z8Cal_tempv+0x2a>
			cont_pulsos++;
			calc_PWM(4);
			calc_PWM(3);
				flag_nb=2;
		}
	_tep1=_tep1/(float)lim_cnt;
     618:	20 e0       	ldi	r18, 0x00	; 0
     61a:	30 e0       	ldi	r19, 0x00	; 0
     61c:	48 e4       	ldi	r20, 0x48	; 72
     61e:	52 e4       	ldi	r21, 0x42	; 66
     620:	60 91 6c 01 	lds	r22, 0x016C	; 0x80016c <_tep1>
     624:	70 91 6d 01 	lds	r23, 0x016D	; 0x80016d <_tep1+0x1>
     628:	80 91 6e 01 	lds	r24, 0x016E	; 0x80016e <_tep1+0x2>
     62c:	90 91 6f 01 	lds	r25, 0x016F	; 0x80016f <_tep1+0x3>
     630:	0e 94 cb 05 	call	0xb96	; 0xb96 <__divsf3>
     634:	60 93 6c 01 	sts	0x016C, r22	; 0x80016c <_tep1>
     638:	70 93 6d 01 	sts	0x016D, r23	; 0x80016d <_tep1+0x1>
     63c:	80 93 6e 01 	sts	0x016E, r24	; 0x80016e <_tep1+0x2>
     640:	90 93 6f 01 	sts	0x016F, r25	; 0x80016f <_tep1+0x3>

	cont_pulsos=0;
	_tep0=0;
     644:	10 92 70 01 	sts	0x0170, r1	; 0x800170 <_tep0>
     648:	10 92 71 01 	sts	0x0171, r1	; 0x800171 <_tep0+0x1>
     64c:	10 92 72 01 	sts	0x0172, r1	; 0x800172 <_tep0+0x2>
     650:	10 92 73 01 	sts	0x0173, r1	; 0x800173 <_tep0+0x3>
     654:	8f ef       	ldi	r24, 0xFF	; 255
     656:	9f e8       	ldi	r25, 0x8F	; 143
     658:	01 97       	sbiw	r24, 0x01	; 1
     65a:	f1 f7       	brne	.-4      	; 0x658 <_Z8Cal_tempv+0xc2>
     65c:	00 c0       	rjmp	.+0      	; 0x65e <_Z8Cal_tempv+0xc8>
     65e:	00 00       	nop
			calc_PWM(3);
				flag_nb=2;
		}
	_tep1=_tep1/(float)lim_cnt;

	cont_pulsos=0;
     660:	c0 e0       	ldi	r28, 0x00	; 0
     662:	d0 e0       	ldi	r29, 0x00	; 0
	_tep0=0;
	_delay_ms(10);
		while(cont_pulsos<lim_cnt)
     664:	c2 33       	cpi	r28, 0x32	; 50
     666:	d1 05       	cpc	r29, r1
     668:	34 f5       	brge	.+76     	; 0x6b6 <_Z8Cal_tempv+0x120>
		{
			HI_PWM=calc_PWM(1);
     66a:	81 e0       	ldi	r24, 0x01	; 1
     66c:	0e 94 35 02 	call	0x46a	; 0x46a <_Z8calc_PWMh>
     670:	90 93 79 01 	sts	0x0179, r25	; 0x800179 <HI_PWM+0x1>
     674:	80 93 78 01 	sts	0x0178, r24	; 0x800178 <HI_PWM>
			_tep0=(float)HI_PWM+_tep0;
     678:	bc 01       	movw	r22, r24
     67a:	80 e0       	ldi	r24, 0x00	; 0
     67c:	90 e0       	ldi	r25, 0x00	; 0
     67e:	0e 94 3d 06 	call	0xc7a	; 0xc7a <__floatunsisf>
     682:	20 91 70 01 	lds	r18, 0x0170	; 0x800170 <_tep0>
     686:	30 91 71 01 	lds	r19, 0x0171	; 0x800171 <_tep0+0x1>
     68a:	40 91 72 01 	lds	r20, 0x0172	; 0x800172 <_tep0+0x2>
     68e:	50 91 73 01 	lds	r21, 0x0173	; 0x800173 <_tep0+0x3>
     692:	0e 94 5f 05 	call	0xabe	; 0xabe <__addsf3>
     696:	60 93 70 01 	sts	0x0170, r22	; 0x800170 <_tep0>
     69a:	70 93 71 01 	sts	0x0171, r23	; 0x800171 <_tep0+0x1>
     69e:	80 93 72 01 	sts	0x0172, r24	; 0x800172 <_tep0+0x2>
     6a2:	90 93 73 01 	sts	0x0173, r25	; 0x800173 <_tep0+0x3>
			cont_pulsos++;
     6a6:	21 96       	adiw	r28, 0x01	; 1
			calc_PWM(4);
     6a8:	84 e0       	ldi	r24, 0x04	; 4
     6aa:	0e 94 35 02 	call	0x46a	; 0x46a <_Z8calc_PWMh>
			calc_PWM(3);
     6ae:	83 e0       	ldi	r24, 0x03	; 3
     6b0:	0e 94 35 02 	call	0x46a	; 0x46a <_Z8calc_PWMh>
	_tep1=_tep1/(float)lim_cnt;

	cont_pulsos=0;
	_tep0=0;
	_delay_ms(10);
		while(cont_pulsos<lim_cnt)
     6b4:	d7 cf       	rjmp	.-82     	; 0x664 <_Z8Cal_tempv+0xce>
			cont_pulsos++;
			calc_PWM(4);
			calc_PWM(3);
		}
		
	_tep0=_tep0/(float)lim_cnt;
     6b6:	20 e0       	ldi	r18, 0x00	; 0
     6b8:	30 e0       	ldi	r19, 0x00	; 0
     6ba:	48 e4       	ldi	r20, 0x48	; 72
     6bc:	52 e4       	ldi	r21, 0x42	; 66
     6be:	60 91 70 01 	lds	r22, 0x0170	; 0x800170 <_tep0>
     6c2:	70 91 71 01 	lds	r23, 0x0171	; 0x800171 <_tep0+0x1>
     6c6:	80 91 72 01 	lds	r24, 0x0172	; 0x800172 <_tep0+0x2>
     6ca:	90 91 73 01 	lds	r25, 0x0173	; 0x800173 <_tep0+0x3>
     6ce:	0e 94 cb 05 	call	0xb96	; 0xb96 <__divsf3>
     6d2:	60 93 70 01 	sts	0x0170, r22	; 0x800170 <_tep0>
     6d6:	70 93 71 01 	sts	0x0171, r23	; 0x800171 <_tep0+0x1>
     6da:	80 93 72 01 	sts	0x0172, r24	; 0x800172 <_tep0+0x2>
     6de:	90 93 73 01 	sts	0x0173, r25	; 0x800173 <_tep0+0x3>
	res_term=_tep0/_tep1;
     6e2:	20 91 6c 01 	lds	r18, 0x016C	; 0x80016c <_tep1>
     6e6:	30 91 6d 01 	lds	r19, 0x016D	; 0x80016d <_tep1+0x1>
     6ea:	40 91 6e 01 	lds	r20, 0x016E	; 0x80016e <_tep1+0x2>
     6ee:	50 91 6f 01 	lds	r21, 0x016F	; 0x80016f <_tep1+0x3>
     6f2:	0e 94 cb 05 	call	0xb96	; 0xb96 <__divsf3>
	res_term=res_term*Hi_Res;
     6f6:	20 e0       	ldi	r18, 0x00	; 0
     6f8:	38 e4       	ldi	r19, 0x48	; 72
     6fa:	43 e3       	ldi	r20, 0x33	; 51
     6fc:	56 e4       	ldi	r21, 0x46	; 70
     6fe:	0e 94 1b 07 	call	0xe36	; 0xe36 <__mulsf3>
     702:	9b 01       	movw	r18, r22
     704:	ac 01       	movw	r20, r24
     706:	60 93 64 01 	sts	0x0164, r22	; 0x800164 <res_term>
     70a:	70 93 65 01 	sts	0x0165, r23	; 0x800165 <res_term+0x1>
     70e:	80 93 66 01 	sts	0x0166, r24	; 0x800166 <res_term+0x2>
     712:	90 93 67 01 	sts	0x0167, r25	; 0x800167 <res_term+0x3>
	//res_term=_tep0;
	offset_res=Rf_res-res_term+offset_res_sis;
     716:	60 e0       	ldi	r22, 0x00	; 0
     718:	70 e1       	ldi	r23, 0x10	; 16
     71a:	8d e3       	ldi	r24, 0x3D	; 61
     71c:	96 e4       	ldi	r25, 0x46	; 70
     71e:	0e 94 5e 05 	call	0xabc	; 0xabc <__subsf3>
     722:	20 91 00 01 	lds	r18, 0x0100	; 0x800100 <__data_start>
     726:	30 91 01 01 	lds	r19, 0x0101	; 0x800101 <__data_start+0x1>
     72a:	40 91 02 01 	lds	r20, 0x0102	; 0x800102 <__data_start+0x2>
     72e:	50 91 03 01 	lds	r21, 0x0103	; 0x800103 <__data_start+0x3>
     732:	0e 94 5f 05 	call	0xabe	; 0xabe <__addsf3>
     736:	60 93 68 01 	sts	0x0168, r22	; 0x800168 <offset_res>
     73a:	70 93 69 01 	sts	0x0169, r23	; 0x800169 <offset_res+0x1>
     73e:	80 93 6a 01 	sts	0x016A, r24	; 0x80016a <offset_res+0x2>
     742:	90 93 6b 01 	sts	0x016B, r25	; 0x80016b <offset_res+0x3>
     746:	8f ef       	ldi	r24, 0xFF	; 255
     748:	9f e8       	ldi	r25, 0x8F	; 143
     74a:	01 97       	sbiw	r24, 0x01	; 1
     74c:	f1 f7       	brne	.-4      	; 0x74a <_Z8Cal_tempv+0x1b4>
     74e:	00 c0       	rjmp	.+0      	; 0x750 <_Z8Cal_tempv+0x1ba>
     750:	00 00       	nop
	_delay_ms(10);
	
}
     752:	df 91       	pop	r29
     754:	cf 91       	pop	r28
     756:	08 95       	ret

00000758 <_Z8Med_tempv>:

float Med_temp()
{
     758:	8f 92       	push	r8
     75a:	9f 92       	push	r9
     75c:	af 92       	push	r10
     75e:	bf 92       	push	r11
     760:	cf 92       	push	r12
     762:	df 92       	push	r13
     764:	ef 92       	push	r14
     766:	ff 92       	push	r15
     768:	cf 93       	push	r28
     76a:	df 93       	push	r29
	
int lim_cnt=50, cont_pulsos=0;
	_tep1=0;
     76c:	10 92 6c 01 	sts	0x016C, r1	; 0x80016c <_tep1>
     770:	10 92 6d 01 	sts	0x016D, r1	; 0x80016d <_tep1+0x1>
     774:	10 92 6e 01 	sts	0x016E, r1	; 0x80016e <_tep1+0x2>
     778:	10 92 6f 01 	sts	0x016F, r1	; 0x80016f <_tep1+0x3>
	calc_PWM(3);
     77c:	83 e0       	ldi	r24, 0x03	; 3
     77e:	0e 94 35 02 	call	0x46a	; 0x46a <_Z8calc_PWMh>
     782:	8f ef       	ldi	r24, 0xFF	; 255
     784:	9f e8       	ldi	r25, 0x8F	; 143
     786:	01 97       	sbiw	r24, 0x01	; 1
     788:	f1 f7       	brne	.-4      	; 0x786 <_Z8Med_tempv+0x2e>
     78a:	00 c0       	rjmp	.+0      	; 0x78c <_Z8Med_tempv+0x34>
     78c:	00 00       	nop
}

float Med_temp()
{
	
int lim_cnt=50, cont_pulsos=0;
     78e:	c0 e0       	ldi	r28, 0x00	; 0
     790:	d0 e0       	ldi	r29, 0x00	; 0
	_tep1=0;
	calc_PWM(3);
	_delay_ms(10);
	while(cont_pulsos<lim_cnt)
     792:	c2 33       	cpi	r28, 0x32	; 50
     794:	d1 05       	cpc	r29, r1
     796:	4c f5       	brge	.+82     	; 0x7ea <_Z8Med_tempv+0x92>
	{
		HI_PWM=	calc_PWM(0);
     798:	80 e0       	ldi	r24, 0x00	; 0
     79a:	0e 94 35 02 	call	0x46a	; 0x46a <_Z8calc_PWMh>
     79e:	90 93 79 01 	sts	0x0179, r25	; 0x800179 <HI_PWM+0x1>
     7a2:	80 93 78 01 	sts	0x0178, r24	; 0x800178 <HI_PWM>
		_tep1=(float)HI_PWM+_tep1;
     7a6:	bc 01       	movw	r22, r24
     7a8:	80 e0       	ldi	r24, 0x00	; 0
     7aa:	90 e0       	ldi	r25, 0x00	; 0
     7ac:	0e 94 3d 06 	call	0xc7a	; 0xc7a <__floatunsisf>
     7b0:	20 91 6c 01 	lds	r18, 0x016C	; 0x80016c <_tep1>
     7b4:	30 91 6d 01 	lds	r19, 0x016D	; 0x80016d <_tep1+0x1>
     7b8:	40 91 6e 01 	lds	r20, 0x016E	; 0x80016e <_tep1+0x2>
     7bc:	50 91 6f 01 	lds	r21, 0x016F	; 0x80016f <_tep1+0x3>
     7c0:	0e 94 5f 05 	call	0xabe	; 0xabe <__addsf3>
     7c4:	60 93 6c 01 	sts	0x016C, r22	; 0x80016c <_tep1>
     7c8:	70 93 6d 01 	sts	0x016D, r23	; 0x80016d <_tep1+0x1>
     7cc:	80 93 6e 01 	sts	0x016E, r24	; 0x80016e <_tep1+0x2>
     7d0:	90 93 6f 01 	sts	0x016F, r25	; 0x80016f <_tep1+0x3>
		cont_pulsos++;
     7d4:	21 96       	adiw	r28, 0x01	; 1
		calc_PWM(4);
     7d6:	84 e0       	ldi	r24, 0x04	; 4
     7d8:	0e 94 35 02 	call	0x46a	; 0x46a <_Z8calc_PWMh>
		calc_PWM(3);
     7dc:	83 e0       	ldi	r24, 0x03	; 3
     7de:	0e 94 35 02 	call	0x46a	; 0x46a <_Z8calc_PWMh>
		flag_nb=3;
     7e2:	83 e0       	ldi	r24, 0x03	; 3
     7e4:	80 93 87 01 	sts	0x0187, r24	; 0x800187 <flag_nb>
	
int lim_cnt=50, cont_pulsos=0;
	_tep1=0;
	calc_PWM(3);
	_delay_ms(10);
	while(cont_pulsos<lim_cnt)
     7e8:	d4 cf       	rjmp	.-88     	; 0x792 <_Z8Med_tempv+0x3a>
		cont_pulsos++;
		calc_PWM(4);
		calc_PWM(3);
		flag_nb=3;
	}
	_tep1=_tep1/(float)lim_cnt;
     7ea:	20 e0       	ldi	r18, 0x00	; 0
     7ec:	30 e0       	ldi	r19, 0x00	; 0
     7ee:	48 e4       	ldi	r20, 0x48	; 72
     7f0:	52 e4       	ldi	r21, 0x42	; 66
     7f2:	60 91 6c 01 	lds	r22, 0x016C	; 0x80016c <_tep1>
     7f6:	70 91 6d 01 	lds	r23, 0x016D	; 0x80016d <_tep1+0x1>
     7fa:	80 91 6e 01 	lds	r24, 0x016E	; 0x80016e <_tep1+0x2>
     7fe:	90 91 6f 01 	lds	r25, 0x016F	; 0x80016f <_tep1+0x3>
     802:	0e 94 cb 05 	call	0xb96	; 0xb96 <__divsf3>
     806:	60 93 6c 01 	sts	0x016C, r22	; 0x80016c <_tep1>
     80a:	70 93 6d 01 	sts	0x016D, r23	; 0x80016d <_tep1+0x1>
     80e:	80 93 6e 01 	sts	0x016E, r24	; 0x80016e <_tep1+0x2>
     812:	90 93 6f 01 	sts	0x016F, r25	; 0x80016f <_tep1+0x3>
				
	cont_pulsos=0;
	_tep0=0;
     816:	10 92 70 01 	sts	0x0170, r1	; 0x800170 <_tep0>
     81a:	10 92 71 01 	sts	0x0171, r1	; 0x800171 <_tep0+0x1>
     81e:	10 92 72 01 	sts	0x0172, r1	; 0x800172 <_tep0+0x2>
     822:	10 92 73 01 	sts	0x0173, r1	; 0x800173 <_tep0+0x3>
     826:	8f ef       	ldi	r24, 0xFF	; 255
     828:	9f e8       	ldi	r25, 0x8F	; 143
     82a:	01 97       	sbiw	r24, 0x01	; 1
     82c:	f1 f7       	brne	.-4      	; 0x82a <__DATA_REGION_LENGTH__+0x2a>
     82e:	00 c0       	rjmp	.+0      	; 0x830 <__DATA_REGION_LENGTH__+0x30>
     830:	00 00       	nop
		calc_PWM(3);
		flag_nb=3;
	}
	_tep1=_tep1/(float)lim_cnt;
				
	cont_pulsos=0;
     832:	c0 e0       	ldi	r28, 0x00	; 0
     834:	d0 e0       	ldi	r29, 0x00	; 0
	_tep0=0;
	_delay_ms(10);
	while(cont_pulsos<lim_cnt)
     836:	c2 33       	cpi	r28, 0x32	; 50
     838:	d1 05       	cpc	r29, r1
     83a:	34 f5       	brge	.+76     	; 0x888 <__DATA_REGION_LENGTH__+0x88>
	{
		HI_PWM=calc_PWM(2);
     83c:	82 e0       	ldi	r24, 0x02	; 2
     83e:	0e 94 35 02 	call	0x46a	; 0x46a <_Z8calc_PWMh>
     842:	90 93 79 01 	sts	0x0179, r25	; 0x800179 <HI_PWM+0x1>
     846:	80 93 78 01 	sts	0x0178, r24	; 0x800178 <HI_PWM>
		_tep0=(float)HI_PWM+_tep0;
     84a:	bc 01       	movw	r22, r24
     84c:	80 e0       	ldi	r24, 0x00	; 0
     84e:	90 e0       	ldi	r25, 0x00	; 0
     850:	0e 94 3d 06 	call	0xc7a	; 0xc7a <__floatunsisf>
     854:	20 91 70 01 	lds	r18, 0x0170	; 0x800170 <_tep0>
     858:	30 91 71 01 	lds	r19, 0x0171	; 0x800171 <_tep0+0x1>
     85c:	40 91 72 01 	lds	r20, 0x0172	; 0x800172 <_tep0+0x2>
     860:	50 91 73 01 	lds	r21, 0x0173	; 0x800173 <_tep0+0x3>
     864:	0e 94 5f 05 	call	0xabe	; 0xabe <__addsf3>
     868:	60 93 70 01 	sts	0x0170, r22	; 0x800170 <_tep0>
     86c:	70 93 71 01 	sts	0x0171, r23	; 0x800171 <_tep0+0x1>
     870:	80 93 72 01 	sts	0x0172, r24	; 0x800172 <_tep0+0x2>
     874:	90 93 73 01 	sts	0x0173, r25	; 0x800173 <_tep0+0x3>
		cont_pulsos++;
     878:	21 96       	adiw	r28, 0x01	; 1
		calc_PWM(4);
     87a:	84 e0       	ldi	r24, 0x04	; 4
     87c:	0e 94 35 02 	call	0x46a	; 0x46a <_Z8calc_PWMh>
		calc_PWM(3);
     880:	83 e0       	ldi	r24, 0x03	; 3
     882:	0e 94 35 02 	call	0x46a	; 0x46a <_Z8calc_PWMh>
	_tep1=_tep1/(float)lim_cnt;
				
	cont_pulsos=0;
	_tep0=0;
	_delay_ms(10);
	while(cont_pulsos<lim_cnt)
     886:	d7 cf       	rjmp	.-82     	; 0x836 <__DATA_REGION_LENGTH__+0x36>
		_tep0=(float)HI_PWM+_tep0;
		cont_pulsos++;
		calc_PWM(4);
		calc_PWM(3);
	}
	_tep0=_tep0/(float)lim_cnt;
     888:	20 e0       	ldi	r18, 0x00	; 0
     88a:	30 e0       	ldi	r19, 0x00	; 0
     88c:	48 e4       	ldi	r20, 0x48	; 72
     88e:	52 e4       	ldi	r21, 0x42	; 66
     890:	60 91 70 01 	lds	r22, 0x0170	; 0x800170 <_tep0>
     894:	70 91 71 01 	lds	r23, 0x0171	; 0x800171 <_tep0+0x1>
     898:	80 91 72 01 	lds	r24, 0x0172	; 0x800172 <_tep0+0x2>
     89c:	90 91 73 01 	lds	r25, 0x0173	; 0x800173 <_tep0+0x3>
     8a0:	0e 94 cb 05 	call	0xb96	; 0xb96 <__divsf3>
     8a4:	60 93 70 01 	sts	0x0170, r22	; 0x800170 <_tep0>
     8a8:	70 93 71 01 	sts	0x0171, r23	; 0x800171 <_tep0+0x1>
     8ac:	80 93 72 01 	sts	0x0172, r24	; 0x800172 <_tep0+0x2>
     8b0:	90 93 73 01 	sts	0x0173, r25	; 0x800173 <_tep0+0x3>
	res_term=_tep0/_tep1;
     8b4:	20 91 6c 01 	lds	r18, 0x016C	; 0x80016c <_tep1>
     8b8:	30 91 6d 01 	lds	r19, 0x016D	; 0x80016d <_tep1+0x1>
     8bc:	40 91 6e 01 	lds	r20, 0x016E	; 0x80016e <_tep1+0x2>
     8c0:	50 91 6f 01 	lds	r21, 0x016F	; 0x80016f <_tep1+0x3>
     8c4:	0e 94 cb 05 	call	0xb96	; 0xb96 <__divsf3>
	res_term=res_term*Hi_Res;
     8c8:	20 e0       	ldi	r18, 0x00	; 0
     8ca:	38 e4       	ldi	r19, 0x48	; 72
     8cc:	43 e3       	ldi	r20, 0x33	; 51
     8ce:	56 e4       	ldi	r21, 0x46	; 70
     8d0:	0e 94 1b 07 	call	0xe36	; 0xe36 <__mulsf3>
	res_term=res_term+offset_res;
     8d4:	20 91 68 01 	lds	r18, 0x0168	; 0x800168 <offset_res>
     8d8:	30 91 69 01 	lds	r19, 0x0169	; 0x800169 <offset_res+0x1>
     8dc:	40 91 6a 01 	lds	r20, 0x016A	; 0x80016a <offset_res+0x2>
     8e0:	50 91 6b 01 	lds	r21, 0x016B	; 0x80016b <offset_res+0x3>
     8e4:	0e 94 5f 05 	call	0xabe	; 0xabe <__addsf3>
     8e8:	60 93 64 01 	sts	0x0164, r22	; 0x800164 <res_term>
     8ec:	70 93 65 01 	sts	0x0165, r23	; 0x800165 <res_term+0x1>
     8f0:	80 93 66 01 	sts	0x0166, r24	; 0x800166 <res_term+0x2>
     8f4:	90 93 67 01 	sts	0x0167, r25	; 0x800167 <res_term+0x3>
	temp=1/(Ra+Rb*(log(res_term))+Rc*(pow(log(res_term),3)));
     8f8:	0e 94 d3 06 	call	0xda6	; 0xda6 <log>
     8fc:	6b 01       	movw	r12, r22
     8fe:	7c 01       	movw	r14, r24
     900:	2d ef       	ldi	r18, 0xFD	; 253
     902:	38 e6       	ldi	r19, 0x68	; 104
     904:	46 e7       	ldi	r20, 0x76	; 118
     906:	59 e3       	ldi	r21, 0x39	; 57
     908:	0e 94 1b 07 	call	0xe36	; 0xe36 <__mulsf3>
     90c:	2c e4       	ldi	r18, 0x4C	; 76
     90e:	32 e6       	ldi	r19, 0x62	; 98
     910:	42 ec       	ldi	r20, 0xC2	; 194
     912:	5a e3       	ldi	r21, 0x3A	; 58
     914:	0e 94 5f 05 	call	0xabe	; 0xabe <__addsf3>
     918:	4b 01       	movw	r8, r22
     91a:	5c 01       	movw	r10, r24
     91c:	20 e0       	ldi	r18, 0x00	; 0
     91e:	30 e0       	ldi	r19, 0x00	; 0
     920:	40 e4       	ldi	r20, 0x40	; 64
     922:	50 e4       	ldi	r21, 0x40	; 64
     924:	c7 01       	movw	r24, r14
     926:	b6 01       	movw	r22, r12
     928:	0e 94 88 07 	call	0xf10	; 0xf10 <pow>
     92c:	23 e2       	ldi	r18, 0x23	; 35
     92e:	3c ed       	ldi	r19, 0xDC	; 220
     930:	43 e0       	ldi	r20, 0x03	; 3
     932:	54 e3       	ldi	r21, 0x34	; 52
     934:	0e 94 1b 07 	call	0xe36	; 0xe36 <__mulsf3>
     938:	9b 01       	movw	r18, r22
     93a:	ac 01       	movw	r20, r24
     93c:	c5 01       	movw	r24, r10
     93e:	b4 01       	movw	r22, r8
     940:	0e 94 5f 05 	call	0xabe	; 0xabe <__addsf3>
     944:	9b 01       	movw	r18, r22
     946:	ac 01       	movw	r20, r24
     948:	60 e0       	ldi	r22, 0x00	; 0
     94a:	70 e0       	ldi	r23, 0x00	; 0
     94c:	80 e8       	ldi	r24, 0x80	; 128
     94e:	9f e3       	ldi	r25, 0x3F	; 63
     950:	0e 94 cb 05 	call	0xb96	; 0xb96 <__divsf3>
	temp=temp-273.15;
     954:	23 e3       	ldi	r18, 0x33	; 51
     956:	33 e9       	ldi	r19, 0x93	; 147
     958:	48 e8       	ldi	r20, 0x88	; 136
     95a:	53 e4       	ldi	r21, 0x43	; 67
     95c:	0e 94 5e 05 	call	0xabc	; 0xabc <__subsf3>
     960:	60 93 74 01 	sts	0x0174, r22	; 0x800174 <temp>
     964:	70 93 75 01 	sts	0x0175, r23	; 0x800175 <temp+0x1>
     968:	80 93 76 01 	sts	0x0176, r24	; 0x800176 <temp+0x2>
     96c:	90 93 77 01 	sts	0x0177, r25	; 0x800177 <temp+0x3>
     970:	df 91       	pop	r29
     972:	cf 91       	pop	r28
     974:	ff 90       	pop	r15
     976:	ef 90       	pop	r14
     978:	df 90       	pop	r13
     97a:	cf 90       	pop	r12
     97c:	bf 90       	pop	r11
     97e:	af 90       	pop	r10
     980:	9f 90       	pop	r9
     982:	8f 90       	pop	r8
     984:	08 95       	ret

00000986 <main>:
}


int main(void)
{
	cli();
     986:	f8 94       	cli
	//usart_init();
	/*************************configuracion de pines ***********************************/
	//_delay_ms(10);
	USART_Init(MYUBRR);
     988:	87 e0       	ldi	r24, 0x07	; 7
     98a:	90 e0       	ldi	r25, 0x00	; 0
     98c:	0e 94 11 01 	call	0x222	; 0x222 <_Z10USART_Initj>
	UCSR0B =  (1<<RXEN0) | (1<<TXEN0)|(1<<RXCIE0);
     990:	88 e9       	ldi	r24, 0x98	; 152
     992:	80 93 c1 00 	sts	0x00C1, r24	; 0x8000c1 <__TEXT_REGION_LENGTH__+0x7f80c1>
	TCCR1B =	(1<<ICNC1)  | (1<<CS11);	// PRESCALER A 8 CON FLANCO DESCENDENTE CON CANCELACION DE RUIDO && (0<<ICES1)
     996:	82 e8       	ldi	r24, 0x82	; 130
     998:	80 93 81 00 	sts	0x0081, r24	; 0x800081 <__TEXT_REGION_LENGTH__+0x7f8081>
	TIMSK1 =	(1<<ICIE1);
     99c:	80 e2       	ldi	r24, 0x20	; 32
     99e:	80 93 6f 00 	sts	0x006F, r24	; 0x80006f <__TEXT_REGION_LENGTH__+0x7f806f>
	DDRB|= (1<<DDB2) |(1<<DDB1);
     9a2:	84 b1       	in	r24, 0x04	; 4
     9a4:	86 60       	ori	r24, 0x06	; 6
     9a6:	84 b9       	out	0x04, r24	; 4
	PORTB&=~(1<<PORTB1);
     9a8:	85 b1       	in	r24, 0x05	; 5
     9aa:	8d 7f       	andi	r24, 0xFD	; 253
     9ac:	85 b9       	out	0x05, r24	; 5
	PORTB&=~(1<<PORTB2);
     9ae:	85 b1       	in	r24, 0x05	; 5
     9b0:	8b 7f       	andi	r24, 0xFB	; 251
     9b2:	85 b9       	out	0x05, r24	; 5
	DDRC|= (1<<DDC2) | (1<<DDC4);//DDC0
     9b4:	87 b1       	in	r24, 0x07	; 7
     9b6:	84 61       	ori	r24, 0x14	; 20
     9b8:	87 b9       	out	0x07, r24	; 7
	PORTC&=~(1<<PORTC2) | (1<<PORTC4); //PORTC2);//PORTC0
     9ba:	88 b1       	in	r24, 0x08	; 8
     9bc:	8b 7f       	andi	r24, 0xFB	; 251
     9be:	88 b9       	out	0x08, r24	; 8
	MCUSR &= ~(1<<WDRF);
     9c0:	84 b7       	in	r24, 0x34	; 52
     9c2:	87 7f       	andi	r24, 0xF7	; 247
     9c4:	84 bf       	out	0x34, r24	; 52
	/* Write logical one to WDCE and WDE */
	/* Keep old prescaler setting to prevent unintentional time-out
	*/
	WDTCSR |= (1<<WDCE) | (1<<WDE);
     9c6:	e0 e6       	ldi	r30, 0x60	; 96
     9c8:	f0 e0       	ldi	r31, 0x00	; 0
     9ca:	80 81       	ld	r24, Z
     9cc:	88 61       	ori	r24, 0x18	; 24
     9ce:	80 83       	st	Z, r24
	/* Turn off WDT */
	WDTCSR = 0x55;
     9d0:	85 e5       	ldi	r24, 0x55	; 85
     9d2:	80 83       	st	Z, r24
	DDRD|= (1<<DDD6) | (1<<DDD7) | (1<<DDD3) | (1<<DDD4);
     9d4:	8a b1       	in	r24, 0x0a	; 10
     9d6:	88 6d       	ori	r24, 0xD8	; 216
     9d8:	8a b9       	out	0x0a, r24	; 10
	PORTD|=(1<<PORTD7);
     9da:	8b b1       	in	r24, 0x0b	; 11
     9dc:	80 68       	ori	r24, 0x80	; 128
     9de:	8b b9       	out	0x0b, r24	; 11
	PORTD&=~(1<<PORTD3);
     9e0:	8b b1       	in	r24, 0x0b	; 11
     9e2:	87 7f       	andi	r24, 0xF7	; 247
     9e4:	8b b9       	out	0x0b, r24	; 11
	PORTD&=~(1<<PORTD4);
     9e6:	8b b1       	in	r24, 0x0b	; 11
     9e8:	8f 7e       	andi	r24, 0xEF	; 239
     9ea:	8b b9       	out	0x0b, r24	; 11
	TCCR0A|= (1<<WGM01) | (1<<WGM00) | (1<<COM0A1) | (1<<COM0A0);
     9ec:	84 b5       	in	r24, 0x24	; 36
     9ee:	83 6c       	ori	r24, 0xC3	; 195
     9f0:	84 bd       	out	0x24, r24	; 36
	TCCR0B|= (1<<CS02); // | (1<<CS00);
     9f2:	85 b5       	in	r24, 0x25	; 37
     9f4:	84 60       	ori	r24, 0x04	; 4
     9f6:	85 bd       	out	0x25, r24	; 37
	//flag_nb=1;
	sei();
     9f8:	78 94       	sei
	/********************fin de configuracion de pines ***********************************/

	send_string("INICIANDOO");
     9fa:	8d e3       	ldi	r24, 0x3D	; 61
     9fc:	91 e0       	ldi	r25, 0x01	; 1
     9fe:	0e 94 23 01 	call	0x246	; 0x246 <_Z11send_stringPc>
	send_char('\n');
     a02:	8a e0       	ldi	r24, 0x0A	; 10
     a04:	0e 94 1c 01 	call	0x238	; 0x238 <_Z9send_charc>
	Cal_temp();
     a08:	0e 94 cb 02 	call	0x596	; 0x596 <_Z8Cal_tempv>
	Med_temp();
     a0c:	0e 94 ac 03 	call	0x758	; 0x758 <_Z8Med_tempv>
	temp_ant=temp;
     a10:	80 91 74 01 	lds	r24, 0x0174	; 0x800174 <temp>
     a14:	90 91 75 01 	lds	r25, 0x0175	; 0x800175 <temp+0x1>
     a18:	a0 91 76 01 	lds	r26, 0x0176	; 0x800176 <temp+0x2>
     a1c:	b0 91 77 01 	lds	r27, 0x0177	; 0x800177 <temp+0x3>
     a20:	80 93 60 01 	sts	0x0160, r24	; 0x800160 <temp_ant>
     a24:	90 93 61 01 	sts	0x0161, r25	; 0x800161 <temp_ant+0x1>
     a28:	a0 93 62 01 	sts	0x0162, r26	; 0x800162 <temp_ant+0x2>
     a2c:	b0 93 63 01 	sts	0x0163, r27	; 0x800163 <temp_ant+0x3>
	while(1)
	{
		//TODO:: Please write your application code
		/************************************************************************/
		Med_temp();
     a30:	0e 94 ac 03 	call	0x758	; 0x758 <_Z8Med_tempv>
		flag_nb=4;
     a34:	84 e0       	ldi	r24, 0x04	; 4
     a36:	80 93 87 01 	sts	0x0187, r24	; 0x800187 <flag_nb>
		if (flag_ok>aux_cont_ret)
     a3a:	90 91 80 01 	lds	r25, 0x0180	; 0x800180 <flag_ok>
     a3e:	80 91 05 01 	lds	r24, 0x0105	; 0x800105 <aux_cont_ret>
     a42:	89 17       	cp	r24, r25
     a44:	20 f4       	brcc	.+8      	; 0xa4e <main+0xc8>
		{
			flag_ok=aux_cont_ret1;
     a46:	80 91 04 01 	lds	r24, 0x0104	; 0x800104 <aux_cont_ret1>
     a4a:	80 93 80 01 	sts	0x0180, r24	; 0x800180 <flag_ok>
			
		}
		flag_ok++;
     a4e:	80 91 80 01 	lds	r24, 0x0180	; 0x800180 <flag_ok>
     a52:	8f 5f       	subi	r24, 0xFF	; 255
     a54:	80 93 80 01 	sts	0x0180, r24	; 0x800180 <flag_ok>
		//wdt_reset();
		if (flag_modo==1)
     a58:	80 91 82 01 	lds	r24, 0x0182	; 0x800182 <flag_modo>
     a5c:	81 30       	cpi	r24, 0x01	; 1
     a5e:	79 f4       	brne	.+30     	; 0xa7e <main+0xf8>
		{
			flag_modo=0;
     a60:	10 92 82 01 	sts	0x0182, r1	; 0x800182 <flag_modo>
			aux_mod++;
     a64:	80 91 81 01 	lds	r24, 0x0181	; 0x800181 <aux_mod>
     a68:	8f 5f       	subi	r24, 0xFF	; 255
     a6a:	80 93 81 01 	sts	0x0181, r24	; 0x800181 <aux_mod>
			if (aux_mod>10)
     a6e:	8b 30       	cpi	r24, 0x0B	; 11
     a70:	f8 f2       	brcs	.-66     	; 0xa30 <main+0xaa>
			{
				//flag_modo=3;
				flag_modo=2;
     a72:	82 e0       	ldi	r24, 0x02	; 2
     a74:	80 93 82 01 	sts	0x0182, r24	; 0x800182 <flag_modo>
				aux_mod=0;
     a78:	10 92 81 01 	sts	0x0181, r1	; 0x800181 <aux_mod>
     a7c:	d9 cf       	rjmp	.-78     	; 0xa30 <main+0xaa>
			}
			//_delay_ms(2000);
		}
		else if (flag_modo==2)
     a7e:	82 30       	cpi	r24, 0x02	; 2
     a80:	b9 f6       	brne	.-82     	; 0xa30 <main+0xaa>
		{
			Cal_temp();
     a82:	0e 94 cb 02 	call	0x596	; 0x596 <_Z8Cal_tempv>
			dtostrf(offset_res,4,3,valor_C);
     a86:	60 91 68 01 	lds	r22, 0x0168	; 0x800168 <offset_res>
     a8a:	70 91 69 01 	lds	r23, 0x0169	; 0x800169 <offset_res+0x1>
     a8e:	80 91 6a 01 	lds	r24, 0x016A	; 0x80016a <offset_res+0x2>
     a92:	90 91 6b 01 	lds	r25, 0x016B	; 0x80016b <offset_res+0x3>
     a96:	06 e5       	ldi	r16, 0x56	; 86
     a98:	11 e0       	ldi	r17, 0x01	; 1
     a9a:	23 e0       	ldi	r18, 0x03	; 3
     a9c:	44 e0       	ldi	r20, 0x04	; 4
     a9e:	0e 94 bd 08 	call	0x117a	; 0x117a <dtostrf>
			send_string(valor_C);
     aa2:	c8 01       	movw	r24, r16
     aa4:	0e 94 23 01 	call	0x246	; 0x246 <_Z11send_stringPc>
			send_string("valor offset");
     aa8:	88 e4       	ldi	r24, 0x48	; 72
     aaa:	91 e0       	ldi	r25, 0x01	; 1
     aac:	0e 94 23 01 	call	0x246	; 0x246 <_Z11send_stringPc>
			send_char('\n');
     ab0:	8a e0       	ldi	r24, 0x0A	; 10
     ab2:	0e 94 1c 01 	call	0x238	; 0x238 <_Z9send_charc>
			flag_modo=0;
     ab6:	10 92 82 01 	sts	0x0182, r1	; 0x800182 <flag_modo>
     aba:	ba cf       	rjmp	.-140    	; 0xa30 <main+0xaa>

00000abc <__subsf3>:
     abc:	50 58       	subi	r21, 0x80	; 128

00000abe <__addsf3>:
     abe:	bb 27       	eor	r27, r27
     ac0:	aa 27       	eor	r26, r26
     ac2:	0e 94 76 05 	call	0xaec	; 0xaec <__addsf3x>
     ac6:	0c 94 91 06 	jmp	0xd22	; 0xd22 <__fp_round>
     aca:	0e 94 83 06 	call	0xd06	; 0xd06 <__fp_pscA>
     ace:	38 f0       	brcs	.+14     	; 0xade <__addsf3+0x20>
     ad0:	0e 94 8a 06 	call	0xd14	; 0xd14 <__fp_pscB>
     ad4:	20 f0       	brcs	.+8      	; 0xade <__addsf3+0x20>
     ad6:	39 f4       	brne	.+14     	; 0xae6 <__addsf3+0x28>
     ad8:	9f 3f       	cpi	r25, 0xFF	; 255
     ada:	19 f4       	brne	.+6      	; 0xae2 <__addsf3+0x24>
     adc:	26 f4       	brtc	.+8      	; 0xae6 <__addsf3+0x28>
     ade:	0c 94 80 06 	jmp	0xd00	; 0xd00 <__fp_nan>
     ae2:	0e f4       	brtc	.+2      	; 0xae6 <__addsf3+0x28>
     ae4:	e0 95       	com	r30
     ae6:	e7 fb       	bst	r30, 7
     ae8:	0c 94 7a 06 	jmp	0xcf4	; 0xcf4 <__fp_inf>

00000aec <__addsf3x>:
     aec:	e9 2f       	mov	r30, r25
     aee:	0e 94 a2 06 	call	0xd44	; 0xd44 <__fp_split3>
     af2:	58 f3       	brcs	.-42     	; 0xaca <__addsf3+0xc>
     af4:	ba 17       	cp	r27, r26
     af6:	62 07       	cpc	r22, r18
     af8:	73 07       	cpc	r23, r19
     afa:	84 07       	cpc	r24, r20
     afc:	95 07       	cpc	r25, r21
     afe:	20 f0       	brcs	.+8      	; 0xb08 <__addsf3x+0x1c>
     b00:	79 f4       	brne	.+30     	; 0xb20 <__addsf3x+0x34>
     b02:	a6 f5       	brtc	.+104    	; 0xb6c <__addsf3x+0x80>
     b04:	0c 94 c4 06 	jmp	0xd88	; 0xd88 <__fp_zero>
     b08:	0e f4       	brtc	.+2      	; 0xb0c <__addsf3x+0x20>
     b0a:	e0 95       	com	r30
     b0c:	0b 2e       	mov	r0, r27
     b0e:	ba 2f       	mov	r27, r26
     b10:	a0 2d       	mov	r26, r0
     b12:	0b 01       	movw	r0, r22
     b14:	b9 01       	movw	r22, r18
     b16:	90 01       	movw	r18, r0
     b18:	0c 01       	movw	r0, r24
     b1a:	ca 01       	movw	r24, r20
     b1c:	a0 01       	movw	r20, r0
     b1e:	11 24       	eor	r1, r1
     b20:	ff 27       	eor	r31, r31
     b22:	59 1b       	sub	r21, r25
     b24:	99 f0       	breq	.+38     	; 0xb4c <__addsf3x+0x60>
     b26:	59 3f       	cpi	r21, 0xF9	; 249
     b28:	50 f4       	brcc	.+20     	; 0xb3e <__addsf3x+0x52>
     b2a:	50 3e       	cpi	r21, 0xE0	; 224
     b2c:	68 f1       	brcs	.+90     	; 0xb88 <__addsf3x+0x9c>
     b2e:	1a 16       	cp	r1, r26
     b30:	f0 40       	sbci	r31, 0x00	; 0
     b32:	a2 2f       	mov	r26, r18
     b34:	23 2f       	mov	r18, r19
     b36:	34 2f       	mov	r19, r20
     b38:	44 27       	eor	r20, r20
     b3a:	58 5f       	subi	r21, 0xF8	; 248
     b3c:	f3 cf       	rjmp	.-26     	; 0xb24 <__addsf3x+0x38>
     b3e:	46 95       	lsr	r20
     b40:	37 95       	ror	r19
     b42:	27 95       	ror	r18
     b44:	a7 95       	ror	r26
     b46:	f0 40       	sbci	r31, 0x00	; 0
     b48:	53 95       	inc	r21
     b4a:	c9 f7       	brne	.-14     	; 0xb3e <__addsf3x+0x52>
     b4c:	7e f4       	brtc	.+30     	; 0xb6c <__addsf3x+0x80>
     b4e:	1f 16       	cp	r1, r31
     b50:	ba 0b       	sbc	r27, r26
     b52:	62 0b       	sbc	r22, r18
     b54:	73 0b       	sbc	r23, r19
     b56:	84 0b       	sbc	r24, r20
     b58:	ba f0       	brmi	.+46     	; 0xb88 <__addsf3x+0x9c>
     b5a:	91 50       	subi	r25, 0x01	; 1
     b5c:	a1 f0       	breq	.+40     	; 0xb86 <__addsf3x+0x9a>
     b5e:	ff 0f       	add	r31, r31
     b60:	bb 1f       	adc	r27, r27
     b62:	66 1f       	adc	r22, r22
     b64:	77 1f       	adc	r23, r23
     b66:	88 1f       	adc	r24, r24
     b68:	c2 f7       	brpl	.-16     	; 0xb5a <__addsf3x+0x6e>
     b6a:	0e c0       	rjmp	.+28     	; 0xb88 <__addsf3x+0x9c>
     b6c:	ba 0f       	add	r27, r26
     b6e:	62 1f       	adc	r22, r18
     b70:	73 1f       	adc	r23, r19
     b72:	84 1f       	adc	r24, r20
     b74:	48 f4       	brcc	.+18     	; 0xb88 <__addsf3x+0x9c>
     b76:	87 95       	ror	r24
     b78:	77 95       	ror	r23
     b7a:	67 95       	ror	r22
     b7c:	b7 95       	ror	r27
     b7e:	f7 95       	ror	r31
     b80:	9e 3f       	cpi	r25, 0xFE	; 254
     b82:	08 f0       	brcs	.+2      	; 0xb86 <__addsf3x+0x9a>
     b84:	b0 cf       	rjmp	.-160    	; 0xae6 <__addsf3+0x28>
     b86:	93 95       	inc	r25
     b88:	88 0f       	add	r24, r24
     b8a:	08 f0       	brcs	.+2      	; 0xb8e <__addsf3x+0xa2>
     b8c:	99 27       	eor	r25, r25
     b8e:	ee 0f       	add	r30, r30
     b90:	97 95       	ror	r25
     b92:	87 95       	ror	r24
     b94:	08 95       	ret

00000b96 <__divsf3>:
     b96:	0e 94 df 05 	call	0xbbe	; 0xbbe <__divsf3x>
     b9a:	0c 94 91 06 	jmp	0xd22	; 0xd22 <__fp_round>
     b9e:	0e 94 8a 06 	call	0xd14	; 0xd14 <__fp_pscB>
     ba2:	58 f0       	brcs	.+22     	; 0xbba <__divsf3+0x24>
     ba4:	0e 94 83 06 	call	0xd06	; 0xd06 <__fp_pscA>
     ba8:	40 f0       	brcs	.+16     	; 0xbba <__divsf3+0x24>
     baa:	29 f4       	brne	.+10     	; 0xbb6 <__divsf3+0x20>
     bac:	5f 3f       	cpi	r21, 0xFF	; 255
     bae:	29 f0       	breq	.+10     	; 0xbba <__divsf3+0x24>
     bb0:	0c 94 7a 06 	jmp	0xcf4	; 0xcf4 <__fp_inf>
     bb4:	51 11       	cpse	r21, r1
     bb6:	0c 94 c5 06 	jmp	0xd8a	; 0xd8a <__fp_szero>
     bba:	0c 94 80 06 	jmp	0xd00	; 0xd00 <__fp_nan>

00000bbe <__divsf3x>:
     bbe:	0e 94 a2 06 	call	0xd44	; 0xd44 <__fp_split3>
     bc2:	68 f3       	brcs	.-38     	; 0xb9e <__divsf3+0x8>

00000bc4 <__divsf3_pse>:
     bc4:	99 23       	and	r25, r25
     bc6:	b1 f3       	breq	.-20     	; 0xbb4 <__divsf3+0x1e>
     bc8:	55 23       	and	r21, r21
     bca:	91 f3       	breq	.-28     	; 0xbb0 <__divsf3+0x1a>
     bcc:	95 1b       	sub	r25, r21
     bce:	55 0b       	sbc	r21, r21
     bd0:	bb 27       	eor	r27, r27
     bd2:	aa 27       	eor	r26, r26
     bd4:	62 17       	cp	r22, r18
     bd6:	73 07       	cpc	r23, r19
     bd8:	84 07       	cpc	r24, r20
     bda:	38 f0       	brcs	.+14     	; 0xbea <__divsf3_pse+0x26>
     bdc:	9f 5f       	subi	r25, 0xFF	; 255
     bde:	5f 4f       	sbci	r21, 0xFF	; 255
     be0:	22 0f       	add	r18, r18
     be2:	33 1f       	adc	r19, r19
     be4:	44 1f       	adc	r20, r20
     be6:	aa 1f       	adc	r26, r26
     be8:	a9 f3       	breq	.-22     	; 0xbd4 <__divsf3_pse+0x10>
     bea:	35 d0       	rcall	.+106    	; 0xc56 <__divsf3_pse+0x92>
     bec:	0e 2e       	mov	r0, r30
     bee:	3a f0       	brmi	.+14     	; 0xbfe <__divsf3_pse+0x3a>
     bf0:	e0 e8       	ldi	r30, 0x80	; 128
     bf2:	32 d0       	rcall	.+100    	; 0xc58 <__divsf3_pse+0x94>
     bf4:	91 50       	subi	r25, 0x01	; 1
     bf6:	50 40       	sbci	r21, 0x00	; 0
     bf8:	e6 95       	lsr	r30
     bfa:	00 1c       	adc	r0, r0
     bfc:	ca f7       	brpl	.-14     	; 0xbf0 <__divsf3_pse+0x2c>
     bfe:	2b d0       	rcall	.+86     	; 0xc56 <__divsf3_pse+0x92>
     c00:	fe 2f       	mov	r31, r30
     c02:	29 d0       	rcall	.+82     	; 0xc56 <__divsf3_pse+0x92>
     c04:	66 0f       	add	r22, r22
     c06:	77 1f       	adc	r23, r23
     c08:	88 1f       	adc	r24, r24
     c0a:	bb 1f       	adc	r27, r27
     c0c:	26 17       	cp	r18, r22
     c0e:	37 07       	cpc	r19, r23
     c10:	48 07       	cpc	r20, r24
     c12:	ab 07       	cpc	r26, r27
     c14:	b0 e8       	ldi	r27, 0x80	; 128
     c16:	09 f0       	breq	.+2      	; 0xc1a <__divsf3_pse+0x56>
     c18:	bb 0b       	sbc	r27, r27
     c1a:	80 2d       	mov	r24, r0
     c1c:	bf 01       	movw	r22, r30
     c1e:	ff 27       	eor	r31, r31
     c20:	93 58       	subi	r25, 0x83	; 131
     c22:	5f 4f       	sbci	r21, 0xFF	; 255
     c24:	3a f0       	brmi	.+14     	; 0xc34 <__divsf3_pse+0x70>
     c26:	9e 3f       	cpi	r25, 0xFE	; 254
     c28:	51 05       	cpc	r21, r1
     c2a:	78 f0       	brcs	.+30     	; 0xc4a <__divsf3_pse+0x86>
     c2c:	0c 94 7a 06 	jmp	0xcf4	; 0xcf4 <__fp_inf>
     c30:	0c 94 c5 06 	jmp	0xd8a	; 0xd8a <__fp_szero>
     c34:	5f 3f       	cpi	r21, 0xFF	; 255
     c36:	e4 f3       	brlt	.-8      	; 0xc30 <__divsf3_pse+0x6c>
     c38:	98 3e       	cpi	r25, 0xE8	; 232
     c3a:	d4 f3       	brlt	.-12     	; 0xc30 <__divsf3_pse+0x6c>
     c3c:	86 95       	lsr	r24
     c3e:	77 95       	ror	r23
     c40:	67 95       	ror	r22
     c42:	b7 95       	ror	r27
     c44:	f7 95       	ror	r31
     c46:	9f 5f       	subi	r25, 0xFF	; 255
     c48:	c9 f7       	brne	.-14     	; 0xc3c <__divsf3_pse+0x78>
     c4a:	88 0f       	add	r24, r24
     c4c:	91 1d       	adc	r25, r1
     c4e:	96 95       	lsr	r25
     c50:	87 95       	ror	r24
     c52:	97 f9       	bld	r25, 7
     c54:	08 95       	ret
     c56:	e1 e0       	ldi	r30, 0x01	; 1
     c58:	66 0f       	add	r22, r22
     c5a:	77 1f       	adc	r23, r23
     c5c:	88 1f       	adc	r24, r24
     c5e:	bb 1f       	adc	r27, r27
     c60:	62 17       	cp	r22, r18
     c62:	73 07       	cpc	r23, r19
     c64:	84 07       	cpc	r24, r20
     c66:	ba 07       	cpc	r27, r26
     c68:	20 f0       	brcs	.+8      	; 0xc72 <__divsf3_pse+0xae>
     c6a:	62 1b       	sub	r22, r18
     c6c:	73 0b       	sbc	r23, r19
     c6e:	84 0b       	sbc	r24, r20
     c70:	ba 0b       	sbc	r27, r26
     c72:	ee 1f       	adc	r30, r30
     c74:	88 f7       	brcc	.-30     	; 0xc58 <__divsf3_pse+0x94>
     c76:	e0 95       	com	r30
     c78:	08 95       	ret

00000c7a <__floatunsisf>:
     c7a:	e8 94       	clt
     c7c:	09 c0       	rjmp	.+18     	; 0xc90 <__floatsisf+0x12>

00000c7e <__floatsisf>:
     c7e:	97 fb       	bst	r25, 7
     c80:	3e f4       	brtc	.+14     	; 0xc90 <__floatsisf+0x12>
     c82:	90 95       	com	r25
     c84:	80 95       	com	r24
     c86:	70 95       	com	r23
     c88:	61 95       	neg	r22
     c8a:	7f 4f       	sbci	r23, 0xFF	; 255
     c8c:	8f 4f       	sbci	r24, 0xFF	; 255
     c8e:	9f 4f       	sbci	r25, 0xFF	; 255
     c90:	99 23       	and	r25, r25
     c92:	a9 f0       	breq	.+42     	; 0xcbe <__floatsisf+0x40>
     c94:	f9 2f       	mov	r31, r25
     c96:	96 e9       	ldi	r25, 0x96	; 150
     c98:	bb 27       	eor	r27, r27
     c9a:	93 95       	inc	r25
     c9c:	f6 95       	lsr	r31
     c9e:	87 95       	ror	r24
     ca0:	77 95       	ror	r23
     ca2:	67 95       	ror	r22
     ca4:	b7 95       	ror	r27
     ca6:	f1 11       	cpse	r31, r1
     ca8:	f8 cf       	rjmp	.-16     	; 0xc9a <__floatsisf+0x1c>
     caa:	fa f4       	brpl	.+62     	; 0xcea <__floatsisf+0x6c>
     cac:	bb 0f       	add	r27, r27
     cae:	11 f4       	brne	.+4      	; 0xcb4 <__floatsisf+0x36>
     cb0:	60 ff       	sbrs	r22, 0
     cb2:	1b c0       	rjmp	.+54     	; 0xcea <__floatsisf+0x6c>
     cb4:	6f 5f       	subi	r22, 0xFF	; 255
     cb6:	7f 4f       	sbci	r23, 0xFF	; 255
     cb8:	8f 4f       	sbci	r24, 0xFF	; 255
     cba:	9f 4f       	sbci	r25, 0xFF	; 255
     cbc:	16 c0       	rjmp	.+44     	; 0xcea <__floatsisf+0x6c>
     cbe:	88 23       	and	r24, r24
     cc0:	11 f0       	breq	.+4      	; 0xcc6 <__floatsisf+0x48>
     cc2:	96 e9       	ldi	r25, 0x96	; 150
     cc4:	11 c0       	rjmp	.+34     	; 0xce8 <__floatsisf+0x6a>
     cc6:	77 23       	and	r23, r23
     cc8:	21 f0       	breq	.+8      	; 0xcd2 <__floatsisf+0x54>
     cca:	9e e8       	ldi	r25, 0x8E	; 142
     ccc:	87 2f       	mov	r24, r23
     cce:	76 2f       	mov	r23, r22
     cd0:	05 c0       	rjmp	.+10     	; 0xcdc <__floatsisf+0x5e>
     cd2:	66 23       	and	r22, r22
     cd4:	71 f0       	breq	.+28     	; 0xcf2 <__floatsisf+0x74>
     cd6:	96 e8       	ldi	r25, 0x86	; 134
     cd8:	86 2f       	mov	r24, r22
     cda:	70 e0       	ldi	r23, 0x00	; 0
     cdc:	60 e0       	ldi	r22, 0x00	; 0
     cde:	2a f0       	brmi	.+10     	; 0xcea <__floatsisf+0x6c>
     ce0:	9a 95       	dec	r25
     ce2:	66 0f       	add	r22, r22
     ce4:	77 1f       	adc	r23, r23
     ce6:	88 1f       	adc	r24, r24
     ce8:	da f7       	brpl	.-10     	; 0xce0 <__floatsisf+0x62>
     cea:	88 0f       	add	r24, r24
     cec:	96 95       	lsr	r25
     cee:	87 95       	ror	r24
     cf0:	97 f9       	bld	r25, 7
     cf2:	08 95       	ret

00000cf4 <__fp_inf>:
     cf4:	97 f9       	bld	r25, 7
     cf6:	9f 67       	ori	r25, 0x7F	; 127
     cf8:	80 e8       	ldi	r24, 0x80	; 128
     cfa:	70 e0       	ldi	r23, 0x00	; 0
     cfc:	60 e0       	ldi	r22, 0x00	; 0
     cfe:	08 95       	ret

00000d00 <__fp_nan>:
     d00:	9f ef       	ldi	r25, 0xFF	; 255
     d02:	80 ec       	ldi	r24, 0xC0	; 192
     d04:	08 95       	ret

00000d06 <__fp_pscA>:
     d06:	00 24       	eor	r0, r0
     d08:	0a 94       	dec	r0
     d0a:	16 16       	cp	r1, r22
     d0c:	17 06       	cpc	r1, r23
     d0e:	18 06       	cpc	r1, r24
     d10:	09 06       	cpc	r0, r25
     d12:	08 95       	ret

00000d14 <__fp_pscB>:
     d14:	00 24       	eor	r0, r0
     d16:	0a 94       	dec	r0
     d18:	12 16       	cp	r1, r18
     d1a:	13 06       	cpc	r1, r19
     d1c:	14 06       	cpc	r1, r20
     d1e:	05 06       	cpc	r0, r21
     d20:	08 95       	ret

00000d22 <__fp_round>:
     d22:	09 2e       	mov	r0, r25
     d24:	03 94       	inc	r0
     d26:	00 0c       	add	r0, r0
     d28:	11 f4       	brne	.+4      	; 0xd2e <__fp_round+0xc>
     d2a:	88 23       	and	r24, r24
     d2c:	52 f0       	brmi	.+20     	; 0xd42 <__fp_round+0x20>
     d2e:	bb 0f       	add	r27, r27
     d30:	40 f4       	brcc	.+16     	; 0xd42 <__fp_round+0x20>
     d32:	bf 2b       	or	r27, r31
     d34:	11 f4       	brne	.+4      	; 0xd3a <__fp_round+0x18>
     d36:	60 ff       	sbrs	r22, 0
     d38:	04 c0       	rjmp	.+8      	; 0xd42 <__fp_round+0x20>
     d3a:	6f 5f       	subi	r22, 0xFF	; 255
     d3c:	7f 4f       	sbci	r23, 0xFF	; 255
     d3e:	8f 4f       	sbci	r24, 0xFF	; 255
     d40:	9f 4f       	sbci	r25, 0xFF	; 255
     d42:	08 95       	ret

00000d44 <__fp_split3>:
     d44:	57 fd       	sbrc	r21, 7
     d46:	90 58       	subi	r25, 0x80	; 128
     d48:	44 0f       	add	r20, r20
     d4a:	55 1f       	adc	r21, r21
     d4c:	59 f0       	breq	.+22     	; 0xd64 <__fp_splitA+0x10>
     d4e:	5f 3f       	cpi	r21, 0xFF	; 255
     d50:	71 f0       	breq	.+28     	; 0xd6e <__fp_splitA+0x1a>
     d52:	47 95       	ror	r20

00000d54 <__fp_splitA>:
     d54:	88 0f       	add	r24, r24
     d56:	97 fb       	bst	r25, 7
     d58:	99 1f       	adc	r25, r25
     d5a:	61 f0       	breq	.+24     	; 0xd74 <__fp_splitA+0x20>
     d5c:	9f 3f       	cpi	r25, 0xFF	; 255
     d5e:	79 f0       	breq	.+30     	; 0xd7e <__fp_splitA+0x2a>
     d60:	87 95       	ror	r24
     d62:	08 95       	ret
     d64:	12 16       	cp	r1, r18
     d66:	13 06       	cpc	r1, r19
     d68:	14 06       	cpc	r1, r20
     d6a:	55 1f       	adc	r21, r21
     d6c:	f2 cf       	rjmp	.-28     	; 0xd52 <__fp_split3+0xe>
     d6e:	46 95       	lsr	r20
     d70:	f1 df       	rcall	.-30     	; 0xd54 <__fp_splitA>
     d72:	08 c0       	rjmp	.+16     	; 0xd84 <__fp_splitA+0x30>
     d74:	16 16       	cp	r1, r22
     d76:	17 06       	cpc	r1, r23
     d78:	18 06       	cpc	r1, r24
     d7a:	99 1f       	adc	r25, r25
     d7c:	f1 cf       	rjmp	.-30     	; 0xd60 <__fp_splitA+0xc>
     d7e:	86 95       	lsr	r24
     d80:	71 05       	cpc	r23, r1
     d82:	61 05       	cpc	r22, r1
     d84:	08 94       	sec
     d86:	08 95       	ret

00000d88 <__fp_zero>:
     d88:	e8 94       	clt

00000d8a <__fp_szero>:
     d8a:	bb 27       	eor	r27, r27
     d8c:	66 27       	eor	r22, r22
     d8e:	77 27       	eor	r23, r23
     d90:	cb 01       	movw	r24, r22
     d92:	97 f9       	bld	r25, 7
     d94:	08 95       	ret
     d96:	16 f0       	brts	.+4      	; 0xd9c <__fp_szero+0x12>
     d98:	0c 94 12 08 	jmp	0x1024	; 0x1024 <__fp_mpack>
     d9c:	0c 94 80 06 	jmp	0xd00	; 0xd00 <__fp_nan>
     da0:	68 94       	set
     da2:	0c 94 7a 06 	jmp	0xcf4	; 0xcf4 <__fp_inf>

00000da6 <log>:
     da6:	0e 94 aa 06 	call	0xd54	; 0xd54 <__fp_splitA>
     daa:	a8 f3       	brcs	.-22     	; 0xd96 <__fp_szero+0xc>
     dac:	99 23       	and	r25, r25
     dae:	c1 f3       	breq	.-16     	; 0xda0 <__fp_szero+0x16>
     db0:	ae f3       	brts	.-22     	; 0xd9c <__fp_szero+0x12>
     db2:	df 93       	push	r29
     db4:	cf 93       	push	r28
     db6:	1f 93       	push	r17
     db8:	0f 93       	push	r16
     dba:	ff 92       	push	r15
     dbc:	c9 2f       	mov	r28, r25
     dbe:	dd 27       	eor	r29, r29
     dc0:	88 23       	and	r24, r24
     dc2:	2a f0       	brmi	.+10     	; 0xdce <log+0x28>
     dc4:	21 97       	sbiw	r28, 0x01	; 1
     dc6:	66 0f       	add	r22, r22
     dc8:	77 1f       	adc	r23, r23
     dca:	88 1f       	adc	r24, r24
     dcc:	da f7       	brpl	.-10     	; 0xdc4 <log+0x1e>
     dce:	20 e0       	ldi	r18, 0x00	; 0
     dd0:	30 e0       	ldi	r19, 0x00	; 0
     dd2:	40 e8       	ldi	r20, 0x80	; 128
     dd4:	5f eb       	ldi	r21, 0xBF	; 191
     dd6:	9f e3       	ldi	r25, 0x3F	; 63
     dd8:	88 39       	cpi	r24, 0x98	; 152
     dda:	20 f0       	brcs	.+8      	; 0xde4 <log+0x3e>
     ddc:	80 3e       	cpi	r24, 0xE0	; 224
     dde:	38 f0       	brcs	.+14     	; 0xdee <log+0x48>
     de0:	21 96       	adiw	r28, 0x01	; 1
     de2:	8f 77       	andi	r24, 0x7F	; 127
     de4:	0e 94 5f 05 	call	0xabe	; 0xabe <__addsf3>
     de8:	e8 e6       	ldi	r30, 0x68	; 104
     dea:	f0 e0       	ldi	r31, 0x00	; 0
     dec:	04 c0       	rjmp	.+8      	; 0xdf6 <log+0x50>
     dee:	0e 94 5f 05 	call	0xabe	; 0xabe <__addsf3>
     df2:	e5 e9       	ldi	r30, 0x95	; 149
     df4:	f0 e0       	ldi	r31, 0x00	; 0
     df6:	0e 94 20 08 	call	0x1040	; 0x1040 <__fp_powser>
     dfa:	8b 01       	movw	r16, r22
     dfc:	be 01       	movw	r22, r28
     dfe:	ec 01       	movw	r28, r24
     e00:	fb 2e       	mov	r15, r27
     e02:	6f 57       	subi	r22, 0x7F	; 127
     e04:	71 09       	sbc	r23, r1
     e06:	75 95       	asr	r23
     e08:	77 1f       	adc	r23, r23
     e0a:	88 0b       	sbc	r24, r24
     e0c:	99 0b       	sbc	r25, r25
     e0e:	0e 94 3f 06 	call	0xc7e	; 0xc7e <__floatsisf>
     e12:	28 e1       	ldi	r18, 0x18	; 24
     e14:	32 e7       	ldi	r19, 0x72	; 114
     e16:	41 e3       	ldi	r20, 0x31	; 49
     e18:	5f e3       	ldi	r21, 0x3F	; 63
     e1a:	0e 94 2e 07 	call	0xe5c	; 0xe5c <__mulsf3x>
     e1e:	af 2d       	mov	r26, r15
     e20:	98 01       	movw	r18, r16
     e22:	ae 01       	movw	r20, r28
     e24:	ff 90       	pop	r15
     e26:	0f 91       	pop	r16
     e28:	1f 91       	pop	r17
     e2a:	cf 91       	pop	r28
     e2c:	df 91       	pop	r29
     e2e:	0e 94 76 05 	call	0xaec	; 0xaec <__addsf3x>
     e32:	0c 94 91 06 	jmp	0xd22	; 0xd22 <__fp_round>

00000e36 <__mulsf3>:
     e36:	0e 94 2e 07 	call	0xe5c	; 0xe5c <__mulsf3x>
     e3a:	0c 94 91 06 	jmp	0xd22	; 0xd22 <__fp_round>
     e3e:	0e 94 83 06 	call	0xd06	; 0xd06 <__fp_pscA>
     e42:	38 f0       	brcs	.+14     	; 0xe52 <__mulsf3+0x1c>
     e44:	0e 94 8a 06 	call	0xd14	; 0xd14 <__fp_pscB>
     e48:	20 f0       	brcs	.+8      	; 0xe52 <__mulsf3+0x1c>
     e4a:	95 23       	and	r25, r21
     e4c:	11 f0       	breq	.+4      	; 0xe52 <__mulsf3+0x1c>
     e4e:	0c 94 7a 06 	jmp	0xcf4	; 0xcf4 <__fp_inf>
     e52:	0c 94 80 06 	jmp	0xd00	; 0xd00 <__fp_nan>
     e56:	11 24       	eor	r1, r1
     e58:	0c 94 c5 06 	jmp	0xd8a	; 0xd8a <__fp_szero>

00000e5c <__mulsf3x>:
     e5c:	0e 94 a2 06 	call	0xd44	; 0xd44 <__fp_split3>
     e60:	70 f3       	brcs	.-36     	; 0xe3e <__mulsf3+0x8>

00000e62 <__mulsf3_pse>:
     e62:	95 9f       	mul	r25, r21
     e64:	c1 f3       	breq	.-16     	; 0xe56 <__mulsf3+0x20>
     e66:	95 0f       	add	r25, r21
     e68:	50 e0       	ldi	r21, 0x00	; 0
     e6a:	55 1f       	adc	r21, r21
     e6c:	62 9f       	mul	r22, r18
     e6e:	f0 01       	movw	r30, r0
     e70:	72 9f       	mul	r23, r18
     e72:	bb 27       	eor	r27, r27
     e74:	f0 0d       	add	r31, r0
     e76:	b1 1d       	adc	r27, r1
     e78:	63 9f       	mul	r22, r19
     e7a:	aa 27       	eor	r26, r26
     e7c:	f0 0d       	add	r31, r0
     e7e:	b1 1d       	adc	r27, r1
     e80:	aa 1f       	adc	r26, r26
     e82:	64 9f       	mul	r22, r20
     e84:	66 27       	eor	r22, r22
     e86:	b0 0d       	add	r27, r0
     e88:	a1 1d       	adc	r26, r1
     e8a:	66 1f       	adc	r22, r22
     e8c:	82 9f       	mul	r24, r18
     e8e:	22 27       	eor	r18, r18
     e90:	b0 0d       	add	r27, r0
     e92:	a1 1d       	adc	r26, r1
     e94:	62 1f       	adc	r22, r18
     e96:	73 9f       	mul	r23, r19
     e98:	b0 0d       	add	r27, r0
     e9a:	a1 1d       	adc	r26, r1
     e9c:	62 1f       	adc	r22, r18
     e9e:	83 9f       	mul	r24, r19
     ea0:	a0 0d       	add	r26, r0
     ea2:	61 1d       	adc	r22, r1
     ea4:	22 1f       	adc	r18, r18
     ea6:	74 9f       	mul	r23, r20
     ea8:	33 27       	eor	r19, r19
     eaa:	a0 0d       	add	r26, r0
     eac:	61 1d       	adc	r22, r1
     eae:	23 1f       	adc	r18, r19
     eb0:	84 9f       	mul	r24, r20
     eb2:	60 0d       	add	r22, r0
     eb4:	21 1d       	adc	r18, r1
     eb6:	82 2f       	mov	r24, r18
     eb8:	76 2f       	mov	r23, r22
     eba:	6a 2f       	mov	r22, r26
     ebc:	11 24       	eor	r1, r1
     ebe:	9f 57       	subi	r25, 0x7F	; 127
     ec0:	50 40       	sbci	r21, 0x00	; 0
     ec2:	9a f0       	brmi	.+38     	; 0xeea <__mulsf3_pse+0x88>
     ec4:	f1 f0       	breq	.+60     	; 0xf02 <__mulsf3_pse+0xa0>
     ec6:	88 23       	and	r24, r24
     ec8:	4a f0       	brmi	.+18     	; 0xedc <__mulsf3_pse+0x7a>
     eca:	ee 0f       	add	r30, r30
     ecc:	ff 1f       	adc	r31, r31
     ece:	bb 1f       	adc	r27, r27
     ed0:	66 1f       	adc	r22, r22
     ed2:	77 1f       	adc	r23, r23
     ed4:	88 1f       	adc	r24, r24
     ed6:	91 50       	subi	r25, 0x01	; 1
     ed8:	50 40       	sbci	r21, 0x00	; 0
     eda:	a9 f7       	brne	.-22     	; 0xec6 <__mulsf3_pse+0x64>
     edc:	9e 3f       	cpi	r25, 0xFE	; 254
     ede:	51 05       	cpc	r21, r1
     ee0:	80 f0       	brcs	.+32     	; 0xf02 <__mulsf3_pse+0xa0>
     ee2:	0c 94 7a 06 	jmp	0xcf4	; 0xcf4 <__fp_inf>
     ee6:	0c 94 c5 06 	jmp	0xd8a	; 0xd8a <__fp_szero>
     eea:	5f 3f       	cpi	r21, 0xFF	; 255
     eec:	e4 f3       	brlt	.-8      	; 0xee6 <__mulsf3_pse+0x84>
     eee:	98 3e       	cpi	r25, 0xE8	; 232
     ef0:	d4 f3       	brlt	.-12     	; 0xee6 <__mulsf3_pse+0x84>
     ef2:	86 95       	lsr	r24
     ef4:	77 95       	ror	r23
     ef6:	67 95       	ror	r22
     ef8:	b7 95       	ror	r27
     efa:	f7 95       	ror	r31
     efc:	e7 95       	ror	r30
     efe:	9f 5f       	subi	r25, 0xFF	; 255
     f00:	c1 f7       	brne	.-16     	; 0xef2 <__mulsf3_pse+0x90>
     f02:	fe 2b       	or	r31, r30
     f04:	88 0f       	add	r24, r24
     f06:	91 1d       	adc	r25, r1
     f08:	96 95       	lsr	r25
     f0a:	87 95       	ror	r24
     f0c:	97 f9       	bld	r25, 7
     f0e:	08 95       	ret

00000f10 <pow>:
     f10:	fa 01       	movw	r30, r20
     f12:	ee 0f       	add	r30, r30
     f14:	ff 1f       	adc	r31, r31
     f16:	30 96       	adiw	r30, 0x00	; 0
     f18:	21 05       	cpc	r18, r1
     f1a:	31 05       	cpc	r19, r1
     f1c:	a1 f1       	breq	.+104    	; 0xf86 <pow+0x76>
     f1e:	61 15       	cp	r22, r1
     f20:	71 05       	cpc	r23, r1
     f22:	61 f4       	brne	.+24     	; 0xf3c <pow+0x2c>
     f24:	80 38       	cpi	r24, 0x80	; 128
     f26:	bf e3       	ldi	r27, 0x3F	; 63
     f28:	9b 07       	cpc	r25, r27
     f2a:	49 f1       	breq	.+82     	; 0xf7e <pow+0x6e>
     f2c:	68 94       	set
     f2e:	90 38       	cpi	r25, 0x80	; 128
     f30:	81 05       	cpc	r24, r1
     f32:	61 f0       	breq	.+24     	; 0xf4c <pow+0x3c>
     f34:	80 38       	cpi	r24, 0x80	; 128
     f36:	bf ef       	ldi	r27, 0xFF	; 255
     f38:	9b 07       	cpc	r25, r27
     f3a:	41 f0       	breq	.+16     	; 0xf4c <pow+0x3c>
     f3c:	99 23       	and	r25, r25
     f3e:	4a f5       	brpl	.+82     	; 0xf92 <pow+0x82>
     f40:	ff 3f       	cpi	r31, 0xFF	; 255
     f42:	e1 05       	cpc	r30, r1
     f44:	31 05       	cpc	r19, r1
     f46:	21 05       	cpc	r18, r1
     f48:	19 f1       	breq	.+70     	; 0xf90 <pow+0x80>
     f4a:	e8 94       	clt
     f4c:	08 94       	sec
     f4e:	e7 95       	ror	r30
     f50:	d9 01       	movw	r26, r18
     f52:	aa 23       	and	r26, r26
     f54:	29 f4       	brne	.+10     	; 0xf60 <pow+0x50>
     f56:	ab 2f       	mov	r26, r27
     f58:	be 2f       	mov	r27, r30
     f5a:	f8 5f       	subi	r31, 0xF8	; 248
     f5c:	d0 f3       	brcs	.-12     	; 0xf52 <pow+0x42>
     f5e:	10 c0       	rjmp	.+32     	; 0xf80 <pow+0x70>
     f60:	ff 5f       	subi	r31, 0xFF	; 255
     f62:	70 f4       	brcc	.+28     	; 0xf80 <pow+0x70>
     f64:	a6 95       	lsr	r26
     f66:	e0 f7       	brcc	.-8      	; 0xf60 <pow+0x50>
     f68:	f7 39       	cpi	r31, 0x97	; 151
     f6a:	50 f0       	brcs	.+20     	; 0xf80 <pow+0x70>
     f6c:	19 f0       	breq	.+6      	; 0xf74 <pow+0x64>
     f6e:	ff 3a       	cpi	r31, 0xAF	; 175
     f70:	38 f4       	brcc	.+14     	; 0xf80 <pow+0x70>
     f72:	9f 77       	andi	r25, 0x7F	; 127
     f74:	9f 93       	push	r25
     f76:	0d d0       	rcall	.+26     	; 0xf92 <pow+0x82>
     f78:	0f 90       	pop	r0
     f7a:	07 fc       	sbrc	r0, 7
     f7c:	90 58       	subi	r25, 0x80	; 128
     f7e:	08 95       	ret
     f80:	46 f0       	brts	.+16     	; 0xf92 <pow+0x82>
     f82:	0c 94 80 06 	jmp	0xd00	; 0xd00 <__fp_nan>
     f86:	60 e0       	ldi	r22, 0x00	; 0
     f88:	70 e0       	ldi	r23, 0x00	; 0
     f8a:	80 e8       	ldi	r24, 0x80	; 128
     f8c:	9f e3       	ldi	r25, 0x3F	; 63
     f8e:	08 95       	ret
     f90:	4f e7       	ldi	r20, 0x7F	; 127
     f92:	9f 77       	andi	r25, 0x7F	; 127
     f94:	5f 93       	push	r21
     f96:	4f 93       	push	r20
     f98:	3f 93       	push	r19
     f9a:	2f 93       	push	r18
     f9c:	0e 94 d3 06 	call	0xda6	; 0xda6 <log>
     fa0:	2f 91       	pop	r18
     fa2:	3f 91       	pop	r19
     fa4:	4f 91       	pop	r20
     fa6:	5f 91       	pop	r21
     fa8:	0e 94 1b 07 	call	0xe36	; 0xe36 <__mulsf3>
     fac:	0c 94 e0 07 	jmp	0xfc0	; 0xfc0 <exp>
     fb0:	29 f4       	brne	.+10     	; 0xfbc <pow+0xac>
     fb2:	16 f0       	brts	.+4      	; 0xfb8 <pow+0xa8>
     fb4:	0c 94 7a 06 	jmp	0xcf4	; 0xcf4 <__fp_inf>
     fb8:	0c 94 c4 06 	jmp	0xd88	; 0xd88 <__fp_zero>
     fbc:	0c 94 80 06 	jmp	0xd00	; 0xd00 <__fp_nan>

00000fc0 <exp>:
     fc0:	0e 94 aa 06 	call	0xd54	; 0xd54 <__fp_splitA>
     fc4:	a8 f3       	brcs	.-22     	; 0xfb0 <pow+0xa0>
     fc6:	96 38       	cpi	r25, 0x86	; 134
     fc8:	a0 f7       	brcc	.-24     	; 0xfb2 <pow+0xa2>
     fca:	07 f8       	bld	r0, 7
     fcc:	0f 92       	push	r0
     fce:	e8 94       	clt
     fd0:	2b e3       	ldi	r18, 0x3B	; 59
     fd2:	3a ea       	ldi	r19, 0xAA	; 170
     fd4:	48 eb       	ldi	r20, 0xB8	; 184
     fd6:	5f e7       	ldi	r21, 0x7F	; 127
     fd8:	0e 94 31 07 	call	0xe62	; 0xe62 <__mulsf3_pse>
     fdc:	0f 92       	push	r0
     fde:	0f 92       	push	r0
     fe0:	0f 92       	push	r0
     fe2:	4d b7       	in	r20, 0x3d	; 61
     fe4:	5e b7       	in	r21, 0x3e	; 62
     fe6:	0f 92       	push	r0
     fe8:	0e 94 89 08 	call	0x1112	; 0x1112 <modf>
     fec:	e2 ec       	ldi	r30, 0xC2	; 194
     fee:	f0 e0       	ldi	r31, 0x00	; 0
     ff0:	0e 94 20 08 	call	0x1040	; 0x1040 <__fp_powser>
     ff4:	4f 91       	pop	r20
     ff6:	5f 91       	pop	r21
     ff8:	ef 91       	pop	r30
     ffa:	ff 91       	pop	r31
     ffc:	e5 95       	asr	r30
     ffe:	ee 1f       	adc	r30, r30
    1000:	ff 1f       	adc	r31, r31
    1002:	49 f0       	breq	.+18     	; 0x1016 <exp+0x56>
    1004:	fe 57       	subi	r31, 0x7E	; 126
    1006:	e0 68       	ori	r30, 0x80	; 128
    1008:	44 27       	eor	r20, r20
    100a:	ee 0f       	add	r30, r30
    100c:	44 1f       	adc	r20, r20
    100e:	fa 95       	dec	r31
    1010:	e1 f7       	brne	.-8      	; 0x100a <exp+0x4a>
    1012:	41 95       	neg	r20
    1014:	55 0b       	sbc	r21, r21
    1016:	0e 94 53 08 	call	0x10a6	; 0x10a6 <ldexp>
    101a:	0f 90       	pop	r0
    101c:	07 fe       	sbrs	r0, 7
    101e:	0c 94 47 08 	jmp	0x108e	; 0x108e <inverse>
    1022:	08 95       	ret

00001024 <__fp_mpack>:
    1024:	9f 3f       	cpi	r25, 0xFF	; 255
    1026:	31 f0       	breq	.+12     	; 0x1034 <__fp_mpack_finite+0xc>

00001028 <__fp_mpack_finite>:
    1028:	91 50       	subi	r25, 0x01	; 1
    102a:	20 f4       	brcc	.+8      	; 0x1034 <__fp_mpack_finite+0xc>
    102c:	87 95       	ror	r24
    102e:	77 95       	ror	r23
    1030:	67 95       	ror	r22
    1032:	b7 95       	ror	r27
    1034:	88 0f       	add	r24, r24
    1036:	91 1d       	adc	r25, r1
    1038:	96 95       	lsr	r25
    103a:	87 95       	ror	r24
    103c:	97 f9       	bld	r25, 7
    103e:	08 95       	ret

00001040 <__fp_powser>:
    1040:	df 93       	push	r29
    1042:	cf 93       	push	r28
    1044:	1f 93       	push	r17
    1046:	0f 93       	push	r16
    1048:	ff 92       	push	r15
    104a:	ef 92       	push	r14
    104c:	df 92       	push	r13
    104e:	7b 01       	movw	r14, r22
    1050:	8c 01       	movw	r16, r24
    1052:	68 94       	set
    1054:	06 c0       	rjmp	.+12     	; 0x1062 <__fp_powser+0x22>
    1056:	da 2e       	mov	r13, r26
    1058:	ef 01       	movw	r28, r30
    105a:	0e 94 2e 07 	call	0xe5c	; 0xe5c <__mulsf3x>
    105e:	fe 01       	movw	r30, r28
    1060:	e8 94       	clt
    1062:	a5 91       	lpm	r26, Z+
    1064:	25 91       	lpm	r18, Z+
    1066:	35 91       	lpm	r19, Z+
    1068:	45 91       	lpm	r20, Z+
    106a:	55 91       	lpm	r21, Z+
    106c:	a6 f3       	brts	.-24     	; 0x1056 <__fp_powser+0x16>
    106e:	ef 01       	movw	r28, r30
    1070:	0e 94 76 05 	call	0xaec	; 0xaec <__addsf3x>
    1074:	fe 01       	movw	r30, r28
    1076:	97 01       	movw	r18, r14
    1078:	a8 01       	movw	r20, r16
    107a:	da 94       	dec	r13
    107c:	69 f7       	brne	.-38     	; 0x1058 <__fp_powser+0x18>
    107e:	df 90       	pop	r13
    1080:	ef 90       	pop	r14
    1082:	ff 90       	pop	r15
    1084:	0f 91       	pop	r16
    1086:	1f 91       	pop	r17
    1088:	cf 91       	pop	r28
    108a:	df 91       	pop	r29
    108c:	08 95       	ret

0000108e <inverse>:
    108e:	9b 01       	movw	r18, r22
    1090:	ac 01       	movw	r20, r24
    1092:	60 e0       	ldi	r22, 0x00	; 0
    1094:	70 e0       	ldi	r23, 0x00	; 0
    1096:	80 e8       	ldi	r24, 0x80	; 128
    1098:	9f e3       	ldi	r25, 0x3F	; 63
    109a:	0c 94 cb 05 	jmp	0xb96	; 0xb96 <__divsf3>
    109e:	0c 94 7a 06 	jmp	0xcf4	; 0xcf4 <__fp_inf>
    10a2:	0c 94 12 08 	jmp	0x1024	; 0x1024 <__fp_mpack>

000010a6 <ldexp>:
    10a6:	0e 94 aa 06 	call	0xd54	; 0xd54 <__fp_splitA>
    10aa:	d8 f3       	brcs	.-10     	; 0x10a2 <inverse+0x14>
    10ac:	99 23       	and	r25, r25
    10ae:	c9 f3       	breq	.-14     	; 0x10a2 <inverse+0x14>
    10b0:	94 0f       	add	r25, r20
    10b2:	51 1d       	adc	r21, r1
    10b4:	a3 f3       	brvs	.-24     	; 0x109e <inverse+0x10>
    10b6:	91 50       	subi	r25, 0x01	; 1
    10b8:	50 40       	sbci	r21, 0x00	; 0
    10ba:	94 f0       	brlt	.+36     	; 0x10e0 <ldexp+0x3a>
    10bc:	59 f0       	breq	.+22     	; 0x10d4 <ldexp+0x2e>
    10be:	88 23       	and	r24, r24
    10c0:	32 f0       	brmi	.+12     	; 0x10ce <ldexp+0x28>
    10c2:	66 0f       	add	r22, r22
    10c4:	77 1f       	adc	r23, r23
    10c6:	88 1f       	adc	r24, r24
    10c8:	91 50       	subi	r25, 0x01	; 1
    10ca:	50 40       	sbci	r21, 0x00	; 0
    10cc:	c1 f7       	brne	.-16     	; 0x10be <ldexp+0x18>
    10ce:	9e 3f       	cpi	r25, 0xFE	; 254
    10d0:	51 05       	cpc	r21, r1
    10d2:	2c f7       	brge	.-54     	; 0x109e <inverse+0x10>
    10d4:	88 0f       	add	r24, r24
    10d6:	91 1d       	adc	r25, r1
    10d8:	96 95       	lsr	r25
    10da:	87 95       	ror	r24
    10dc:	97 f9       	bld	r25, 7
    10de:	08 95       	ret
    10e0:	5f 3f       	cpi	r21, 0xFF	; 255
    10e2:	ac f0       	brlt	.+42     	; 0x110e <ldexp+0x68>
    10e4:	98 3e       	cpi	r25, 0xE8	; 232
    10e6:	9c f0       	brlt	.+38     	; 0x110e <ldexp+0x68>
    10e8:	bb 27       	eor	r27, r27
    10ea:	86 95       	lsr	r24
    10ec:	77 95       	ror	r23
    10ee:	67 95       	ror	r22
    10f0:	b7 95       	ror	r27
    10f2:	08 f4       	brcc	.+2      	; 0x10f6 <ldexp+0x50>
    10f4:	b1 60       	ori	r27, 0x01	; 1
    10f6:	93 95       	inc	r25
    10f8:	c1 f7       	brne	.-16     	; 0x10ea <ldexp+0x44>
    10fa:	bb 0f       	add	r27, r27
    10fc:	58 f7       	brcc	.-42     	; 0x10d4 <ldexp+0x2e>
    10fe:	11 f4       	brne	.+4      	; 0x1104 <ldexp+0x5e>
    1100:	60 ff       	sbrs	r22, 0
    1102:	e8 cf       	rjmp	.-48     	; 0x10d4 <ldexp+0x2e>
    1104:	6f 5f       	subi	r22, 0xFF	; 255
    1106:	7f 4f       	sbci	r23, 0xFF	; 255
    1108:	8f 4f       	sbci	r24, 0xFF	; 255
    110a:	9f 4f       	sbci	r25, 0xFF	; 255
    110c:	e3 cf       	rjmp	.-58     	; 0x10d4 <ldexp+0x2e>
    110e:	0c 94 c5 06 	jmp	0xd8a	; 0xd8a <__fp_szero>

00001112 <modf>:
    1112:	fa 01       	movw	r30, r20
    1114:	dc 01       	movw	r26, r24
    1116:	aa 0f       	add	r26, r26
    1118:	bb 1f       	adc	r27, r27
    111a:	9b 01       	movw	r18, r22
    111c:	ac 01       	movw	r20, r24
    111e:	bf 57       	subi	r27, 0x7F	; 127
    1120:	28 f4       	brcc	.+10     	; 0x112c <modf+0x1a>
    1122:	22 27       	eor	r18, r18
    1124:	33 27       	eor	r19, r19
    1126:	44 27       	eor	r20, r20
    1128:	50 78       	andi	r21, 0x80	; 128
    112a:	20 c0       	rjmp	.+64     	; 0x116c <modf+0x5a>
    112c:	b7 51       	subi	r27, 0x17	; 23
    112e:	90 f4       	brcc	.+36     	; 0x1154 <modf+0x42>
    1130:	ab 2f       	mov	r26, r27
    1132:	00 24       	eor	r0, r0
    1134:	46 95       	lsr	r20
    1136:	37 95       	ror	r19
    1138:	27 95       	ror	r18
    113a:	01 1c       	adc	r0, r1
    113c:	a3 95       	inc	r26
    113e:	d2 f3       	brmi	.-12     	; 0x1134 <modf+0x22>
    1140:	00 20       	and	r0, r0
    1142:	71 f0       	breq	.+28     	; 0x1160 <modf+0x4e>
    1144:	22 0f       	add	r18, r18
    1146:	33 1f       	adc	r19, r19
    1148:	44 1f       	adc	r20, r20
    114a:	b3 95       	inc	r27
    114c:	da f3       	brmi	.-10     	; 0x1144 <modf+0x32>
    114e:	0e d0       	rcall	.+28     	; 0x116c <modf+0x5a>
    1150:	0c 94 5e 05 	jmp	0xabc	; 0xabc <__subsf3>
    1154:	61 30       	cpi	r22, 0x01	; 1
    1156:	71 05       	cpc	r23, r1
    1158:	a0 e8       	ldi	r26, 0x80	; 128
    115a:	8a 07       	cpc	r24, r26
    115c:	b9 46       	sbci	r27, 0x69	; 105
    115e:	30 f4       	brcc	.+12     	; 0x116c <modf+0x5a>
    1160:	9b 01       	movw	r18, r22
    1162:	ac 01       	movw	r20, r24
    1164:	66 27       	eor	r22, r22
    1166:	77 27       	eor	r23, r23
    1168:	88 27       	eor	r24, r24
    116a:	90 78       	andi	r25, 0x80	; 128
    116c:	30 96       	adiw	r30, 0x00	; 0
    116e:	21 f0       	breq	.+8      	; 0x1178 <modf+0x66>
    1170:	20 83       	st	Z, r18
    1172:	31 83       	std	Z+1, r19	; 0x01
    1174:	42 83       	std	Z+2, r20	; 0x02
    1176:	53 83       	std	Z+3, r21	; 0x03
    1178:	08 95       	ret

0000117a <dtostrf>:
    117a:	ef 92       	push	r14
    117c:	0f 93       	push	r16
    117e:	1f 93       	push	r17
    1180:	cf 93       	push	r28
    1182:	df 93       	push	r29
    1184:	e8 01       	movw	r28, r16
    1186:	47 fd       	sbrc	r20, 7
    1188:	02 c0       	rjmp	.+4      	; 0x118e <dtostrf+0x14>
    118a:	34 e0       	ldi	r19, 0x04	; 4
    118c:	01 c0       	rjmp	.+2      	; 0x1190 <dtostrf+0x16>
    118e:	34 e1       	ldi	r19, 0x14	; 20
    1190:	04 2e       	mov	r0, r20
    1192:	00 0c       	add	r0, r0
    1194:	55 0b       	sbc	r21, r21
    1196:	57 ff       	sbrs	r21, 7
    1198:	03 c0       	rjmp	.+6      	; 0x11a0 <dtostrf+0x26>
    119a:	51 95       	neg	r21
    119c:	41 95       	neg	r20
    119e:	51 09       	sbc	r21, r1
    11a0:	e3 2e       	mov	r14, r19
    11a2:	02 2f       	mov	r16, r18
    11a4:	24 2f       	mov	r18, r20
    11a6:	ae 01       	movw	r20, r28
    11a8:	0e 94 dd 08 	call	0x11ba	; 0x11ba <dtoa_prf>
    11ac:	ce 01       	movw	r24, r28
    11ae:	df 91       	pop	r29
    11b0:	cf 91       	pop	r28
    11b2:	1f 91       	pop	r17
    11b4:	0f 91       	pop	r16
    11b6:	ef 90       	pop	r14
    11b8:	08 95       	ret

000011ba <dtoa_prf>:
    11ba:	a9 e0       	ldi	r26, 0x09	; 9
    11bc:	b0 e0       	ldi	r27, 0x00	; 0
    11be:	e3 ee       	ldi	r30, 0xE3	; 227
    11c0:	f8 e0       	ldi	r31, 0x08	; 8
    11c2:	0c 94 15 0b 	jmp	0x162a	; 0x162a <__prologue_saves__+0xc>
    11c6:	6a 01       	movw	r12, r20
    11c8:	12 2f       	mov	r17, r18
    11ca:	b0 2e       	mov	r11, r16
    11cc:	2b e3       	ldi	r18, 0x3B	; 59
    11ce:	20 17       	cp	r18, r16
    11d0:	20 f0       	brcs	.+8      	; 0x11da <dtoa_prf+0x20>
    11d2:	ff 24       	eor	r15, r15
    11d4:	f3 94       	inc	r15
    11d6:	f0 0e       	add	r15, r16
    11d8:	02 c0       	rjmp	.+4      	; 0x11de <dtoa_prf+0x24>
    11da:	2c e3       	ldi	r18, 0x3C	; 60
    11dc:	f2 2e       	mov	r15, r18
    11de:	0f 2d       	mov	r16, r15
    11e0:	27 e0       	ldi	r18, 0x07	; 7
    11e2:	ae 01       	movw	r20, r28
    11e4:	4f 5f       	subi	r20, 0xFF	; 255
    11e6:	5f 4f       	sbci	r21, 0xFF	; 255
    11e8:	0e 94 37 0a 	call	0x146e	; 0x146e <__ftoa_engine>
    11ec:	bc 01       	movw	r22, r24
    11ee:	49 81       	ldd	r20, Y+1	; 0x01
    11f0:	84 2f       	mov	r24, r20
    11f2:	89 70       	andi	r24, 0x09	; 9
    11f4:	81 30       	cpi	r24, 0x01	; 1
    11f6:	31 f0       	breq	.+12     	; 0x1204 <dtoa_prf+0x4a>
    11f8:	e1 fc       	sbrc	r14, 1
    11fa:	06 c0       	rjmp	.+12     	; 0x1208 <dtoa_prf+0x4e>
    11fc:	e0 fe       	sbrs	r14, 0
    11fe:	06 c0       	rjmp	.+12     	; 0x120c <dtoa_prf+0x52>
    1200:	90 e2       	ldi	r25, 0x20	; 32
    1202:	05 c0       	rjmp	.+10     	; 0x120e <dtoa_prf+0x54>
    1204:	9d e2       	ldi	r25, 0x2D	; 45
    1206:	03 c0       	rjmp	.+6      	; 0x120e <dtoa_prf+0x54>
    1208:	9b e2       	ldi	r25, 0x2B	; 43
    120a:	01 c0       	rjmp	.+2      	; 0x120e <dtoa_prf+0x54>
    120c:	90 e0       	ldi	r25, 0x00	; 0
    120e:	5e 2d       	mov	r21, r14
    1210:	50 71       	andi	r21, 0x10	; 16
    1212:	43 ff       	sbrs	r20, 3
    1214:	3c c0       	rjmp	.+120    	; 0x128e <dtoa_prf+0xd4>
    1216:	91 11       	cpse	r25, r1
    1218:	02 c0       	rjmp	.+4      	; 0x121e <dtoa_prf+0x64>
    121a:	83 e0       	ldi	r24, 0x03	; 3
    121c:	01 c0       	rjmp	.+2      	; 0x1220 <dtoa_prf+0x66>
    121e:	84 e0       	ldi	r24, 0x04	; 4
    1220:	81 17       	cp	r24, r17
    1222:	18 f4       	brcc	.+6      	; 0x122a <dtoa_prf+0x70>
    1224:	21 2f       	mov	r18, r17
    1226:	28 1b       	sub	r18, r24
    1228:	01 c0       	rjmp	.+2      	; 0x122c <dtoa_prf+0x72>
    122a:	20 e0       	ldi	r18, 0x00	; 0
    122c:	51 11       	cpse	r21, r1
    122e:	0b c0       	rjmp	.+22     	; 0x1246 <dtoa_prf+0x8c>
    1230:	f6 01       	movw	r30, r12
    1232:	82 2f       	mov	r24, r18
    1234:	30 e2       	ldi	r19, 0x20	; 32
    1236:	88 23       	and	r24, r24
    1238:	19 f0       	breq	.+6      	; 0x1240 <dtoa_prf+0x86>
    123a:	31 93       	st	Z+, r19
    123c:	81 50       	subi	r24, 0x01	; 1
    123e:	fb cf       	rjmp	.-10     	; 0x1236 <dtoa_prf+0x7c>
    1240:	c2 0e       	add	r12, r18
    1242:	d1 1c       	adc	r13, r1
    1244:	20 e0       	ldi	r18, 0x00	; 0
    1246:	99 23       	and	r25, r25
    1248:	29 f0       	breq	.+10     	; 0x1254 <dtoa_prf+0x9a>
    124a:	d6 01       	movw	r26, r12
    124c:	9c 93       	st	X, r25
    124e:	f6 01       	movw	r30, r12
    1250:	31 96       	adiw	r30, 0x01	; 1
    1252:	6f 01       	movw	r12, r30
    1254:	c6 01       	movw	r24, r12
    1256:	03 96       	adiw	r24, 0x03	; 3
    1258:	e2 fe       	sbrs	r14, 2
    125a:	0a c0       	rjmp	.+20     	; 0x1270 <dtoa_prf+0xb6>
    125c:	3e e4       	ldi	r19, 0x4E	; 78
    125e:	d6 01       	movw	r26, r12
    1260:	3c 93       	st	X, r19
    1262:	41 e4       	ldi	r20, 0x41	; 65
    1264:	11 96       	adiw	r26, 0x01	; 1
    1266:	4c 93       	st	X, r20
    1268:	11 97       	sbiw	r26, 0x01	; 1
    126a:	12 96       	adiw	r26, 0x02	; 2
    126c:	3c 93       	st	X, r19
    126e:	06 c0       	rjmp	.+12     	; 0x127c <dtoa_prf+0xc2>
    1270:	3e e6       	ldi	r19, 0x6E	; 110
    1272:	f6 01       	movw	r30, r12
    1274:	30 83       	st	Z, r19
    1276:	41 e6       	ldi	r20, 0x61	; 97
    1278:	41 83       	std	Z+1, r20	; 0x01
    127a:	32 83       	std	Z+2, r19	; 0x02
    127c:	fc 01       	movw	r30, r24
    127e:	32 2f       	mov	r19, r18
    1280:	40 e2       	ldi	r20, 0x20	; 32
    1282:	33 23       	and	r19, r19
    1284:	09 f4       	brne	.+2      	; 0x1288 <dtoa_prf+0xce>
    1286:	42 c0       	rjmp	.+132    	; 0x130c <dtoa_prf+0x152>
    1288:	41 93       	st	Z+, r20
    128a:	31 50       	subi	r19, 0x01	; 1
    128c:	fa cf       	rjmp	.-12     	; 0x1282 <dtoa_prf+0xc8>
    128e:	42 ff       	sbrs	r20, 2
    1290:	44 c0       	rjmp	.+136    	; 0x131a <dtoa_prf+0x160>
    1292:	91 11       	cpse	r25, r1
    1294:	02 c0       	rjmp	.+4      	; 0x129a <dtoa_prf+0xe0>
    1296:	83 e0       	ldi	r24, 0x03	; 3
    1298:	01 c0       	rjmp	.+2      	; 0x129c <dtoa_prf+0xe2>
    129a:	84 e0       	ldi	r24, 0x04	; 4
    129c:	81 17       	cp	r24, r17
    129e:	18 f4       	brcc	.+6      	; 0x12a6 <dtoa_prf+0xec>
    12a0:	21 2f       	mov	r18, r17
    12a2:	28 1b       	sub	r18, r24
    12a4:	01 c0       	rjmp	.+2      	; 0x12a8 <dtoa_prf+0xee>
    12a6:	20 e0       	ldi	r18, 0x00	; 0
    12a8:	51 11       	cpse	r21, r1
    12aa:	0b c0       	rjmp	.+22     	; 0x12c2 <dtoa_prf+0x108>
    12ac:	f6 01       	movw	r30, r12
    12ae:	82 2f       	mov	r24, r18
    12b0:	30 e2       	ldi	r19, 0x20	; 32
    12b2:	88 23       	and	r24, r24
    12b4:	19 f0       	breq	.+6      	; 0x12bc <dtoa_prf+0x102>
    12b6:	31 93       	st	Z+, r19
    12b8:	81 50       	subi	r24, 0x01	; 1
    12ba:	fb cf       	rjmp	.-10     	; 0x12b2 <dtoa_prf+0xf8>
    12bc:	c2 0e       	add	r12, r18
    12be:	d1 1c       	adc	r13, r1
    12c0:	20 e0       	ldi	r18, 0x00	; 0
    12c2:	99 23       	and	r25, r25
    12c4:	29 f0       	breq	.+10     	; 0x12d0 <dtoa_prf+0x116>
    12c6:	d6 01       	movw	r26, r12
    12c8:	9c 93       	st	X, r25
    12ca:	f6 01       	movw	r30, r12
    12cc:	31 96       	adiw	r30, 0x01	; 1
    12ce:	6f 01       	movw	r12, r30
    12d0:	c6 01       	movw	r24, r12
    12d2:	03 96       	adiw	r24, 0x03	; 3
    12d4:	e2 fe       	sbrs	r14, 2
    12d6:	0b c0       	rjmp	.+22     	; 0x12ee <dtoa_prf+0x134>
    12d8:	39 e4       	ldi	r19, 0x49	; 73
    12da:	d6 01       	movw	r26, r12
    12dc:	3c 93       	st	X, r19
    12de:	3e e4       	ldi	r19, 0x4E	; 78
    12e0:	11 96       	adiw	r26, 0x01	; 1
    12e2:	3c 93       	st	X, r19
    12e4:	11 97       	sbiw	r26, 0x01	; 1
    12e6:	36 e4       	ldi	r19, 0x46	; 70
    12e8:	12 96       	adiw	r26, 0x02	; 2
    12ea:	3c 93       	st	X, r19
    12ec:	07 c0       	rjmp	.+14     	; 0x12fc <dtoa_prf+0x142>
    12ee:	39 e6       	ldi	r19, 0x69	; 105
    12f0:	f6 01       	movw	r30, r12
    12f2:	30 83       	st	Z, r19
    12f4:	3e e6       	ldi	r19, 0x6E	; 110
    12f6:	31 83       	std	Z+1, r19	; 0x01
    12f8:	36 e6       	ldi	r19, 0x66	; 102
    12fa:	32 83       	std	Z+2, r19	; 0x02
    12fc:	fc 01       	movw	r30, r24
    12fe:	32 2f       	mov	r19, r18
    1300:	40 e2       	ldi	r20, 0x20	; 32
    1302:	33 23       	and	r19, r19
    1304:	19 f0       	breq	.+6      	; 0x130c <dtoa_prf+0x152>
    1306:	41 93       	st	Z+, r20
    1308:	31 50       	subi	r19, 0x01	; 1
    130a:	fb cf       	rjmp	.-10     	; 0x1302 <dtoa_prf+0x148>
    130c:	fc 01       	movw	r30, r24
    130e:	e2 0f       	add	r30, r18
    1310:	f1 1d       	adc	r31, r1
    1312:	10 82       	st	Z, r1
    1314:	8e ef       	ldi	r24, 0xFE	; 254
    1316:	9f ef       	ldi	r25, 0xFF	; 255
    1318:	a6 c0       	rjmp	.+332    	; 0x1466 <dtoa_prf+0x2ac>
    131a:	21 e0       	ldi	r18, 0x01	; 1
    131c:	30 e0       	ldi	r19, 0x00	; 0
    131e:	91 11       	cpse	r25, r1
    1320:	02 c0       	rjmp	.+4      	; 0x1326 <dtoa_prf+0x16c>
    1322:	20 e0       	ldi	r18, 0x00	; 0
    1324:	30 e0       	ldi	r19, 0x00	; 0
    1326:	16 16       	cp	r1, r22
    1328:	17 06       	cpc	r1, r23
    132a:	1c f4       	brge	.+6      	; 0x1332 <dtoa_prf+0x178>
    132c:	fb 01       	movw	r30, r22
    132e:	31 96       	adiw	r30, 0x01	; 1
    1330:	02 c0       	rjmp	.+4      	; 0x1336 <dtoa_prf+0x17c>
    1332:	e1 e0       	ldi	r30, 0x01	; 1
    1334:	f0 e0       	ldi	r31, 0x00	; 0
    1336:	2e 0f       	add	r18, r30
    1338:	3f 1f       	adc	r19, r31
    133a:	bb 20       	and	r11, r11
    133c:	21 f0       	breq	.+8      	; 0x1346 <dtoa_prf+0x18c>
    133e:	eb 2d       	mov	r30, r11
    1340:	f0 e0       	ldi	r31, 0x00	; 0
    1342:	31 96       	adiw	r30, 0x01	; 1
    1344:	02 c0       	rjmp	.+4      	; 0x134a <dtoa_prf+0x190>
    1346:	e0 e0       	ldi	r30, 0x00	; 0
    1348:	f0 e0       	ldi	r31, 0x00	; 0
    134a:	2e 0f       	add	r18, r30
    134c:	3f 1f       	adc	r19, r31
    134e:	e1 2f       	mov	r30, r17
    1350:	f0 e0       	ldi	r31, 0x00	; 0
    1352:	2e 17       	cp	r18, r30
    1354:	3f 07       	cpc	r19, r31
    1356:	1c f4       	brge	.+6      	; 0x135e <dtoa_prf+0x1a4>
    1358:	12 1b       	sub	r17, r18
    135a:	21 2f       	mov	r18, r17
    135c:	01 c0       	rjmp	.+2      	; 0x1360 <dtoa_prf+0x1a6>
    135e:	20 e0       	ldi	r18, 0x00	; 0
    1360:	8e 2d       	mov	r24, r14
    1362:	88 71       	andi	r24, 0x18	; 24
    1364:	59 f4       	brne	.+22     	; 0x137c <dtoa_prf+0x1c2>
    1366:	f6 01       	movw	r30, r12
    1368:	82 2f       	mov	r24, r18
    136a:	30 e2       	ldi	r19, 0x20	; 32
    136c:	88 23       	and	r24, r24
    136e:	19 f0       	breq	.+6      	; 0x1376 <dtoa_prf+0x1bc>
    1370:	31 93       	st	Z+, r19
    1372:	81 50       	subi	r24, 0x01	; 1
    1374:	fb cf       	rjmp	.-10     	; 0x136c <dtoa_prf+0x1b2>
    1376:	c2 0e       	add	r12, r18
    1378:	d1 1c       	adc	r13, r1
    137a:	20 e0       	ldi	r18, 0x00	; 0
    137c:	99 23       	and	r25, r25
    137e:	29 f0       	breq	.+10     	; 0x138a <dtoa_prf+0x1d0>
    1380:	d6 01       	movw	r26, r12
    1382:	9c 93       	st	X, r25
    1384:	f6 01       	movw	r30, r12
    1386:	31 96       	adiw	r30, 0x01	; 1
    1388:	6f 01       	movw	r12, r30
    138a:	51 11       	cpse	r21, r1
    138c:	0b c0       	rjmp	.+22     	; 0x13a4 <dtoa_prf+0x1ea>
    138e:	f6 01       	movw	r30, r12
    1390:	82 2f       	mov	r24, r18
    1392:	90 e3       	ldi	r25, 0x30	; 48
    1394:	88 23       	and	r24, r24
    1396:	19 f0       	breq	.+6      	; 0x139e <dtoa_prf+0x1e4>
    1398:	91 93       	st	Z+, r25
    139a:	81 50       	subi	r24, 0x01	; 1
    139c:	fb cf       	rjmp	.-10     	; 0x1394 <dtoa_prf+0x1da>
    139e:	c2 0e       	add	r12, r18
    13a0:	d1 1c       	adc	r13, r1
    13a2:	20 e0       	ldi	r18, 0x00	; 0
    13a4:	0f 2d       	mov	r16, r15
    13a6:	06 0f       	add	r16, r22
    13a8:	9a 81       	ldd	r25, Y+2	; 0x02
    13aa:	34 2f       	mov	r19, r20
    13ac:	30 71       	andi	r19, 0x10	; 16
    13ae:	44 ff       	sbrs	r20, 4
    13b0:	03 c0       	rjmp	.+6      	; 0x13b8 <dtoa_prf+0x1fe>
    13b2:	91 33       	cpi	r25, 0x31	; 49
    13b4:	09 f4       	brne	.+2      	; 0x13b8 <dtoa_prf+0x1fe>
    13b6:	01 50       	subi	r16, 0x01	; 1
    13b8:	10 16       	cp	r1, r16
    13ba:	24 f4       	brge	.+8      	; 0x13c4 <dtoa_prf+0x20a>
    13bc:	09 30       	cpi	r16, 0x09	; 9
    13be:	18 f0       	brcs	.+6      	; 0x13c6 <dtoa_prf+0x20c>
    13c0:	08 e0       	ldi	r16, 0x08	; 8
    13c2:	01 c0       	rjmp	.+2      	; 0x13c6 <dtoa_prf+0x20c>
    13c4:	01 e0       	ldi	r16, 0x01	; 1
    13c6:	ab 01       	movw	r20, r22
    13c8:	77 ff       	sbrs	r23, 7
    13ca:	02 c0       	rjmp	.+4      	; 0x13d0 <dtoa_prf+0x216>
    13cc:	40 e0       	ldi	r20, 0x00	; 0
    13ce:	50 e0       	ldi	r21, 0x00	; 0
    13d0:	fb 01       	movw	r30, r22
    13d2:	e4 1b       	sub	r30, r20
    13d4:	f5 0b       	sbc	r31, r21
    13d6:	a1 e0       	ldi	r26, 0x01	; 1
    13d8:	b0 e0       	ldi	r27, 0x00	; 0
    13da:	ac 0f       	add	r26, r28
    13dc:	bd 1f       	adc	r27, r29
    13de:	ea 0f       	add	r30, r26
    13e0:	fb 1f       	adc	r31, r27
    13e2:	8e e2       	ldi	r24, 0x2E	; 46
    13e4:	a8 2e       	mov	r10, r24
    13e6:	4b 01       	movw	r8, r22
    13e8:	80 1a       	sub	r8, r16
    13ea:	91 08       	sbc	r9, r1
    13ec:	0b 2d       	mov	r16, r11
    13ee:	10 e0       	ldi	r17, 0x00	; 0
    13f0:	11 95       	neg	r17
    13f2:	01 95       	neg	r16
    13f4:	11 09       	sbc	r17, r1
    13f6:	4f 3f       	cpi	r20, 0xFF	; 255
    13f8:	bf ef       	ldi	r27, 0xFF	; 255
    13fa:	5b 07       	cpc	r21, r27
    13fc:	21 f4       	brne	.+8      	; 0x1406 <dtoa_prf+0x24c>
    13fe:	d6 01       	movw	r26, r12
    1400:	ac 92       	st	X, r10
    1402:	11 96       	adiw	r26, 0x01	; 1
    1404:	6d 01       	movw	r12, r26
    1406:	64 17       	cp	r22, r20
    1408:	75 07       	cpc	r23, r21
    140a:	2c f0       	brlt	.+10     	; 0x1416 <dtoa_prf+0x25c>
    140c:	84 16       	cp	r8, r20
    140e:	95 06       	cpc	r9, r21
    1410:	14 f4       	brge	.+4      	; 0x1416 <dtoa_prf+0x25c>
    1412:	81 81       	ldd	r24, Z+1	; 0x01
    1414:	01 c0       	rjmp	.+2      	; 0x1418 <dtoa_prf+0x25e>
    1416:	80 e3       	ldi	r24, 0x30	; 48
    1418:	41 50       	subi	r20, 0x01	; 1
    141a:	51 09       	sbc	r21, r1
    141c:	31 96       	adiw	r30, 0x01	; 1
    141e:	d6 01       	movw	r26, r12
    1420:	11 96       	adiw	r26, 0x01	; 1
    1422:	7d 01       	movw	r14, r26
    1424:	40 17       	cp	r20, r16
    1426:	51 07       	cpc	r21, r17
    1428:	24 f0       	brlt	.+8      	; 0x1432 <dtoa_prf+0x278>
    142a:	d6 01       	movw	r26, r12
    142c:	8c 93       	st	X, r24
    142e:	67 01       	movw	r12, r14
    1430:	e2 cf       	rjmp	.-60     	; 0x13f6 <dtoa_prf+0x23c>
    1432:	64 17       	cp	r22, r20
    1434:	75 07       	cpc	r23, r21
    1436:	39 f4       	brne	.+14     	; 0x1446 <dtoa_prf+0x28c>
    1438:	96 33       	cpi	r25, 0x36	; 54
    143a:	20 f4       	brcc	.+8      	; 0x1444 <dtoa_prf+0x28a>
    143c:	95 33       	cpi	r25, 0x35	; 53
    143e:	19 f4       	brne	.+6      	; 0x1446 <dtoa_prf+0x28c>
    1440:	31 11       	cpse	r19, r1
    1442:	01 c0       	rjmp	.+2      	; 0x1446 <dtoa_prf+0x28c>
    1444:	81 e3       	ldi	r24, 0x31	; 49
    1446:	f6 01       	movw	r30, r12
    1448:	80 83       	st	Z, r24
    144a:	f7 01       	movw	r30, r14
    144c:	82 2f       	mov	r24, r18
    144e:	90 e2       	ldi	r25, 0x20	; 32
    1450:	88 23       	and	r24, r24
    1452:	19 f0       	breq	.+6      	; 0x145a <dtoa_prf+0x2a0>
    1454:	91 93       	st	Z+, r25
    1456:	81 50       	subi	r24, 0x01	; 1
    1458:	fb cf       	rjmp	.-10     	; 0x1450 <dtoa_prf+0x296>
    145a:	f7 01       	movw	r30, r14
    145c:	e2 0f       	add	r30, r18
    145e:	f1 1d       	adc	r31, r1
    1460:	10 82       	st	Z, r1
    1462:	80 e0       	ldi	r24, 0x00	; 0
    1464:	90 e0       	ldi	r25, 0x00	; 0
    1466:	29 96       	adiw	r28, 0x09	; 9
    1468:	ec e0       	ldi	r30, 0x0C	; 12
    146a:	0c 94 31 0b 	jmp	0x1662	; 0x1662 <__epilogue_restores__+0xc>

0000146e <__ftoa_engine>:
    146e:	28 30       	cpi	r18, 0x08	; 8
    1470:	08 f0       	brcs	.+2      	; 0x1474 <__ftoa_engine+0x6>
    1472:	27 e0       	ldi	r18, 0x07	; 7
    1474:	33 27       	eor	r19, r19
    1476:	da 01       	movw	r26, r20
    1478:	99 0f       	add	r25, r25
    147a:	31 1d       	adc	r19, r1
    147c:	87 fd       	sbrc	r24, 7
    147e:	91 60       	ori	r25, 0x01	; 1
    1480:	00 96       	adiw	r24, 0x00	; 0
    1482:	61 05       	cpc	r22, r1
    1484:	71 05       	cpc	r23, r1
    1486:	39 f4       	brne	.+14     	; 0x1496 <__ftoa_engine+0x28>
    1488:	32 60       	ori	r19, 0x02	; 2
    148a:	2e 5f       	subi	r18, 0xFE	; 254
    148c:	3d 93       	st	X+, r19
    148e:	30 e3       	ldi	r19, 0x30	; 48
    1490:	2a 95       	dec	r18
    1492:	e1 f7       	brne	.-8      	; 0x148c <__ftoa_engine+0x1e>
    1494:	08 95       	ret
    1496:	9f 3f       	cpi	r25, 0xFF	; 255
    1498:	30 f0       	brcs	.+12     	; 0x14a6 <__ftoa_engine+0x38>
    149a:	80 38       	cpi	r24, 0x80	; 128
    149c:	71 05       	cpc	r23, r1
    149e:	61 05       	cpc	r22, r1
    14a0:	09 f0       	breq	.+2      	; 0x14a4 <__ftoa_engine+0x36>
    14a2:	3c 5f       	subi	r19, 0xFC	; 252
    14a4:	3c 5f       	subi	r19, 0xFC	; 252
    14a6:	3d 93       	st	X+, r19
    14a8:	91 30       	cpi	r25, 0x01	; 1
    14aa:	08 f0       	brcs	.+2      	; 0x14ae <__ftoa_engine+0x40>
    14ac:	80 68       	ori	r24, 0x80	; 128
    14ae:	91 1d       	adc	r25, r1
    14b0:	df 93       	push	r29
    14b2:	cf 93       	push	r28
    14b4:	1f 93       	push	r17
    14b6:	0f 93       	push	r16
    14b8:	ff 92       	push	r15
    14ba:	ef 92       	push	r14
    14bc:	19 2f       	mov	r17, r25
    14be:	98 7f       	andi	r25, 0xF8	; 248
    14c0:	96 95       	lsr	r25
    14c2:	e9 2f       	mov	r30, r25
    14c4:	96 95       	lsr	r25
    14c6:	96 95       	lsr	r25
    14c8:	e9 0f       	add	r30, r25
    14ca:	ff 27       	eor	r31, r31
    14cc:	ec 5b       	subi	r30, 0xBC	; 188
    14ce:	fe 4f       	sbci	r31, 0xFE	; 254
    14d0:	99 27       	eor	r25, r25
    14d2:	33 27       	eor	r19, r19
    14d4:	ee 24       	eor	r14, r14
    14d6:	ff 24       	eor	r15, r15
    14d8:	a7 01       	movw	r20, r14
    14da:	e7 01       	movw	r28, r14
    14dc:	05 90       	lpm	r0, Z+
    14de:	08 94       	sec
    14e0:	07 94       	ror	r0
    14e2:	28 f4       	brcc	.+10     	; 0x14ee <__ftoa_engine+0x80>
    14e4:	36 0f       	add	r19, r22
    14e6:	e7 1e       	adc	r14, r23
    14e8:	f8 1e       	adc	r15, r24
    14ea:	49 1f       	adc	r20, r25
    14ec:	51 1d       	adc	r21, r1
    14ee:	66 0f       	add	r22, r22
    14f0:	77 1f       	adc	r23, r23
    14f2:	88 1f       	adc	r24, r24
    14f4:	99 1f       	adc	r25, r25
    14f6:	06 94       	lsr	r0
    14f8:	a1 f7       	brne	.-24     	; 0x14e2 <__ftoa_engine+0x74>
    14fa:	05 90       	lpm	r0, Z+
    14fc:	07 94       	ror	r0
    14fe:	28 f4       	brcc	.+10     	; 0x150a <__ftoa_engine+0x9c>
    1500:	e7 0e       	add	r14, r23
    1502:	f8 1e       	adc	r15, r24
    1504:	49 1f       	adc	r20, r25
    1506:	56 1f       	adc	r21, r22
    1508:	c1 1d       	adc	r28, r1
    150a:	77 0f       	add	r23, r23
    150c:	88 1f       	adc	r24, r24
    150e:	99 1f       	adc	r25, r25
    1510:	66 1f       	adc	r22, r22
    1512:	06 94       	lsr	r0
    1514:	a1 f7       	brne	.-24     	; 0x14fe <__ftoa_engine+0x90>
    1516:	05 90       	lpm	r0, Z+
    1518:	07 94       	ror	r0
    151a:	28 f4       	brcc	.+10     	; 0x1526 <__ftoa_engine+0xb8>
    151c:	f8 0e       	add	r15, r24
    151e:	49 1f       	adc	r20, r25
    1520:	56 1f       	adc	r21, r22
    1522:	c7 1f       	adc	r28, r23
    1524:	d1 1d       	adc	r29, r1
    1526:	88 0f       	add	r24, r24
    1528:	99 1f       	adc	r25, r25
    152a:	66 1f       	adc	r22, r22
    152c:	77 1f       	adc	r23, r23
    152e:	06 94       	lsr	r0
    1530:	a1 f7       	brne	.-24     	; 0x151a <__ftoa_engine+0xac>
    1532:	05 90       	lpm	r0, Z+
    1534:	07 94       	ror	r0
    1536:	20 f4       	brcc	.+8      	; 0x1540 <__ftoa_engine+0xd2>
    1538:	49 0f       	add	r20, r25
    153a:	56 1f       	adc	r21, r22
    153c:	c7 1f       	adc	r28, r23
    153e:	d8 1f       	adc	r29, r24
    1540:	99 0f       	add	r25, r25
    1542:	66 1f       	adc	r22, r22
    1544:	77 1f       	adc	r23, r23
    1546:	88 1f       	adc	r24, r24
    1548:	06 94       	lsr	r0
    154a:	a9 f7       	brne	.-22     	; 0x1536 <__ftoa_engine+0xc8>
    154c:	84 91       	lpm	r24, Z
    154e:	10 95       	com	r17
    1550:	17 70       	andi	r17, 0x07	; 7
    1552:	41 f0       	breq	.+16     	; 0x1564 <__ftoa_engine+0xf6>
    1554:	d6 95       	lsr	r29
    1556:	c7 95       	ror	r28
    1558:	57 95       	ror	r21
    155a:	47 95       	ror	r20
    155c:	f7 94       	ror	r15
    155e:	e7 94       	ror	r14
    1560:	1a 95       	dec	r17
    1562:	c1 f7       	brne	.-16     	; 0x1554 <__ftoa_engine+0xe6>
    1564:	ea ee       	ldi	r30, 0xEA	; 234
    1566:	f0 e0       	ldi	r31, 0x00	; 0
    1568:	68 94       	set
    156a:	15 90       	lpm	r1, Z+
    156c:	15 91       	lpm	r17, Z+
    156e:	35 91       	lpm	r19, Z+
    1570:	65 91       	lpm	r22, Z+
    1572:	95 91       	lpm	r25, Z+
    1574:	05 90       	lpm	r0, Z+
    1576:	7f e2       	ldi	r23, 0x2F	; 47
    1578:	73 95       	inc	r23
    157a:	e1 18       	sub	r14, r1
    157c:	f1 0a       	sbc	r15, r17
    157e:	43 0b       	sbc	r20, r19
    1580:	56 0b       	sbc	r21, r22
    1582:	c9 0b       	sbc	r28, r25
    1584:	d0 09       	sbc	r29, r0
    1586:	c0 f7       	brcc	.-16     	; 0x1578 <__ftoa_engine+0x10a>
    1588:	e1 0c       	add	r14, r1
    158a:	f1 1e       	adc	r15, r17
    158c:	43 1f       	adc	r20, r19
    158e:	56 1f       	adc	r21, r22
    1590:	c9 1f       	adc	r28, r25
    1592:	d0 1d       	adc	r29, r0
    1594:	7e f4       	brtc	.+30     	; 0x15b4 <__ftoa_engine+0x146>
    1596:	70 33       	cpi	r23, 0x30	; 48
    1598:	11 f4       	brne	.+4      	; 0x159e <__ftoa_engine+0x130>
    159a:	8a 95       	dec	r24
    159c:	e6 cf       	rjmp	.-52     	; 0x156a <__ftoa_engine+0xfc>
    159e:	e8 94       	clt
    15a0:	01 50       	subi	r16, 0x01	; 1
    15a2:	30 f0       	brcs	.+12     	; 0x15b0 <__ftoa_engine+0x142>
    15a4:	08 0f       	add	r16, r24
    15a6:	0a f4       	brpl	.+2      	; 0x15aa <__ftoa_engine+0x13c>
    15a8:	00 27       	eor	r16, r16
    15aa:	02 17       	cp	r16, r18
    15ac:	08 f4       	brcc	.+2      	; 0x15b0 <__ftoa_engine+0x142>
    15ae:	20 2f       	mov	r18, r16
    15b0:	23 95       	inc	r18
    15b2:	02 2f       	mov	r16, r18
    15b4:	7a 33       	cpi	r23, 0x3A	; 58
    15b6:	28 f0       	brcs	.+10     	; 0x15c2 <__ftoa_engine+0x154>
    15b8:	79 e3       	ldi	r23, 0x39	; 57
    15ba:	7d 93       	st	X+, r23
    15bc:	2a 95       	dec	r18
    15be:	e9 f7       	brne	.-6      	; 0x15ba <__ftoa_engine+0x14c>
    15c0:	10 c0       	rjmp	.+32     	; 0x15e2 <__ftoa_engine+0x174>
    15c2:	7d 93       	st	X+, r23
    15c4:	2a 95       	dec	r18
    15c6:	89 f6       	brne	.-94     	; 0x156a <__ftoa_engine+0xfc>
    15c8:	06 94       	lsr	r0
    15ca:	97 95       	ror	r25
    15cc:	67 95       	ror	r22
    15ce:	37 95       	ror	r19
    15d0:	17 95       	ror	r17
    15d2:	17 94       	ror	r1
    15d4:	e1 18       	sub	r14, r1
    15d6:	f1 0a       	sbc	r15, r17
    15d8:	43 0b       	sbc	r20, r19
    15da:	56 0b       	sbc	r21, r22
    15dc:	c9 0b       	sbc	r28, r25
    15de:	d0 09       	sbc	r29, r0
    15e0:	98 f0       	brcs	.+38     	; 0x1608 <__ftoa_engine+0x19a>
    15e2:	23 95       	inc	r18
    15e4:	7e 91       	ld	r23, -X
    15e6:	73 95       	inc	r23
    15e8:	7a 33       	cpi	r23, 0x3A	; 58
    15ea:	08 f0       	brcs	.+2      	; 0x15ee <__ftoa_engine+0x180>
    15ec:	70 e3       	ldi	r23, 0x30	; 48
    15ee:	7c 93       	st	X, r23
    15f0:	20 13       	cpse	r18, r16
    15f2:	b8 f7       	brcc	.-18     	; 0x15e2 <__ftoa_engine+0x174>
    15f4:	7e 91       	ld	r23, -X
    15f6:	70 61       	ori	r23, 0x10	; 16
    15f8:	7d 93       	st	X+, r23
    15fa:	30 f0       	brcs	.+12     	; 0x1608 <__ftoa_engine+0x19a>
    15fc:	83 95       	inc	r24
    15fe:	71 e3       	ldi	r23, 0x31	; 49
    1600:	7d 93       	st	X+, r23
    1602:	70 e3       	ldi	r23, 0x30	; 48
    1604:	2a 95       	dec	r18
    1606:	e1 f7       	brne	.-8      	; 0x1600 <__ftoa_engine+0x192>
    1608:	11 24       	eor	r1, r1
    160a:	ef 90       	pop	r14
    160c:	ff 90       	pop	r15
    160e:	0f 91       	pop	r16
    1610:	1f 91       	pop	r17
    1612:	cf 91       	pop	r28
    1614:	df 91       	pop	r29
    1616:	99 27       	eor	r25, r25
    1618:	87 fd       	sbrc	r24, 7
    161a:	90 95       	com	r25
    161c:	08 95       	ret

0000161e <__prologue_saves__>:
    161e:	2f 92       	push	r2
    1620:	3f 92       	push	r3
    1622:	4f 92       	push	r4
    1624:	5f 92       	push	r5
    1626:	6f 92       	push	r6
    1628:	7f 92       	push	r7
    162a:	8f 92       	push	r8
    162c:	9f 92       	push	r9
    162e:	af 92       	push	r10
    1630:	bf 92       	push	r11
    1632:	cf 92       	push	r12
    1634:	df 92       	push	r13
    1636:	ef 92       	push	r14
    1638:	ff 92       	push	r15
    163a:	0f 93       	push	r16
    163c:	1f 93       	push	r17
    163e:	cf 93       	push	r28
    1640:	df 93       	push	r29
    1642:	cd b7       	in	r28, 0x3d	; 61
    1644:	de b7       	in	r29, 0x3e	; 62
    1646:	ca 1b       	sub	r28, r26
    1648:	db 0b       	sbc	r29, r27
    164a:	0f b6       	in	r0, 0x3f	; 63
    164c:	f8 94       	cli
    164e:	de bf       	out	0x3e, r29	; 62
    1650:	0f be       	out	0x3f, r0	; 63
    1652:	cd bf       	out	0x3d, r28	; 61
    1654:	09 94       	ijmp

00001656 <__epilogue_restores__>:
    1656:	2a 88       	ldd	r2, Y+18	; 0x12
    1658:	39 88       	ldd	r3, Y+17	; 0x11
    165a:	48 88       	ldd	r4, Y+16	; 0x10
    165c:	5f 84       	ldd	r5, Y+15	; 0x0f
    165e:	6e 84       	ldd	r6, Y+14	; 0x0e
    1660:	7d 84       	ldd	r7, Y+13	; 0x0d
    1662:	8c 84       	ldd	r8, Y+12	; 0x0c
    1664:	9b 84       	ldd	r9, Y+11	; 0x0b
    1666:	aa 84       	ldd	r10, Y+10	; 0x0a
    1668:	b9 84       	ldd	r11, Y+9	; 0x09
    166a:	c8 84       	ldd	r12, Y+8	; 0x08
    166c:	df 80       	ldd	r13, Y+7	; 0x07
    166e:	ee 80       	ldd	r14, Y+6	; 0x06
    1670:	fd 80       	ldd	r15, Y+5	; 0x05
    1672:	0c 81       	ldd	r16, Y+4	; 0x04
    1674:	1b 81       	ldd	r17, Y+3	; 0x03
    1676:	aa 81       	ldd	r26, Y+2	; 0x02
    1678:	b9 81       	ldd	r27, Y+1	; 0x01
    167a:	ce 0f       	add	r28, r30
    167c:	d1 1d       	adc	r29, r1
    167e:	0f b6       	in	r0, 0x3f	; 63
    1680:	f8 94       	cli
    1682:	de bf       	out	0x3e, r29	; 62
    1684:	0f be       	out	0x3f, r0	; 63
    1686:	cd bf       	out	0x3d, r28	; 61
    1688:	ed 01       	movw	r28, r26
    168a:	08 95       	ret

0000168c <_exit>:
    168c:	f8 94       	cli

0000168e <__stop_program>:
    168e:	ff cf       	rjmp	.-2      	; 0x168e <__stop_program>
