
PANI.elf:     file format elf32-avr

Sections:
Idx Name          Size      VMA       LMA       File off  Algn
  0 .data         000000ee  00800100  00002508  0000259c  2**0
                  CONTENTS, ALLOC, LOAD, DATA
  1 .text         00002508  00000000  00000000  00000094  2**1
                  CONTENTS, ALLOC, LOAD, READONLY, CODE
  2 .bss          00000377  008001ee  008001ee  0000268a  2**0
                  ALLOC
  3 .comment      00000030  00000000  00000000  0000268a  2**0
                  CONTENTS, READONLY
  4 .note.gnu.avr.deviceinfo 00000040  00000000  00000000  000026bc  2**2
                  CONTENTS, READONLY
  5 .debug_aranges 000000c8  00000000  00000000  000026fc  2**0
                  CONTENTS, READONLY, DEBUGGING
  6 .debug_info   00002514  00000000  00000000  000027c4  2**0
                  CONTENTS, READONLY, DEBUGGING
  7 .debug_abbrev 000008b8  00000000  00000000  00004cd8  2**0
                  CONTENTS, READONLY, DEBUGGING
  8 .debug_line   000013c9  00000000  00000000  00005590  2**0
                  CONTENTS, READONLY, DEBUGGING
  9 .debug_frame  000002fc  00000000  00000000  0000695c  2**2
                  CONTENTS, READONLY, DEBUGGING
 10 .debug_str    00000b2e  00000000  00000000  00006c58  2**0
                  CONTENTS, READONLY, DEBUGGING
 11 .debug_loc    00001513  00000000  00000000  00007786  2**0
                  CONTENTS, READONLY, DEBUGGING
 12 .debug_ranges 000000b8  00000000  00000000  00008c99  2**0
                  CONTENTS, READONLY, DEBUGGING

Disassembly of section .text:

00000000 <__vectors>:
       0:	0c 94 b1 00 	jmp	0x162	; 0x162 <__ctors_end>
       4:	0c 94 ce 00 	jmp	0x19c	; 0x19c <__bad_interrupt>
       8:	0c 94 ce 00 	jmp	0x19c	; 0x19c <__bad_interrupt>
       c:	0c 94 ce 00 	jmp	0x19c	; 0x19c <__bad_interrupt>
      10:	0c 94 ce 00 	jmp	0x19c	; 0x19c <__bad_interrupt>
      14:	0c 94 ce 00 	jmp	0x19c	; 0x19c <__bad_interrupt>
      18:	0c 94 ce 00 	jmp	0x19c	; 0x19c <__bad_interrupt>
      1c:	0c 94 bf 04 	jmp	0x97e	; 0x97e <__vector_7>
      20:	0c 94 ce 00 	jmp	0x19c	; 0x19c <__bad_interrupt>
      24:	0c 94 ce 00 	jmp	0x19c	; 0x19c <__bad_interrupt>
      28:	0c 94 ce 00 	jmp	0x19c	; 0x19c <__bad_interrupt>
      2c:	0c 94 ce 00 	jmp	0x19c	; 0x19c <__bad_interrupt>
      30:	0c 94 ce 00 	jmp	0x19c	; 0x19c <__bad_interrupt>
      34:	0c 94 ce 00 	jmp	0x19c	; 0x19c <__bad_interrupt>
      38:	0c 94 ce 00 	jmp	0x19c	; 0x19c <__bad_interrupt>
      3c:	0c 94 ce 00 	jmp	0x19c	; 0x19c <__bad_interrupt>
      40:	0c 94 ce 00 	jmp	0x19c	; 0x19c <__bad_interrupt>
      44:	0c 94 ce 00 	jmp	0x19c	; 0x19c <__bad_interrupt>
      48:	0c 94 c6 02 	jmp	0x58c	; 0x58c <__vector_18>
      4c:	0c 94 ce 00 	jmp	0x19c	; 0x19c <__bad_interrupt>
      50:	0c 94 ce 00 	jmp	0x19c	; 0x19c <__bad_interrupt>
      54:	0c 94 ce 00 	jmp	0x19c	; 0x19c <__bad_interrupt>
      58:	0c 94 ce 00 	jmp	0x19c	; 0x19c <__bad_interrupt>
      5c:	0c 94 ce 00 	jmp	0x19c	; 0x19c <__bad_interrupt>
      60:	0c 94 ce 00 	jmp	0x19c	; 0x19c <__bad_interrupt>
      64:	0c 94 ce 00 	jmp	0x19c	; 0x19c <__bad_interrupt>

00000068 <__trampolines_end>:
      68:	00 40       	sbci	r16, 0x00	; 0
      6a:	7a 10       	cpse	r7, r10
      6c:	f3 5a       	subi	r31, 0xA3	; 163
      6e:	00 a0       	ldd	r0, Z+32	; 0x20
      70:	72 4e       	sbci	r23, 0xE2	; 226
      72:	18 09       	sbc	r17, r8
      74:	00 10       	cpse	r0, r0
      76:	a5 d4       	rcall	.+2378   	; 0x9c2 <__vector_7+0x44>
      78:	e8 00       	.word	0x00e8	; ????
      7a:	00 e8       	ldi	r16, 0x80	; 128
      7c:	76 48       	sbci	r23, 0x86	; 134
      7e:	17 00       	.word	0x0017	; ????
      80:	00 e4       	ldi	r16, 0x40	; 64
      82:	0b 54       	subi	r16, 0x4B	; 75
      84:	02 00       	.word	0x0002	; ????
      86:	00 ca       	rjmp	.-3072   	; 0xfffff488 <__eeprom_end+0xff7ef488>
      88:	9a 3b       	cpi	r25, 0xBA	; 186
      8a:	00 00       	nop
      8c:	00 e1       	ldi	r16, 0x10	; 16
      8e:	f5 05       	cpc	r31, r5
      90:	00 00       	nop
      92:	80 96       	adiw	r24, 0x20	; 32
      94:	98 00       	.word	0x0098	; ????
      96:	00 00       	nop
      98:	40 42       	sbci	r20, 0x20	; 32
      9a:	0f 00       	.word	0x000f	; ????
      9c:	00 00       	nop
      9e:	a0 86       	std	Z+8, r10	; 0x08
      a0:	01 00       	.word	0x0001	; ????
      a2:	00 00       	nop
      a4:	10 27       	eor	r17, r16
      a6:	00 00       	nop
      a8:	00 00       	nop
      aa:	e8 03       	fmulsu	r22, r16
      ac:	00 00       	nop
      ae:	00 00       	nop
      b0:	64 00       	.word	0x0064	; ????
      b2:	00 00       	nop
      b4:	00 00       	nop
      b6:	0a 00       	.word	0x000a	; ????
      b8:	00 00       	nop
      ba:	00 00       	nop
      bc:	01 00       	.word	0x0001	; ????
      be:	00 00       	nop
      c0:	00 00       	nop
      c2:	2c 76       	andi	r18, 0x6C	; 108
      c4:	d8 88       	ldd	r13, Y+16	; 0x10
      c6:	dc 67       	ori	r29, 0x7C	; 124
      c8:	4f 08       	sbc	r4, r15
      ca:	23 df       	rcall	.-442    	; 0xffffff12 <__eeprom_end+0xff7eff12>
      cc:	c1 df       	rcall	.-126    	; 0x50 <__SREG__+0x11>
      ce:	ae 59       	subi	r26, 0x9E	; 158
      d0:	e1 b1       	in	r30, 0x01	; 1
      d2:	b7 96       	adiw	r30, 0x27	; 39
      d4:	e5 e3       	ldi	r30, 0x35	; 53
      d6:	e4 53       	subi	r30, 0x34	; 52
      d8:	c6 3a       	cpi	r28, 0xA6	; 166
      da:	e6 51       	subi	r30, 0x16	; 22
      dc:	99 76       	andi	r25, 0x69	; 105
      de:	96 e8       	ldi	r25, 0x86	; 134
      e0:	e6 c2       	rjmp	.+1484   	; 0x6ae <__vector_18+0x122>
      e2:	84 26       	eor	r8, r20
      e4:	eb 89       	ldd	r30, Y+19	; 0x13
      e6:	8c 9b       	sbis	0x11, 4	; 17
      e8:	62 ed       	ldi	r22, 0xD2	; 210
      ea:	40 7c       	andi	r20, 0xC0	; 192
      ec:	6f fc       	.word	0xfc6f	; ????
      ee:	ef bc       	out	0x2f, r14	; 47
      f0:	9c 9f       	mul	r25, r28
      f2:	40 f2       	brcs	.-112    	; 0x84 <__trampolines_end+0x1c>
      f4:	ba a5       	ldd	r27, Y+42	; 0x2a
      f6:	6f a5       	ldd	r22, Y+47	; 0x2f
      f8:	f4 90       	lpm	r15, Z
      fa:	05 5a       	subi	r16, 0xA5	; 165
      fc:	2a f7       	brpl	.-54     	; 0xc8 <__trampolines_end+0x60>
      fe:	5c 93       	st	X, r21
     100:	6b 6c       	ori	r22, 0xCB	; 203
     102:	f9 67       	ori	r31, 0x79	; 121
     104:	6d c1       	rjmp	.+730    	; 0x3e0 <_Z13i2c_read_nackv+0x1c>
     106:	1b fc       	.word	0xfc1b	; ????
     108:	e0 e4       	ldi	r30, 0x40	; 64
     10a:	0d 47       	sbci	r16, 0x7D	; 125
     10c:	fe f5       	brtc	.+126    	; 0x18c <.do_clear_bss_loop>
     10e:	20 e6       	ldi	r18, 0x60	; 96
     110:	b5 00       	.word	0x00b5	; ????
     112:	d0 ed       	ldi	r29, 0xD0	; 208
     114:	90 2e       	mov	r9, r16
     116:	03 00       	.word	0x0003	; ????
     118:	94 35       	cpi	r25, 0x54	; 84
     11a:	77 05       	cpc	r23, r7
     11c:	00 80       	ld	r0, Z
     11e:	84 1e       	adc	r8, r20
     120:	08 00       	.word	0x0008	; ????
     122:	00 20       	and	r0, r0
     124:	4e 0a       	sbc	r4, r30
     126:	00 00       	nop
     128:	00 c8       	rjmp	.-4096   	; 0xfffff12a <__eeprom_end+0xff7ef12a>
     12a:	0c 33       	cpi	r16, 0x3C	; 60
     12c:	33 33       	cpi	r19, 0x33	; 51
     12e:	33 0f       	add	r19, r19
     130:	98 6e       	ori	r25, 0xE8	; 232
     132:	12 83       	std	Z+2, r17	; 0x02
     134:	11 41       	sbci	r17, 0x11	; 17
     136:	ef 8d       	ldd	r30, Y+31	; 0x1f
     138:	21 14       	cp	r2, r1
     13a:	89 3b       	cpi	r24, 0xB9	; 185
     13c:	e6 55       	subi	r30, 0x56	; 86
     13e:	16 cf       	rjmp	.-468    	; 0xffffff6c <__eeprom_end+0xff7eff6c>
     140:	fe e6       	ldi	r31, 0x6E	; 110
     142:	db 18       	sub	r13, r11
     144:	d1 84       	ldd	r13, Z+9	; 0x09
     146:	4b 38       	cpi	r20, 0x8B	; 139
     148:	1b f7       	brvc	.-58     	; 0x110 <__trampolines_end+0xa8>
     14a:	7c 1d       	adc	r23, r12
     14c:	90 1d       	adc	r25, r0
     14e:	a4 bb       	out	0x14, r26	; 20
     150:	e4 24       	eor	r14, r4
     152:	20 32       	cpi	r18, 0x20	; 32
     154:	84 72       	andi	r24, 0x24	; 36
     156:	5e 22       	and	r5, r30
     158:	81 00       	.word	0x0081	; ????
     15a:	c9 f1       	breq	.+114    	; 0x1ce <_Z11send_stringPc+0x6>
     15c:	24 ec       	ldi	r18, 0xC4	; 196
     15e:	a1 e5       	ldi	r26, 0x51	; 81
     160:	3d 27       	eor	r19, r29

00000162 <__ctors_end>:
     162:	11 24       	eor	r1, r1
     164:	1f be       	out	0x3f, r1	; 63
     166:	cf ef       	ldi	r28, 0xFF	; 255
     168:	d8 e0       	ldi	r29, 0x08	; 8
     16a:	de bf       	out	0x3e, r29	; 62
     16c:	cd bf       	out	0x3d, r28	; 61

0000016e <__do_copy_data>:
     16e:	11 e0       	ldi	r17, 0x01	; 1
     170:	a0 e0       	ldi	r26, 0x00	; 0
     172:	b1 e0       	ldi	r27, 0x01	; 1
     174:	e8 e0       	ldi	r30, 0x08	; 8
     176:	f5 e2       	ldi	r31, 0x25	; 37
     178:	02 c0       	rjmp	.+4      	; 0x17e <__do_copy_data+0x10>
     17a:	05 90       	lpm	r0, Z+
     17c:	0d 92       	st	X+, r0
     17e:	ae 3e       	cpi	r26, 0xEE	; 238
     180:	b1 07       	cpc	r27, r17
     182:	d9 f7       	brne	.-10     	; 0x17a <__do_copy_data+0xc>

00000184 <__do_clear_bss>:
     184:	25 e0       	ldi	r18, 0x05	; 5
     186:	ae ee       	ldi	r26, 0xEE	; 238
     188:	b1 e0       	ldi	r27, 0x01	; 1
     18a:	01 c0       	rjmp	.+2      	; 0x18e <.do_clear_bss_start>

0000018c <.do_clear_bss_loop>:
     18c:	1d 92       	st	X+, r1

0000018e <.do_clear_bss_start>:
     18e:	a5 36       	cpi	r26, 0x65	; 101
     190:	b2 07       	cpc	r27, r18
     192:	e1 f7       	brne	.-8      	; 0x18c <.do_clear_bss_loop>
     194:	0e 94 b2 05 	call	0xb64	; 0xb64 <main>
     198:	0c 94 82 12 	jmp	0x2504	; 0x2504 <_exit>

0000019c <__bad_interrupt>:
     19c:	0c 94 00 00 	jmp	0	; 0x0 <__vectors>

000001a0 <_Z10usart_initv>:
	ent_temp=ent_temp>>5;
	temperatura=(float)ent_temp;
	temperatura=(temperatura/10.24)-50;

	return temperatura;
}
     1a0:	88 e1       	ldi	r24, 0x18	; 24
     1a2:	80 93 c1 00 	sts	0x00C1, r24	; 0x8000c1 <__TEXT_REGION_LENGTH__+0x7f80c1>
     1a6:	86 e0       	ldi	r24, 0x06	; 6
     1a8:	80 93 c2 00 	sts	0x00C2, r24	; 0x8000c2 <__TEXT_REGION_LENGTH__+0x7f80c2>
     1ac:	87 e0       	ldi	r24, 0x07	; 7
     1ae:	90 e0       	ldi	r25, 0x00	; 0
     1b0:	90 93 c5 00 	sts	0x00C5, r25	; 0x8000c5 <__TEXT_REGION_LENGTH__+0x7f80c5>
     1b4:	80 93 c4 00 	sts	0x00C4, r24	; 0x8000c4 <__TEXT_REGION_LENGTH__+0x7f80c4>
     1b8:	08 95       	ret

000001ba <_Z9send_charc>:
     1ba:	90 91 c0 00 	lds	r25, 0x00C0	; 0x8000c0 <__TEXT_REGION_LENGTH__+0x7f80c0>
     1be:	95 ff       	sbrs	r25, 5
     1c0:	fc cf       	rjmp	.-8      	; 0x1ba <_Z9send_charc>
     1c2:	80 93 c6 00 	sts	0x00C6, r24	; 0x8000c6 <__TEXT_REGION_LENGTH__+0x7f80c6>
     1c6:	08 95       	ret

000001c8 <_Z11send_stringPc>:
     1c8:	cf 93       	push	r28
     1ca:	df 93       	push	r29
     1cc:	ec 01       	movw	r28, r24
     1ce:	88 81       	ld	r24, Y
     1d0:	88 23       	and	r24, r24
     1d2:	21 f0       	breq	.+8      	; 0x1dc <_Z11send_stringPc+0x14>
     1d4:	0e 94 dd 00 	call	0x1ba	; 0x1ba <_Z9send_charc>
     1d8:	21 96       	adiw	r28, 0x01	; 1
     1da:	f9 cf       	rjmp	.-14     	; 0x1ce <_Z11send_stringPc+0x6>
     1dc:	df 91       	pop	r29
     1de:	cf 91       	pop	r28
     1e0:	08 95       	ret

000001e2 <_Z14i2c_inicia_comv>:
     1e2:	87 b1       	in	r24, 0x07	; 7
     1e4:	8f 7e       	andi	r24, 0xEF	; 239
     1e6:	87 b9       	out	0x07, r24	; 7
     1e8:	88 b1       	in	r24, 0x08	; 8
     1ea:	80 61       	ori	r24, 0x10	; 16
     1ec:	88 b9       	out	0x08, r24	; 8
     1ee:	87 b1       	in	r24, 0x07	; 7
     1f0:	8f 7d       	andi	r24, 0xDF	; 223
     1f2:	87 b9       	out	0x07, r24	; 7
     1f4:	88 b1       	in	r24, 0x08	; 8
     1f6:	80 62       	ori	r24, 0x20	; 32
     1f8:	88 b9       	out	0x08, r24	; 8
     1fa:	82 e0       	ldi	r24, 0x02	; 2
     1fc:	8a 95       	dec	r24
     1fe:	f1 f7       	brne	.-4      	; 0x1fc <_Z14i2c_inicia_comv+0x1a>
     200:	00 c0       	rjmp	.+0      	; 0x202 <_Z14i2c_inicia_comv+0x20>
     202:	87 b1       	in	r24, 0x07	; 7
     204:	80 61       	ori	r24, 0x10	; 16
     206:	87 b9       	out	0x07, r24	; 7
     208:	88 b1       	in	r24, 0x08	; 8
     20a:	8f 7e       	andi	r24, 0xEF	; 239
     20c:	88 b9       	out	0x08, r24	; 8
     20e:	81 e0       	ldi	r24, 0x01	; 1
     210:	08 95       	ret

00000212 <_Z11i2c_detenerv>:
     212:	87 b1       	in	r24, 0x07	; 7
     214:	80 61       	ori	r24, 0x10	; 16
     216:	87 b9       	out	0x07, r24	; 7
     218:	88 b1       	in	r24, 0x08	; 8
     21a:	8f 7e       	andi	r24, 0xEF	; 239
     21c:	88 b9       	out	0x08, r24	; 8
     21e:	87 b1       	in	r24, 0x07	; 7
     220:	8f 7d       	andi	r24, 0xDF	; 223
     222:	87 b9       	out	0x07, r24	; 7
     224:	88 b1       	in	r24, 0x08	; 8
     226:	80 62       	ori	r24, 0x20	; 32
     228:	88 b9       	out	0x08, r24	; 8
     22a:	82 e0       	ldi	r24, 0x02	; 2
     22c:	8a 95       	dec	r24
     22e:	f1 f7       	brne	.-4      	; 0x22c <_Z11i2c_detenerv+0x1a>
     230:	00 c0       	rjmp	.+0      	; 0x232 <_Z11i2c_detenerv+0x20>
     232:	87 b1       	in	r24, 0x07	; 7
     234:	8f 7e       	andi	r24, 0xEF	; 239
     236:	87 b9       	out	0x07, r24	; 7
     238:	88 b1       	in	r24, 0x08	; 8
     23a:	80 61       	ori	r24, 0x10	; 16
     23c:	88 b9       	out	0x08, r24	; 8
     23e:	08 95       	ret

00000240 <_Z14i2c_envia_datoh>:
     240:	10 92 64 05 	sts	0x0564, r1	; 0x800564 <dt+0x1>
     244:	10 92 63 05 	sts	0x0563, r1	; 0x800563 <dt>
     248:	20 91 63 05 	lds	r18, 0x0563	; 0x800563 <dt>
     24c:	30 91 64 05 	lds	r19, 0x0564	; 0x800564 <dt+0x1>
     250:	28 30       	cpi	r18, 0x08	; 8
     252:	31 05       	cpc	r19, r1
     254:	3c f5       	brge	.+78     	; 0x2a4 <_Z14i2c_envia_datoh+0x64>
     256:	97 b1       	in	r25, 0x07	; 7
     258:	90 62       	ori	r25, 0x20	; 32
     25a:	97 b9       	out	0x07, r25	; 7
     25c:	98 b1       	in	r25, 0x08	; 8
     25e:	9f 7d       	andi	r25, 0xDF	; 223
     260:	98 b9       	out	0x08, r25	; 8
     262:	88 23       	and	r24, r24
     264:	3c f4       	brge	.+14     	; 0x274 <_Z14i2c_envia_datoh+0x34>
     266:	97 b1       	in	r25, 0x07	; 7
     268:	9f 7e       	andi	r25, 0xEF	; 239
     26a:	97 b9       	out	0x07, r25	; 7
     26c:	98 b1       	in	r25, 0x08	; 8
     26e:	90 61       	ori	r25, 0x10	; 16
     270:	98 b9       	out	0x08, r25	; 8
     272:	06 c0       	rjmp	.+12     	; 0x280 <_Z14i2c_envia_datoh+0x40>
     274:	97 b1       	in	r25, 0x07	; 7
     276:	90 61       	ori	r25, 0x10	; 16
     278:	97 b9       	out	0x07, r25	; 7
     27a:	98 b1       	in	r25, 0x08	; 8
     27c:	9f 7e       	andi	r25, 0xEF	; 239
     27e:	98 b9       	out	0x08, r25	; 8
     280:	97 b1       	in	r25, 0x07	; 7
     282:	9f 7d       	andi	r25, 0xDF	; 223
     284:	97 b9       	out	0x07, r25	; 7
     286:	98 b1       	in	r25, 0x08	; 8
     288:	90 62       	ori	r25, 0x20	; 32
     28a:	98 b9       	out	0x08, r25	; 8
     28c:	88 0f       	add	r24, r24
     28e:	20 91 63 05 	lds	r18, 0x0563	; 0x800563 <dt>
     292:	30 91 64 05 	lds	r19, 0x0564	; 0x800564 <dt+0x1>
     296:	2f 5f       	subi	r18, 0xFF	; 255
     298:	3f 4f       	sbci	r19, 0xFF	; 255
     29a:	30 93 64 05 	sts	0x0564, r19	; 0x800564 <dt+0x1>
     29e:	20 93 63 05 	sts	0x0563, r18	; 0x800563 <dt>
     2a2:	d2 cf       	rjmp	.-92     	; 0x248 <_Z14i2c_envia_datoh+0x8>
     2a4:	87 b1       	in	r24, 0x07	; 7
     2a6:	80 62       	ori	r24, 0x20	; 32
     2a8:	87 b9       	out	0x07, r24	; 7
     2aa:	88 b1       	in	r24, 0x08	; 8
     2ac:	8f 7d       	andi	r24, 0xDF	; 223
     2ae:	88 b9       	out	0x08, r24	; 8
     2b0:	87 b1       	in	r24, 0x07	; 7
     2b2:	8f 7e       	andi	r24, 0xEF	; 239
     2b4:	87 b9       	out	0x07, r24	; 7
     2b6:	88 b1       	in	r24, 0x08	; 8
     2b8:	80 61       	ori	r24, 0x10	; 16
     2ba:	88 b9       	out	0x08, r24	; 8
     2bc:	87 b1       	in	r24, 0x07	; 7
     2be:	8f 7d       	andi	r24, 0xDF	; 223
     2c0:	87 b9       	out	0x07, r24	; 7
     2c2:	88 b1       	in	r24, 0x08	; 8
     2c4:	80 62       	ori	r24, 0x20	; 32
     2c6:	88 b9       	out	0x08, r24	; 8
     2c8:	87 b1       	in	r24, 0x07	; 7
     2ca:	8f 7e       	andi	r24, 0xEF	; 239
     2cc:	87 b9       	out	0x07, r24	; 7
     2ce:	49 9b       	sbis	0x09, 1	; 9
     2d0:	02 c0       	rjmp	.+4      	; 0x2d6 <_Z14i2c_envia_datoh+0x96>
     2d2:	80 e0       	ldi	r24, 0x00	; 0
     2d4:	01 c0       	rjmp	.+2      	; 0x2d8 <_Z14i2c_envia_datoh+0x98>
     2d6:	81 e0       	ldi	r24, 0x01	; 1
     2d8:	00 c0       	rjmp	.+0      	; 0x2da <_Z14i2c_envia_datoh+0x9a>
     2da:	97 b1       	in	r25, 0x07	; 7
     2dc:	90 62       	ori	r25, 0x20	; 32
     2de:	97 b9       	out	0x07, r25	; 7
     2e0:	98 b1       	in	r25, 0x08	; 8
     2e2:	9f 7d       	andi	r25, 0xDF	; 223
     2e4:	98 b9       	out	0x08, r25	; 8
     2e6:	08 95       	ret

000002e8 <_Z12i2c_read_ackv>:
     2e8:	10 92 60 05 	sts	0x0560, r1	; 0x800560 <var_dato+0x1>
     2ec:	10 92 5f 05 	sts	0x055F, r1	; 0x80055f <var_dato>
     2f0:	10 92 62 05 	sts	0x0562, r1	; 0x800562 <r_dato+0x1>
     2f4:	10 92 61 05 	sts	0x0561, r1	; 0x800561 <r_dato>
     2f8:	87 b1       	in	r24, 0x07	; 7
     2fa:	8f 7e       	andi	r24, 0xEF	; 239
     2fc:	87 b9       	out	0x07, r24	; 7
     2fe:	10 92 64 05 	sts	0x0564, r1	; 0x800564 <dt+0x1>
     302:	10 92 63 05 	sts	0x0563, r1	; 0x800563 <dt>
     306:	80 91 63 05 	lds	r24, 0x0563	; 0x800563 <dt>
     30a:	90 91 64 05 	lds	r25, 0x0564	; 0x800564 <dt+0x1>
     30e:	08 97       	sbiw	r24, 0x08	; 8
     310:	e4 f5       	brge	.+120    	; 0x38a <_Z12i2c_read_ackv+0xa2>
     312:	87 b1       	in	r24, 0x07	; 7
     314:	80 62       	ori	r24, 0x20	; 32
     316:	87 b9       	out	0x07, r24	; 7
     318:	88 b1       	in	r24, 0x08	; 8
     31a:	8f 7d       	andi	r24, 0xDF	; 223
     31c:	88 b9       	out	0x08, r24	; 8
     31e:	87 b1       	in	r24, 0x07	; 7
     320:	8f 7d       	andi	r24, 0xDF	; 223
     322:	87 b9       	out	0x07, r24	; 7
     324:	88 b1       	in	r24, 0x08	; 8
     326:	80 62       	ori	r24, 0x20	; 32
     328:	88 b9       	out	0x08, r24	; 8
     32a:	86 b1       	in	r24, 0x06	; 6
     32c:	90 e0       	ldi	r25, 0x00	; 0
     32e:	80 71       	andi	r24, 0x10	; 16
     330:	99 27       	eor	r25, r25
     332:	90 93 60 05 	sts	0x0560, r25	; 0x800560 <var_dato+0x1>
     336:	80 93 5f 05 	sts	0x055F, r24	; 0x80055f <var_dato>
     33a:	40 97       	sbiw	r24, 0x10	; 16
     33c:	49 f4       	brne	.+18     	; 0x350 <_Z12i2c_read_ackv+0x68>
     33e:	80 91 61 05 	lds	r24, 0x0561	; 0x800561 <r_dato>
     342:	90 91 62 05 	lds	r25, 0x0562	; 0x800562 <r_dato+0x1>
     346:	01 96       	adiw	r24, 0x01	; 1
     348:	90 93 62 05 	sts	0x0562, r25	; 0x800562 <r_dato+0x1>
     34c:	80 93 61 05 	sts	0x0561, r24	; 0x800561 <r_dato>
     350:	87 b1       	in	r24, 0x07	; 7
     352:	80 62       	ori	r24, 0x20	; 32
     354:	87 b9       	out	0x07, r24	; 7
     356:	88 b1       	in	r24, 0x08	; 8
     358:	8f 7d       	andi	r24, 0xDF	; 223
     35a:	88 b9       	out	0x08, r24	; 8
     35c:	80 91 63 05 	lds	r24, 0x0563	; 0x800563 <dt>
     360:	90 91 64 05 	lds	r25, 0x0564	; 0x800564 <dt+0x1>
     364:	87 30       	cpi	r24, 0x07	; 7
     366:	91 05       	cpc	r25, r1
     368:	54 f4       	brge	.+20     	; 0x37e <_Z12i2c_read_ackv+0x96>
     36a:	20 91 61 05 	lds	r18, 0x0561	; 0x800561 <r_dato>
     36e:	30 91 62 05 	lds	r19, 0x0562	; 0x800562 <r_dato+0x1>
     372:	22 0f       	add	r18, r18
     374:	33 1f       	adc	r19, r19
     376:	30 93 62 05 	sts	0x0562, r19	; 0x800562 <r_dato+0x1>
     37a:	20 93 61 05 	sts	0x0561, r18	; 0x800561 <r_dato>
     37e:	01 96       	adiw	r24, 0x01	; 1
     380:	90 93 64 05 	sts	0x0564, r25	; 0x800564 <dt+0x1>
     384:	80 93 63 05 	sts	0x0563, r24	; 0x800563 <dt>
     388:	be cf       	rjmp	.-132    	; 0x306 <_Z12i2c_read_ackv+0x1e>
     38a:	87 b1       	in	r24, 0x07	; 7
     38c:	80 61       	ori	r24, 0x10	; 16
     38e:	87 b9       	out	0x07, r24	; 7
     390:	88 b1       	in	r24, 0x08	; 8
     392:	8f 7e       	andi	r24, 0xEF	; 239
     394:	88 b9       	out	0x08, r24	; 8
     396:	87 b1       	in	r24, 0x07	; 7
     398:	80 62       	ori	r24, 0x20	; 32
     39a:	87 b9       	out	0x07, r24	; 7
     39c:	88 b1       	in	r24, 0x08	; 8
     39e:	8f 7d       	andi	r24, 0xDF	; 223
     3a0:	88 b9       	out	0x08, r24	; 8
     3a2:	00 c0       	rjmp	.+0      	; 0x3a4 <_Z12i2c_read_ackv+0xbc>
     3a4:	87 b1       	in	r24, 0x07	; 7
     3a6:	8f 7d       	andi	r24, 0xDF	; 223
     3a8:	87 b9       	out	0x07, r24	; 7
     3aa:	88 b1       	in	r24, 0x08	; 8
     3ac:	80 62       	ori	r24, 0x20	; 32
     3ae:	88 b9       	out	0x08, r24	; 8
     3b0:	00 c0       	rjmp	.+0      	; 0x3b2 <_Z12i2c_read_ackv+0xca>
     3b2:	87 b1       	in	r24, 0x07	; 7
     3b4:	80 62       	ori	r24, 0x20	; 32
     3b6:	87 b9       	out	0x07, r24	; 7
     3b8:	88 b1       	in	r24, 0x08	; 8
     3ba:	8f 7d       	andi	r24, 0xDF	; 223
     3bc:	88 b9       	out	0x08, r24	; 8
     3be:	80 91 61 05 	lds	r24, 0x0561	; 0x800561 <r_dato>
     3c2:	08 95       	ret

000003c4 <_Z13i2c_read_nackv>:
     3c4:	10 92 60 05 	sts	0x0560, r1	; 0x800560 <var_dato+0x1>
     3c8:	10 92 5f 05 	sts	0x055F, r1	; 0x80055f <var_dato>
     3cc:	10 92 62 05 	sts	0x0562, r1	; 0x800562 <r_dato+0x1>
     3d0:	10 92 61 05 	sts	0x0561, r1	; 0x800561 <r_dato>
     3d4:	87 b1       	in	r24, 0x07	; 7
     3d6:	8f 7e       	andi	r24, 0xEF	; 239
     3d8:	87 b9       	out	0x07, r24	; 7
     3da:	10 92 64 05 	sts	0x0564, r1	; 0x800564 <dt+0x1>
     3de:	10 92 63 05 	sts	0x0563, r1	; 0x800563 <dt>
     3e2:	80 91 63 05 	lds	r24, 0x0563	; 0x800563 <dt>
     3e6:	90 91 64 05 	lds	r25, 0x0564	; 0x800564 <dt+0x1>
     3ea:	08 97       	sbiw	r24, 0x08	; 8
     3ec:	e4 f5       	brge	.+120    	; 0x466 <__EEPROM_REGION_LENGTH__+0x66>
     3ee:	87 b1       	in	r24, 0x07	; 7
     3f0:	80 62       	ori	r24, 0x20	; 32
     3f2:	87 b9       	out	0x07, r24	; 7
     3f4:	88 b1       	in	r24, 0x08	; 8
     3f6:	8f 7d       	andi	r24, 0xDF	; 223
     3f8:	88 b9       	out	0x08, r24	; 8
     3fa:	87 b1       	in	r24, 0x07	; 7
     3fc:	8f 7d       	andi	r24, 0xDF	; 223
     3fe:	87 b9       	out	0x07, r24	; 7
     400:	88 b1       	in	r24, 0x08	; 8
     402:	80 62       	ori	r24, 0x20	; 32
     404:	88 b9       	out	0x08, r24	; 8
     406:	86 b1       	in	r24, 0x06	; 6
     408:	90 e0       	ldi	r25, 0x00	; 0
     40a:	80 71       	andi	r24, 0x10	; 16
     40c:	99 27       	eor	r25, r25
     40e:	90 93 60 05 	sts	0x0560, r25	; 0x800560 <var_dato+0x1>
     412:	80 93 5f 05 	sts	0x055F, r24	; 0x80055f <var_dato>
     416:	40 97       	sbiw	r24, 0x10	; 16
     418:	49 f4       	brne	.+18     	; 0x42c <__EEPROM_REGION_LENGTH__+0x2c>
     41a:	80 91 61 05 	lds	r24, 0x0561	; 0x800561 <r_dato>
     41e:	90 91 62 05 	lds	r25, 0x0562	; 0x800562 <r_dato+0x1>
     422:	01 96       	adiw	r24, 0x01	; 1
     424:	90 93 62 05 	sts	0x0562, r25	; 0x800562 <r_dato+0x1>
     428:	80 93 61 05 	sts	0x0561, r24	; 0x800561 <r_dato>
     42c:	87 b1       	in	r24, 0x07	; 7
     42e:	80 62       	ori	r24, 0x20	; 32
     430:	87 b9       	out	0x07, r24	; 7
     432:	88 b1       	in	r24, 0x08	; 8
     434:	8f 7d       	andi	r24, 0xDF	; 223
     436:	88 b9       	out	0x08, r24	; 8
     438:	80 91 63 05 	lds	r24, 0x0563	; 0x800563 <dt>
     43c:	90 91 64 05 	lds	r25, 0x0564	; 0x800564 <dt+0x1>
     440:	87 30       	cpi	r24, 0x07	; 7
     442:	91 05       	cpc	r25, r1
     444:	54 f4       	brge	.+20     	; 0x45a <__EEPROM_REGION_LENGTH__+0x5a>
     446:	20 91 61 05 	lds	r18, 0x0561	; 0x800561 <r_dato>
     44a:	30 91 62 05 	lds	r19, 0x0562	; 0x800562 <r_dato+0x1>
     44e:	22 0f       	add	r18, r18
     450:	33 1f       	adc	r19, r19
     452:	30 93 62 05 	sts	0x0562, r19	; 0x800562 <r_dato+0x1>
     456:	20 93 61 05 	sts	0x0561, r18	; 0x800561 <r_dato>
     45a:	01 96       	adiw	r24, 0x01	; 1
     45c:	90 93 64 05 	sts	0x0564, r25	; 0x800564 <dt+0x1>
     460:	80 93 63 05 	sts	0x0563, r24	; 0x800563 <dt>
     464:	be cf       	rjmp	.-132    	; 0x3e2 <_Z13i2c_read_nackv+0x1e>
     466:	87 b1       	in	r24, 0x07	; 7
     468:	8f 7e       	andi	r24, 0xEF	; 239
     46a:	87 b9       	out	0x07, r24	; 7
     46c:	88 b1       	in	r24, 0x08	; 8
     46e:	80 61       	ori	r24, 0x10	; 16
     470:	88 b9       	out	0x08, r24	; 8
     472:	87 b1       	in	r24, 0x07	; 7
     474:	80 62       	ori	r24, 0x20	; 32
     476:	87 b9       	out	0x07, r24	; 7
     478:	88 b1       	in	r24, 0x08	; 8
     47a:	8f 7d       	andi	r24, 0xDF	; 223
     47c:	88 b9       	out	0x08, r24	; 8
     47e:	00 c0       	rjmp	.+0      	; 0x480 <__EEPROM_REGION_LENGTH__+0x80>
     480:	87 b1       	in	r24, 0x07	; 7
     482:	8f 7d       	andi	r24, 0xDF	; 223
     484:	87 b9       	out	0x07, r24	; 7
     486:	88 b1       	in	r24, 0x08	; 8
     488:	80 62       	ori	r24, 0x20	; 32
     48a:	88 b9       	out	0x08, r24	; 8
     48c:	00 c0       	rjmp	.+0      	; 0x48e <__EEPROM_REGION_LENGTH__+0x8e>
     48e:	87 b1       	in	r24, 0x07	; 7
     490:	80 62       	ori	r24, 0x20	; 32
     492:	87 b9       	out	0x07, r24	; 7
     494:	88 b1       	in	r24, 0x08	; 8
     496:	8f 7d       	andi	r24, 0xDF	; 223
     498:	88 b9       	out	0x08, r24	; 8
     49a:	80 91 61 05 	lds	r24, 0x0561	; 0x800561 <r_dato>
     49e:	08 95       	ret

000004a0 <_Z14read_NPA700esth>:
     4a0:	cf 93       	push	r28
     4a2:	c8 2f       	mov	r28, r24
     4a4:	0e 94 f1 00 	call	0x1e2	; 0x1e2 <_Z14i2c_inicia_comv>
     4a8:	8c 2f       	mov	r24, r28
     4aa:	0e 94 20 01 	call	0x240	; 0x240 <_Z14i2c_envia_datoh>
     4ae:	0e 94 74 01 	call	0x2e8	; 0x2e8 <_Z12i2c_read_ackv>
     4b2:	90 e0       	ldi	r25, 0x00	; 0
     4b4:	90 93 5e 05 	sts	0x055E, r25	; 0x80055e <high_byte+0x1>
     4b8:	80 93 5d 05 	sts	0x055D, r24	; 0x80055d <high_byte>
     4bc:	0e 94 e2 01 	call	0x3c4	; 0x3c4 <_Z13i2c_read_nackv>
     4c0:	90 e0       	ldi	r25, 0x00	; 0
     4c2:	90 93 5c 05 	sts	0x055C, r25	; 0x80055c <low_byte+0x1>
     4c6:	80 93 5b 05 	sts	0x055B, r24	; 0x80055b <low_byte>
     4ca:	0e 94 09 01 	call	0x212	; 0x212 <_Z11i2c_detenerv>
     4ce:	cf 91       	pop	r28
     4d0:	08 95       	ret

000004d2 <_Z11read_NPA700h>:
     4d2:	bf 92       	push	r11
     4d4:	cf 92       	push	r12
     4d6:	df 92       	push	r13
     4d8:	ef 92       	push	r14
     4da:	ff 92       	push	r15
     4dc:	0f 93       	push	r16
     4de:	1f 93       	push	r17
     4e0:	cf 93       	push	r28
     4e2:	df 93       	push	r29
     4e4:	b8 2e       	mov	r11, r24
     4e6:	c1 2c       	mov	r12, r1
     4e8:	d1 2c       	mov	r13, r1
     4ea:	76 01       	movw	r14, r12
     4ec:	01 e0       	ldi	r16, 0x01	; 1
     4ee:	10 e0       	ldi	r17, 0x00	; 0
     4f0:	05 30       	cpi	r16, 0x05	; 5
     4f2:	11 05       	cpc	r17, r1
     4f4:	ec f4       	brge	.+58     	; 0x530 <_Z11read_NPA700h+0x5e>
     4f6:	0e 94 f1 00 	call	0x1e2	; 0x1e2 <_Z14i2c_inicia_comv>
     4fa:	8b 2d       	mov	r24, r11
     4fc:	0e 94 20 01 	call	0x240	; 0x240 <_Z14i2c_envia_datoh>
     500:	90 e0       	ldi	r25, 0x00	; 0
     502:	90 93 5a 05 	sts	0x055A, r25	; 0x80055a <vf_dt+0x1>
     506:	80 93 59 05 	sts	0x0559, r24	; 0x800559 <vf_dt>
     50a:	0e 94 74 01 	call	0x2e8	; 0x2e8 <_Z12i2c_read_ackv>
     50e:	c8 2f       	mov	r28, r24
     510:	d0 e0       	ldi	r29, 0x00	; 0
     512:	dc 2f       	mov	r29, r28
     514:	cc 27       	eor	r28, r28
     516:	0e 94 e2 01 	call	0x3c4	; 0x3c4 <_Z13i2c_read_nackv>
     51a:	c8 2b       	or	r28, r24
     51c:	0e 94 09 01 	call	0x212	; 0x212 <_Z11i2c_detenerv>
     520:	df 73       	andi	r29, 0x3F	; 63
     522:	cc 0e       	add	r12, r28
     524:	dd 1e       	adc	r13, r29
     526:	e1 1c       	adc	r14, r1
     528:	f1 1c       	adc	r15, r1
     52a:	0f 5f       	subi	r16, 0xFF	; 255
     52c:	1f 4f       	sbci	r17, 0xFF	; 255
     52e:	e0 cf       	rjmp	.-64     	; 0x4f0 <_Z11read_NPA700h+0x1e>
     530:	c7 01       	movw	r24, r14
     532:	b6 01       	movw	r22, r12
     534:	96 95       	lsr	r25
     536:	87 95       	ror	r24
     538:	77 95       	ror	r23
     53a:	67 95       	ror	r22
     53c:	96 95       	lsr	r25
     53e:	87 95       	ror	r24
     540:	77 95       	ror	r23
     542:	67 95       	ror	r22
     544:	0e 94 d5 0e 	call	0x1daa	; 0x1daa <__floatunsisf>
     548:	20 e0       	ldi	r18, 0x00	; 0
     54a:	30 e0       	ldi	r19, 0x00	; 0
     54c:	40 e0       	ldi	r20, 0x00	; 0
     54e:	56 e4       	ldi	r21, 0x46	; 70
     550:	0e 94 bb 0d 	call	0x1b76	; 0x1b76 <__subsf3>
     554:	2d e3       	ldi	r18, 0x3D	; 61
     556:	3a e0       	ldi	r19, 0x0A	; 10
     558:	47 e5       	ldi	r20, 0x57	; 87
     55a:	5d e3       	ldi	r21, 0x3D	; 61
     55c:	0e 94 8c 0f 	call	0x1f18	; 0x1f18 <__mulsf3>
     560:	23 e3       	ldi	r18, 0x33	; 51
     562:	33 e3       	ldi	r19, 0x33	; 51
     564:	43 e3       	ldi	r20, 0x33	; 51
     566:	5f e3       	ldi	r21, 0x3F	; 63
     568:	0e 94 bc 0d 	call	0x1b78	; 0x1b78 <__addsf3>
     56c:	29 ea       	ldi	r18, 0xA9	; 169
     56e:	3d e4       	ldi	r19, 0x4D	; 77
     570:	4c e3       	ldi	r20, 0x3C	; 60
     572:	5f e3       	ldi	r21, 0x3F	; 63
     574:	0e 94 8c 0f 	call	0x1f18	; 0x1f18 <__mulsf3>
     578:	df 91       	pop	r29
     57a:	cf 91       	pop	r28
     57c:	1f 91       	pop	r17
     57e:	0f 91       	pop	r16
     580:	ff 90       	pop	r15
     582:	ef 90       	pop	r14
     584:	df 90       	pop	r13
     586:	cf 90       	pop	r12
     588:	bf 90       	pop	r11
     58a:	08 95       	ret

0000058c <__vector_18>:
int flag_DB_PUMP=-1,flag_error_tp=0;
int flag_DB_VAL=-1;
int debug_B =0, flag_confg=0;

ISR (USART_RX_vect)
{
     58c:	1f 92       	push	r1
     58e:	0f 92       	push	r0
     590:	0f b6       	in	r0, 0x3f	; 63
     592:	0f 92       	push	r0
     594:	11 24       	eor	r1, r1
     596:	2f 93       	push	r18
     598:	3f 93       	push	r19
     59a:	4f 93       	push	r20
     59c:	5f 93       	push	r21
     59e:	6f 93       	push	r22
     5a0:	7f 93       	push	r23
     5a2:	8f 93       	push	r24
     5a4:	9f 93       	push	r25
     5a6:	af 93       	push	r26
     5a8:	bf 93       	push	r27
     5aa:	ef 93       	push	r30
     5ac:	ff 93       	push	r31
	comando=UDR0;
     5ae:	80 91 c6 00 	lds	r24, 0x00C6	; 0x8000c6 <__TEXT_REGION_LENGTH__+0x7f80c6>
     5b2:	80 93 7c 01 	sts	0x017C, r24	; 0x80017c <comando>
	
	if (comando =='M')
     5b6:	8d 34       	cpi	r24, 0x4D	; 77
     5b8:	01 f5       	brne	.+64     	; 0x5fa <__vector_18+0x6e>
	{
		inicio_med=1;
     5ba:	81 e0       	ldi	r24, 0x01	; 1
     5bc:	80 93 a0 03 	sts	0x03A0, r24	; 0x8003a0 <inicio_med>
		flag_cancela=0;
     5c0:	10 92 9a 03 	sts	0x039A, r1	; 0x80039a <flag_cancela>
		inicio_calc=0;
     5c4:	10 92 9f 03 	sts	0x039F, r1	; 0x80039f <inicio_calc>
		flag_confg=1;
     5c8:	81 e0       	ldi	r24, 0x01	; 1
     5ca:	90 e0       	ldi	r25, 0x00	; 0
     5cc:	90 93 7f 03 	sts	0x037F, r25	; 0x80037f <flag_confg+0x1>
     5d0:	80 93 7e 03 	sts	0x037E, r24	; 0x80037e <flag_confg>
		flag_error_tp=0;
     5d4:	10 92 83 03 	sts	0x0383, r1	; 0x800383 <flag_error_tp+0x1>
     5d8:	10 92 82 03 	sts	0x0382, r1	; 0x800382 <flag_error_tp>
		send_char('M');
     5dc:	8d e4       	ldi	r24, 0x4D	; 77
     5de:	0e 94 dd 00 	call	0x1ba	; 0x1ba <_Z9send_charc>
		send_char('\n');
     5e2:	8a e0       	ldi	r24, 0x0A	; 10
     5e4:	0e 94 dd 00 	call	0x1ba	; 0x1ba <_Z9send_charc>
	#else
		//round up by default
		__ticks_dc = (uint32_t)(ceil(fabs(__tmp)));
	#endif

	__builtin_avr_delay_cycles(__ticks_dc);
     5e8:	2f ef       	ldi	r18, 0xFF	; 255
     5ea:	8f e7       	ldi	r24, 0x7F	; 127
     5ec:	96 e1       	ldi	r25, 0x16	; 22
     5ee:	21 50       	subi	r18, 0x01	; 1
     5f0:	80 40       	sbci	r24, 0x00	; 0
     5f2:	90 40       	sbci	r25, 0x00	; 0
     5f4:	e1 f7       	brne	.-8      	; 0x5ee <__vector_18+0x62>
     5f6:	00 c0       	rjmp	.+0      	; 0x5f8 <__vector_18+0x6c>
     5f8:	00 00       	nop
		_delay_ms(500);		
	}
	if (comando =='D')
     5fa:	80 91 7c 01 	lds	r24, 0x017C	; 0x80017c <comando>
     5fe:	84 34       	cpi	r24, 0x44	; 68
     600:	71 f4       	brne	.+28     	; 0x61e <__vector_18+0x92>
	{
		inicio_med=0;
     602:	10 92 a0 03 	sts	0x03A0, r1	; 0x8003a0 <inicio_med>
		inicio_calc=0;
     606:	10 92 9f 03 	sts	0x039F, r1	; 0x80039f <inicio_calc>
		//PORTB = 0x02;
		send_string(E_cancela);
     60a:	82 e7       	ldi	r24, 0x72	; 114
     60c:	91 e0       	ldi	r25, 0x01	; 1
     60e:	0e 94 e4 00 	call	0x1c8	; 0x1c8 <_Z11send_stringPc>
		send_char('\n');
     612:	8a e0       	ldi	r24, 0x0A	; 10
     614:	0e 94 dd 00 	call	0x1ba	; 0x1ba <_Z9send_charc>
		flag_escalon=1;
     618:	81 e0       	ldi	r24, 0x01	; 1
     61a:	80 93 99 03 	sts	0x0399, r24	; 0x800399 <flag_escalon>
	}

	if (comando =='V')			// cerrar v?lvula
     61e:	80 91 7c 01 	lds	r24, 0x017C	; 0x80017c <comando>
     622:	86 35       	cpi	r24, 0x56	; 86
     624:	61 f4       	brne	.+24     	; 0x63e <__vector_18+0xb2>
	{
		PORTB &=~(0xFE);
     626:	85 b1       	in	r24, 0x05	; 5
     628:	81 70       	andi	r24, 0x01	; 1
     62a:	85 b9       	out	0x05, r24	; 5
		send_char('V');
     62c:	86 e5       	ldi	r24, 0x56	; 86
     62e:	0e 94 dd 00 	call	0x1ba	; 0x1ba <_Z9send_charc>
		send_char('\n');
     632:	8a e0       	ldi	r24, 0x0A	; 10
     634:	0e 94 dd 00 	call	0x1ba	; 0x1ba <_Z9send_charc>
		flag_cancela=1;
     638:	81 e0       	ldi	r24, 0x01	; 1
     63a:	80 93 9a 03 	sts	0x039A, r24	; 0x80039a <flag_cancela>
	}

	if (comando =='A')
     63e:	80 91 7c 01 	lds	r24, 0x017C	; 0x80017c <comando>
     642:	81 34       	cpi	r24, 0x41	; 65
     644:	09 f0       	breq	.+2      	; 0x648 <__vector_18+0xbc>
     646:	62 c0       	rjmp	.+196    	; 0x70c <__vector_18+0x180>
	{
		flag_confg=1;
     648:	81 e0       	ldi	r24, 0x01	; 1
     64a:	90 e0       	ldi	r25, 0x00	; 0
     64c:	90 93 7f 03 	sts	0x037F, r25	; 0x80037f <flag_confg+0x1>
     650:	80 93 7e 03 	sts	0x037E, r24	; 0x80037e <flag_confg>
		limite_presion=240;
     654:	80 ef       	ldi	r24, 0xF0	; 240
     656:	90 e0       	ldi	r25, 0x00	; 0
     658:	90 93 23 01 	sts	0x0123, r25	; 0x800123 <limite_presion+0x1>
     65c:	80 93 22 01 	sts	0x0122, r24	; 0x800122 <limite_presion>
		limite_presion2=limite_presion/2;
     660:	88 e7       	ldi	r24, 0x78	; 120
     662:	90 e0       	ldi	r25, 0x00	; 0
     664:	90 93 21 01 	sts	0x0121, r25	; 0x800121 <limite_presion2+0x1>
     668:	80 93 20 01 	sts	0x0120, r24	; 0x800120 <limite_presion2>
		send_char('A');
     66c:	81 e4       	ldi	r24, 0x41	; 65
     66e:	0e 94 dd 00 	call	0x1ba	; 0x1ba <_Z9send_charc>
		send_char('\n');
     672:	8a e0       	ldi	r24, 0x0A	; 10
     674:	0e 94 dd 00 	call	0x1ba	; 0x1ba <_Z9send_charc>
		flag_neo=0;
     678:	10 92 9d 03 	sts	0x039D, r1	; 0x80039d <flag_neo>
		flag_modo=64;
     67c:	80 e4       	ldi	r24, 0x40	; 64
     67e:	80 93 9c 03 	sts	0x039C, r24	; 0x80039c <flag_modo>
		tiempo_limparc=300;
     682:	8c e2       	ldi	r24, 0x2C	; 44
     684:	91 e0       	ldi	r25, 0x01	; 1
     686:	a0 e0       	ldi	r26, 0x00	; 0
     688:	b0 e0       	ldi	r27, 0x00	; 0
     68a:	80 93 12 01 	sts	0x0112, r24	; 0x800112 <tiempo_limparc>
     68e:	90 93 13 01 	sts	0x0113, r25	; 0x800113 <tiempo_limparc+0x1>
     692:	a0 93 14 01 	sts	0x0114, r26	; 0x800114 <tiempo_limparc+0x2>
     696:	b0 93 15 01 	sts	0x0115, r27	; 0x800115 <tiempo_limparc+0x3>
		pres_lim1=10;
     69a:	8a e0       	ldi	r24, 0x0A	; 10
     69c:	90 e0       	ldi	r25, 0x00	; 0
     69e:	a0 e0       	ldi	r26, 0x00	; 0
     6a0:	b0 e0       	ldi	r27, 0x00	; 0
     6a2:	80 93 0e 01 	sts	0x010E, r24	; 0x80010e <pres_lim1>
     6a6:	90 93 0f 01 	sts	0x010F, r25	; 0x80010f <pres_lim1+0x1>
     6aa:	a0 93 10 01 	sts	0x0110, r26	; 0x800110 <pres_lim1+0x2>
     6ae:	b0 93 11 01 	sts	0x0111, r27	; 0x800111 <pres_lim1+0x3>
		pres_lim2=30;
     6b2:	8e e1       	ldi	r24, 0x1E	; 30
     6b4:	90 e0       	ldi	r25, 0x00	; 0
     6b6:	a0 e0       	ldi	r26, 0x00	; 0
     6b8:	b0 e0       	ldi	r27, 0x00	; 0
     6ba:	80 93 0a 01 	sts	0x010A, r24	; 0x80010a <pres_lim2>
     6be:	90 93 0b 01 	sts	0x010B, r25	; 0x80010b <pres_lim2+0x1>
     6c2:	a0 93 0c 01 	sts	0x010C, r26	; 0x80010c <pres_lim2+0x2>
     6c6:	b0 93 0d 01 	sts	0x010D, r27	; 0x80010d <pres_lim2+0x3>
		pres_lim3=45;
     6ca:	8d e2       	ldi	r24, 0x2D	; 45
     6cc:	90 e0       	ldi	r25, 0x00	; 0
     6ce:	a0 e0       	ldi	r26, 0x00	; 0
     6d0:	b0 e0       	ldi	r27, 0x00	; 0
     6d2:	80 93 06 01 	sts	0x0106, r24	; 0x800106 <pres_lim3>
     6d6:	90 93 07 01 	sts	0x0107, r25	; 0x800107 <pres_lim3+0x1>
     6da:	a0 93 08 01 	sts	0x0108, r26	; 0x800108 <pres_lim3+0x2>
     6de:	b0 93 09 01 	sts	0x0109, r27	; 0x800109 <pres_lim3+0x3>
		pres_lim4=70;
     6e2:	86 e4       	ldi	r24, 0x46	; 70
     6e4:	90 e0       	ldi	r25, 0x00	; 0
     6e6:	a0 e0       	ldi	r26, 0x00	; 0
     6e8:	b0 e0       	ldi	r27, 0x00	; 0
     6ea:	80 93 02 01 	sts	0x0102, r24	; 0x800102 <pres_lim4>
     6ee:	90 93 03 01 	sts	0x0103, r25	; 0x800103 <pres_lim4+0x1>
     6f2:	a0 93 04 01 	sts	0x0104, r26	; 0x800104 <pres_lim4+0x2>
     6f6:	b0 93 05 01 	sts	0x0105, r27	; 0x800105 <pres_lim4+0x3>
     6fa:	2f ef       	ldi	r18, 0xFF	; 255
     6fc:	8f e7       	ldi	r24, 0x7F	; 127
     6fe:	96 e1       	ldi	r25, 0x16	; 22
     700:	21 50       	subi	r18, 0x01	; 1
     702:	80 40       	sbci	r24, 0x00	; 0
     704:	90 40       	sbci	r25, 0x00	; 0
     706:	e1 f7       	brne	.-8      	; 0x700 <__vector_18+0x174>
     708:	00 c0       	rjmp	.+0      	; 0x70a <__vector_18+0x17e>
     70a:	00 00       	nop
		_delay_ms(500);	
	}

	if (comando =='N')
     70c:	80 91 7c 01 	lds	r24, 0x017C	; 0x80017c <comando>
     710:	8e 34       	cpi	r24, 0x4E	; 78
     712:	09 f0       	breq	.+2      	; 0x716 <__vector_18+0x18a>
     714:	62 c0       	rjmp	.+196    	; 0x7da <__vector_18+0x24e>
	{
		flag_confg=1;
     716:	81 e0       	ldi	r24, 0x01	; 1
     718:	90 e0       	ldi	r25, 0x00	; 0
     71a:	90 93 7f 03 	sts	0x037F, r25	; 0x80037f <flag_confg+0x1>
     71e:	80 93 7e 03 	sts	0x037E, r24	; 0x80037e <flag_confg>
		limite_presion=160;
     722:	80 ea       	ldi	r24, 0xA0	; 160
     724:	90 e0       	ldi	r25, 0x00	; 0
     726:	90 93 23 01 	sts	0x0123, r25	; 0x800123 <limite_presion+0x1>
     72a:	80 93 22 01 	sts	0x0122, r24	; 0x800122 <limite_presion>
		limite_presion2=limite_presion/2;
     72e:	80 e5       	ldi	r24, 0x50	; 80
     730:	90 e0       	ldi	r25, 0x00	; 0
     732:	90 93 21 01 	sts	0x0121, r25	; 0x800121 <limite_presion2+0x1>
     736:	80 93 20 01 	sts	0x0120, r24	; 0x800120 <limite_presion2>
		send_char('N');
     73a:	8e e4       	ldi	r24, 0x4E	; 78
     73c:	0e 94 dd 00 	call	0x1ba	; 0x1ba <_Z9send_charc>
		send_char('\n');
     740:	8a e0       	ldi	r24, 0x0A	; 10
     742:	0e 94 dd 00 	call	0x1ba	; 0x1ba <_Z9send_charc>
		flag_neo=0;
     746:	10 92 9d 03 	sts	0x039D, r1	; 0x80039d <flag_neo>
		flag_modo=16;
     74a:	80 e1       	ldi	r24, 0x10	; 16
     74c:	80 93 9c 03 	sts	0x039C, r24	; 0x80039c <flag_modo>
		tiempo_limparc=300;
     750:	8c e2       	ldi	r24, 0x2C	; 44
     752:	91 e0       	ldi	r25, 0x01	; 1
     754:	a0 e0       	ldi	r26, 0x00	; 0
     756:	b0 e0       	ldi	r27, 0x00	; 0
     758:	80 93 12 01 	sts	0x0112, r24	; 0x800112 <tiempo_limparc>
     75c:	90 93 13 01 	sts	0x0113, r25	; 0x800113 <tiempo_limparc+0x1>
     760:	a0 93 14 01 	sts	0x0114, r26	; 0x800114 <tiempo_limparc+0x2>
     764:	b0 93 15 01 	sts	0x0115, r27	; 0x800115 <tiempo_limparc+0x3>
		pres_lim1=10;
     768:	8a e0       	ldi	r24, 0x0A	; 10
     76a:	90 e0       	ldi	r25, 0x00	; 0
     76c:	a0 e0       	ldi	r26, 0x00	; 0
     76e:	b0 e0       	ldi	r27, 0x00	; 0
     770:	80 93 0e 01 	sts	0x010E, r24	; 0x80010e <pres_lim1>
     774:	90 93 0f 01 	sts	0x010F, r25	; 0x80010f <pres_lim1+0x1>
     778:	a0 93 10 01 	sts	0x0110, r26	; 0x800110 <pres_lim1+0x2>
     77c:	b0 93 11 01 	sts	0x0111, r27	; 0x800111 <pres_lim1+0x3>
		pres_lim2=30;
     780:	8e e1       	ldi	r24, 0x1E	; 30
     782:	90 e0       	ldi	r25, 0x00	; 0
     784:	a0 e0       	ldi	r26, 0x00	; 0
     786:	b0 e0       	ldi	r27, 0x00	; 0
     788:	80 93 0a 01 	sts	0x010A, r24	; 0x80010a <pres_lim2>
     78c:	90 93 0b 01 	sts	0x010B, r25	; 0x80010b <pres_lim2+0x1>
     790:	a0 93 0c 01 	sts	0x010C, r26	; 0x80010c <pres_lim2+0x2>
     794:	b0 93 0d 01 	sts	0x010D, r27	; 0x80010d <pres_lim2+0x3>
		pres_lim3=45;
     798:	8d e2       	ldi	r24, 0x2D	; 45
     79a:	90 e0       	ldi	r25, 0x00	; 0
     79c:	a0 e0       	ldi	r26, 0x00	; 0
     79e:	b0 e0       	ldi	r27, 0x00	; 0
     7a0:	80 93 06 01 	sts	0x0106, r24	; 0x800106 <pres_lim3>
     7a4:	90 93 07 01 	sts	0x0107, r25	; 0x800107 <pres_lim3+0x1>
     7a8:	a0 93 08 01 	sts	0x0108, r26	; 0x800108 <pres_lim3+0x2>
     7ac:	b0 93 09 01 	sts	0x0109, r27	; 0x800109 <pres_lim3+0x3>
		pres_lim4=70;
     7b0:	86 e4       	ldi	r24, 0x46	; 70
     7b2:	90 e0       	ldi	r25, 0x00	; 0
     7b4:	a0 e0       	ldi	r26, 0x00	; 0
     7b6:	b0 e0       	ldi	r27, 0x00	; 0
     7b8:	80 93 02 01 	sts	0x0102, r24	; 0x800102 <pres_lim4>
     7bc:	90 93 03 01 	sts	0x0103, r25	; 0x800103 <pres_lim4+0x1>
     7c0:	a0 93 04 01 	sts	0x0104, r26	; 0x800104 <pres_lim4+0x2>
     7c4:	b0 93 05 01 	sts	0x0105, r27	; 0x800105 <pres_lim4+0x3>
     7c8:	2f ef       	ldi	r18, 0xFF	; 255
     7ca:	8f e7       	ldi	r24, 0x7F	; 127
     7cc:	96 e1       	ldi	r25, 0x16	; 22
     7ce:	21 50       	subi	r18, 0x01	; 1
     7d0:	80 40       	sbci	r24, 0x00	; 0
     7d2:	90 40       	sbci	r25, 0x00	; 0
     7d4:	e1 f7       	brne	.-8      	; 0x7ce <__vector_18+0x242>
     7d6:	00 c0       	rjmp	.+0      	; 0x7d8 <__vector_18+0x24c>
     7d8:	00 00       	nop
		_delay_ms(500);	
	}

	if (comando =='B')
     7da:	80 91 7c 01 	lds	r24, 0x017C	; 0x80017c <comando>
     7de:	82 34       	cpi	r24, 0x42	; 66
     7e0:	09 f0       	breq	.+2      	; 0x7e4 <__vector_18+0x258>
     7e2:	63 c0       	rjmp	.+198    	; 0x8aa <__DATA_REGION_LENGTH__+0xaa>
	{
		flag_confg=1;
     7e4:	81 e0       	ldi	r24, 0x01	; 1
     7e6:	90 e0       	ldi	r25, 0x00	; 0
     7e8:	90 93 7f 03 	sts	0x037F, r25	; 0x80037f <flag_confg+0x1>
     7ec:	80 93 7e 03 	sts	0x037E, r24	; 0x80037e <flag_confg>
		limite_presion=120;
     7f0:	88 e7       	ldi	r24, 0x78	; 120
     7f2:	90 e0       	ldi	r25, 0x00	; 0
     7f4:	90 93 23 01 	sts	0x0123, r25	; 0x800123 <limite_presion+0x1>
     7f8:	80 93 22 01 	sts	0x0122, r24	; 0x800122 <limite_presion>
		limite_presion2=limite_presion/2;
     7fc:	8c e3       	ldi	r24, 0x3C	; 60
     7fe:	90 e0       	ldi	r25, 0x00	; 0
     800:	90 93 21 01 	sts	0x0121, r25	; 0x800121 <limite_presion2+0x1>
     804:	80 93 20 01 	sts	0x0120, r24	; 0x800120 <limite_presion2>
		flag_neo=1;
     808:	81 e0       	ldi	r24, 0x01	; 1
     80a:	80 93 9d 03 	sts	0x039D, r24	; 0x80039d <flag_neo>
		flag_modo=8;
     80e:	88 e0       	ldi	r24, 0x08	; 8
     810:	80 93 9c 03 	sts	0x039C, r24	; 0x80039c <flag_modo>
		send_char('B');
     814:	82 e4       	ldi	r24, 0x42	; 66
     816:	0e 94 dd 00 	call	0x1ba	; 0x1ba <_Z9send_charc>
		send_char('\n');
     81a:	8a e0       	ldi	r24, 0x0A	; 10
     81c:	0e 94 dd 00 	call	0x1ba	; 0x1ba <_Z9send_charc>
		tiempo_limparc=100;
     820:	84 e6       	ldi	r24, 0x64	; 100
     822:	90 e0       	ldi	r25, 0x00	; 0
     824:	a0 e0       	ldi	r26, 0x00	; 0
     826:	b0 e0       	ldi	r27, 0x00	; 0
     828:	80 93 12 01 	sts	0x0112, r24	; 0x800112 <tiempo_limparc>
     82c:	90 93 13 01 	sts	0x0113, r25	; 0x800113 <tiempo_limparc+0x1>
     830:	a0 93 14 01 	sts	0x0114, r26	; 0x800114 <tiempo_limparc+0x2>
     834:	b0 93 15 01 	sts	0x0115, r27	; 0x800115 <tiempo_limparc+0x3>
		pres_lim1=5;
     838:	85 e0       	ldi	r24, 0x05	; 5
     83a:	90 e0       	ldi	r25, 0x00	; 0
     83c:	a0 e0       	ldi	r26, 0x00	; 0
     83e:	b0 e0       	ldi	r27, 0x00	; 0
     840:	80 93 0e 01 	sts	0x010E, r24	; 0x80010e <pres_lim1>
     844:	90 93 0f 01 	sts	0x010F, r25	; 0x80010f <pres_lim1+0x1>
     848:	a0 93 10 01 	sts	0x0110, r26	; 0x800110 <pres_lim1+0x2>
     84c:	b0 93 11 01 	sts	0x0111, r27	; 0x800111 <pres_lim1+0x3>
		pres_lim2=10;
     850:	8a e0       	ldi	r24, 0x0A	; 10
     852:	90 e0       	ldi	r25, 0x00	; 0
     854:	a0 e0       	ldi	r26, 0x00	; 0
     856:	b0 e0       	ldi	r27, 0x00	; 0
     858:	80 93 0a 01 	sts	0x010A, r24	; 0x80010a <pres_lim2>
     85c:	90 93 0b 01 	sts	0x010B, r25	; 0x80010b <pres_lim2+0x1>
     860:	a0 93 0c 01 	sts	0x010C, r26	; 0x80010c <pres_lim2+0x2>
     864:	b0 93 0d 01 	sts	0x010D, r27	; 0x80010d <pres_lim2+0x3>
		pres_lim3=20;
     868:	84 e1       	ldi	r24, 0x14	; 20
     86a:	90 e0       	ldi	r25, 0x00	; 0
     86c:	a0 e0       	ldi	r26, 0x00	; 0
     86e:	b0 e0       	ldi	r27, 0x00	; 0
     870:	80 93 06 01 	sts	0x0106, r24	; 0x800106 <pres_lim3>
     874:	90 93 07 01 	sts	0x0107, r25	; 0x800107 <pres_lim3+0x1>
     878:	a0 93 08 01 	sts	0x0108, r26	; 0x800108 <pres_lim3+0x2>
     87c:	b0 93 09 01 	sts	0x0109, r27	; 0x800109 <pres_lim3+0x3>
		pres_lim4=30;
     880:	8e e1       	ldi	r24, 0x1E	; 30
     882:	90 e0       	ldi	r25, 0x00	; 0
     884:	a0 e0       	ldi	r26, 0x00	; 0
     886:	b0 e0       	ldi	r27, 0x00	; 0
     888:	80 93 02 01 	sts	0x0102, r24	; 0x800102 <pres_lim4>
     88c:	90 93 03 01 	sts	0x0103, r25	; 0x800103 <pres_lim4+0x1>
     890:	a0 93 04 01 	sts	0x0104, r26	; 0x800104 <pres_lim4+0x2>
     894:	b0 93 05 01 	sts	0x0105, r27	; 0x800105 <pres_lim4+0x3>
     898:	2f ef       	ldi	r18, 0xFF	; 255
     89a:	8f e7       	ldi	r24, 0x7F	; 127
     89c:	96 e1       	ldi	r25, 0x16	; 22
     89e:	21 50       	subi	r18, 0x01	; 1
     8a0:	80 40       	sbci	r24, 0x00	; 0
     8a2:	90 40       	sbci	r25, 0x00	; 0
     8a4:	e1 f7       	brne	.-8      	; 0x89e <__DATA_REGION_LENGTH__+0x9e>
     8a6:	00 c0       	rjmp	.+0      	; 0x8a8 <__DATA_REGION_LENGTH__+0xa8>
     8a8:	00 00       	nop
		_delay_ms(500);	
	}

	if (comando =='I')
     8aa:	80 91 7c 01 	lds	r24, 0x017C	; 0x80017c <comando>
     8ae:	89 34       	cpi	r24, 0x49	; 73
     8b0:	59 f4       	brne	.+22     	; 0x8c8 <__DATA_REGION_LENGTH__+0xc8>
	{
		send_string(texto_info);
     8b2:	87 e8       	ldi	r24, 0x87	; 135
     8b4:	91 e0       	ldi	r25, 0x01	; 1
     8b6:	0e 94 e4 00 	call	0x1c8	; 0x1c8 <_Z11send_stringPc>
		send_string(version_pani);
     8ba:	8d e7       	ldi	r24, 0x7D	; 125
     8bc:	91 e0       	ldi	r25, 0x01	; 1
     8be:	0e 94 e4 00 	call	0x1c8	; 0x1c8 <_Z11send_stringPc>
		send_char('\n');
     8c2:	8a e0       	ldi	r24, 0x0A	; 10
     8c4:	0e 94 dd 00 	call	0x1ba	; 0x1ba <_Z9send_charc>
	}
	if (comando =='P')
     8c8:	80 91 7c 01 	lds	r24, 0x017C	; 0x80017c <comando>
     8cc:	80 35       	cpi	r24, 0x50	; 80
     8ce:	29 f4       	brne	.+10     	; 0x8da <__DATA_REGION_LENGTH__+0xda>
	{
		send_char('P');
     8d0:	0e 94 dd 00 	call	0x1ba	; 0x1ba <_Z9send_charc>
		send_char('\n');
     8d4:	8a e0       	ldi	r24, 0x0A	; 10
     8d6:	0e 94 dd 00 	call	0x1ba	; 0x1ba <_Z9send_charc>
	}	
	if (comando =='G')
     8da:	80 91 7c 01 	lds	r24, 0x017C	; 0x80017c <comando>
     8de:	87 34       	cpi	r24, 0x47	; 71
     8e0:	41 f4       	brne	.+16     	; 0x8f2 <__DATA_REGION_LENGTH__+0xf2>
	{
		send_char('G');
     8e2:	0e 94 dd 00 	call	0x1ba	; 0x1ba <_Z9send_charc>
		send_char('\n');
     8e6:	8a e0       	ldi	r24, 0x0A	; 10
     8e8:	0e 94 dd 00 	call	0x1ba	; 0x1ba <_Z9send_charc>
		inicio_med=5;
     8ec:	85 e0       	ldi	r24, 0x05	; 5
     8ee:	80 93 a0 03 	sts	0x03A0, r24	; 0x8003a0 <inicio_med>
	}
	if (comando =='X')
     8f2:	80 91 7c 01 	lds	r24, 0x017C	; 0x80017c <comando>
     8f6:	88 35       	cpi	r24, 0x58	; 88
     8f8:	a9 f4       	brne	.+42     	; 0x924 <__stack+0x25>
	{
		send_char('X');
     8fa:	0e 94 dd 00 	call	0x1ba	; 0x1ba <_Z9send_charc>
		send_char('\n');
     8fe:	8a e0       	ldi	r24, 0x0A	; 10
     900:	0e 94 dd 00 	call	0x1ba	; 0x1ba <_Z9send_charc>
		inicio_med=6;
     904:	86 e0       	ldi	r24, 0x06	; 6
     906:	80 93 a0 03 	sts	0x03A0, r24	; 0x8003a0 <inicio_med>
		PORTB = 0x03;//0x03;	//activa motor 1 y v?lvula
     90a:	83 e0       	ldi	r24, 0x03	; 3
     90c:	85 b9       	out	0x05, r24	; 5
		tiempo_limtotal=0;//90000
     90e:	10 92 16 01 	sts	0x0116, r1	; 0x800116 <tiempo_limtotal>
     912:	10 92 17 01 	sts	0x0117, r1	; 0x800117 <tiempo_limtotal+0x1>
     916:	10 92 18 01 	sts	0x0118, r1	; 0x800118 <tiempo_limtotal+0x2>
     91a:	10 92 19 01 	sts	0x0119, r1	; 0x800119 <tiempo_limtotal+0x3>
		aux_ret_0=255;
     91e:	8f ef       	ldi	r24, 0xFF	; 255
     920:	80 93 98 03 	sts	0x0398, r24	; 0x800398 <aux_ret_0>
		//OCR0B=255;
	}
	if (comando =='+')
     924:	80 91 7c 01 	lds	r24, 0x017C	; 0x80017c <comando>
     928:	8b 32       	cpi	r24, 0x2B	; 43
     92a:	51 f4       	brne	.+20     	; 0x940 <__stack+0x41>
	{
		send_char('+');
     92c:	0e 94 dd 00 	call	0x1ba	; 0x1ba <_Z9send_charc>
		send_char('\n');
     930:	8a e0       	ldi	r24, 0x0A	; 10
     932:	0e 94 dd 00 	call	0x1ba	; 0x1ba <_Z9send_charc>
		aux_ret_0+=1;
     936:	80 91 98 03 	lds	r24, 0x0398	; 0x800398 <aux_ret_0>
     93a:	8f 5f       	subi	r24, 0xFF	; 255
     93c:	80 93 98 03 	sts	0x0398, r24	; 0x800398 <aux_ret_0>
		//OCR0B=255;
	}
	if (comando =='-')
     940:	80 91 7c 01 	lds	r24, 0x017C	; 0x80017c <comando>
     944:	8d 32       	cpi	r24, 0x2D	; 45
     946:	51 f4       	brne	.+20     	; 0x95c <__stack+0x5d>
	{
		send_char('-');
     948:	0e 94 dd 00 	call	0x1ba	; 0x1ba <_Z9send_charc>
		send_char('\n');
     94c:	8a e0       	ldi	r24, 0x0A	; 10
     94e:	0e 94 dd 00 	call	0x1ba	; 0x1ba <_Z9send_charc>
		aux_ret_0-=1;
     952:	80 91 98 03 	lds	r24, 0x0398	; 0x800398 <aux_ret_0>
     956:	81 50       	subi	r24, 0x01	; 1
     958:	80 93 98 03 	sts	0x0398, r24	; 0x800398 <aux_ret_0>
		//OCR0B=255;
	}
///////////////////////////////////////////debug
	
}
     95c:	ff 91       	pop	r31
     95e:	ef 91       	pop	r30
     960:	bf 91       	pop	r27
     962:	af 91       	pop	r26
     964:	9f 91       	pop	r25
     966:	8f 91       	pop	r24
     968:	7f 91       	pop	r23
     96a:	6f 91       	pop	r22
     96c:	5f 91       	pop	r21
     96e:	4f 91       	pop	r20
     970:	3f 91       	pop	r19
     972:	2f 91       	pop	r18
     974:	0f 90       	pop	r0
     976:	0f be       	out	0x3f, r0	; 63
     978:	0f 90       	pop	r0
     97a:	1f 90       	pop	r1
     97c:	18 95       	reti

0000097e <__vector_7>:

 ISR (TIMER2_COMPA_vect)
 {
     97e:	1f 92       	push	r1
     980:	0f 92       	push	r0
     982:	0f b6       	in	r0, 0x3f	; 63
     984:	0f 92       	push	r0
     986:	11 24       	eor	r1, r1
     988:	2f 93       	push	r18
     98a:	8f 93       	push	r24
     98c:	9f 93       	push	r25
     98e:	af 93       	push	r26
     990:	bf 93       	push	r27
	 if (flag_start!=0)
     992:	80 91 96 03 	lds	r24, 0x0396	; 0x800396 <flag_start>
     996:	90 91 97 03 	lds	r25, 0x0397	; 0x800397 <flag_start+0x1>
     99a:	89 2b       	or	r24, r25
     99c:	89 f1       	breq	.+98     	; 0xa00 <__vector_7+0x82>
	 {
		 flag_2ms=1;
     99e:	81 e0       	ldi	r24, 0x01	; 1
     9a0:	90 e0       	ldi	r25, 0x00	; 0
     9a2:	90 93 95 03 	sts	0x0395, r25	; 0x800395 <flag_2ms+0x1>
     9a6:	80 93 94 03 	sts	0x0394, r24	; 0x800394 <flag_2ms>
		if (cont_escalon>1000)
     9aa:	80 91 88 03 	lds	r24, 0x0388	; 0x800388 <cont_escalon>
     9ae:	90 91 89 03 	lds	r25, 0x0389	; 0x800389 <cont_escalon+0x1>
     9b2:	a0 91 8a 03 	lds	r26, 0x038A	; 0x80038a <cont_escalon+0x2>
     9b6:	b0 91 8b 03 	lds	r27, 0x038B	; 0x80038b <cont_escalon+0x3>
     9ba:	89 3e       	cpi	r24, 0xE9	; 233
     9bc:	93 40       	sbci	r25, 0x03	; 3
     9be:	a1 05       	cpc	r26, r1
     9c0:	b1 05       	cpc	r27, r1
     9c2:	58 f0       	brcs	.+22     	; 0x9da <__vector_7+0x5c>
		{
			cont_escalon=0;
     9c4:	10 92 88 03 	sts	0x0388, r1	; 0x800388 <cont_escalon>
     9c8:	10 92 89 03 	sts	0x0389, r1	; 0x800389 <cont_escalon+0x1>
     9cc:	10 92 8a 03 	sts	0x038A, r1	; 0x80038a <cont_escalon+0x2>
     9d0:	10 92 8b 03 	sts	0x038B, r1	; 0x80038b <cont_escalon+0x3>
			flag_escalon=1;
     9d4:	81 e0       	ldi	r24, 0x01	; 1
     9d6:	80 93 99 03 	sts	0x0399, r24	; 0x800399 <flag_escalon>
		}
		cont_escalon++;
     9da:	80 91 88 03 	lds	r24, 0x0388	; 0x800388 <cont_escalon>
     9de:	90 91 89 03 	lds	r25, 0x0389	; 0x800389 <cont_escalon+0x1>
     9e2:	a0 91 8a 03 	lds	r26, 0x038A	; 0x80038a <cont_escalon+0x2>
     9e6:	b0 91 8b 03 	lds	r27, 0x038B	; 0x80038b <cont_escalon+0x3>
     9ea:	01 96       	adiw	r24, 0x01	; 1
     9ec:	a1 1d       	adc	r26, r1
     9ee:	b1 1d       	adc	r27, r1
     9f0:	80 93 88 03 	sts	0x0388, r24	; 0x800388 <cont_escalon>
     9f4:	90 93 89 03 	sts	0x0389, r25	; 0x800389 <cont_escalon+0x1>
     9f8:	a0 93 8a 03 	sts	0x038A, r26	; 0x80038a <cont_escalon+0x2>
     9fc:	b0 93 8b 03 	sts	0x038B, r27	; 0x80038b <cont_escalon+0x3>
	 }
	 
	 if (inicio_med==0)
     a00:	80 91 a0 03 	lds	r24, 0x03A0	; 0x8003a0 <inicio_med>
     a04:	81 11       	cpse	r24, r1
     a06:	09 c0       	rjmp	.+18     	; 0xa1a <__vector_7+0x9c>
	 {
		 cont_timer1=0;
     a08:	10 92 90 03 	sts	0x0390, r1	; 0x800390 <cont_timer1>
     a0c:	10 92 91 03 	sts	0x0391, r1	; 0x800391 <cont_timer1+0x1>
     a10:	10 92 92 03 	sts	0x0392, r1	; 0x800392 <cont_timer1+0x2>
     a14:	10 92 93 03 	sts	0x0393, r1	; 0x800393 <cont_timer1+0x3>
     a18:	13 c0       	rjmp	.+38     	; 0xa40 <__vector_7+0xc2>
	 }
	 else
	 {
		 cont_timer1++;
     a1a:	80 91 90 03 	lds	r24, 0x0390	; 0x800390 <cont_timer1>
     a1e:	90 91 91 03 	lds	r25, 0x0391	; 0x800391 <cont_timer1+0x1>
     a22:	a0 91 92 03 	lds	r26, 0x0392	; 0x800392 <cont_timer1+0x2>
     a26:	b0 91 93 03 	lds	r27, 0x0393	; 0x800393 <cont_timer1+0x3>
     a2a:	01 96       	adiw	r24, 0x01	; 1
     a2c:	a1 1d       	adc	r26, r1
     a2e:	b1 1d       	adc	r27, r1
     a30:	80 93 90 03 	sts	0x0390, r24	; 0x800390 <cont_timer1>
     a34:	90 93 91 03 	sts	0x0391, r25	; 0x800391 <cont_timer1+0x1>
     a38:	a0 93 92 03 	sts	0x0392, r26	; 0x800392 <cont_timer1+0x2>
     a3c:	b0 93 93 03 	sts	0x0393, r27	; 0x800393 <cont_timer1+0x3>
	 }
	 if (cont_timer2<2000)
     a40:	80 91 8c 03 	lds	r24, 0x038C	; 0x80038c <cont_timer2>
     a44:	90 91 8d 03 	lds	r25, 0x038D	; 0x80038d <cont_timer2+0x1>
     a48:	a0 91 8e 03 	lds	r26, 0x038E	; 0x80038e <cont_timer2+0x2>
     a4c:	b0 91 8f 03 	lds	r27, 0x038F	; 0x80038f <cont_timer2+0x3>
     a50:	80 3d       	cpi	r24, 0xD0	; 208
     a52:	27 e0       	ldi	r18, 0x07	; 7
     a54:	92 07       	cpc	r25, r18
     a56:	a1 05       	cpc	r26, r1
     a58:	b1 05       	cpc	r27, r1
     a5a:	58 f4       	brcc	.+22     	; 0xa72 <__vector_7+0xf4>
	 {
		 cont_timer2++;
     a5c:	01 96       	adiw	r24, 0x01	; 1
     a5e:	a1 1d       	adc	r26, r1
     a60:	b1 1d       	adc	r27, r1
     a62:	80 93 8c 03 	sts	0x038C, r24	; 0x80038c <cont_timer2>
     a66:	90 93 8d 03 	sts	0x038D, r25	; 0x80038d <cont_timer2+0x1>
     a6a:	a0 93 8e 03 	sts	0x038E, r26	; 0x80038e <cont_timer2+0x2>
     a6e:	b0 93 8f 03 	sts	0x038F, r27	; 0x80038f <cont_timer2+0x3>
	 }
	 
	 				
 }
     a72:	bf 91       	pop	r27
     a74:	af 91       	pop	r26
     a76:	9f 91       	pop	r25
     a78:	8f 91       	pop	r24
     a7a:	2f 91       	pop	r18
     a7c:	0f 90       	pop	r0
     a7e:	0f be       	out	0x3f, r0	; 63
     a80:	0f 90       	pop	r0
     a82:	1f 90       	pop	r1
     a84:	18 95       	reti

00000a86 <_Z15DerivadaFuncionf>:
		}
	}		
}

float DerivadaFuncion (float derivacion)
{
     a86:	8f 92       	push	r8
     a88:	9f 92       	push	r9
     a8a:	af 92       	push	r10
     a8c:	bf 92       	push	r11
     a8e:	cf 92       	push	r12
     a90:	df 92       	push	r13
     a92:	ef 92       	push	r14
     a94:	ff 92       	push	r15
     a96:	cf 93       	push	r28
     a98:	df 93       	push	r29
     a9a:	6b 01       	movw	r12, r22
     a9c:	7c 01       	movw	r14, r24
	int i;
	float y;
	static float fx_derv[100];

	y = ((derivacion*2) + fx_derv[98] - fx_derv[1] - (fx_derv[0]*2))/8;
     a9e:	9b 01       	movw	r18, r22
     aa0:	ac 01       	movw	r20, r24
     aa2:	0e 94 bc 0d 	call	0x1b78	; 0x1b78 <__addsf3>
     aa6:	ce ee       	ldi	r28, 0xEE	; 238
     aa8:	d1 e0       	ldi	r29, 0x01	; 1
     aaa:	20 91 76 03 	lds	r18, 0x0376	; 0x800376 <__data_end+0x188>
     aae:	30 91 77 03 	lds	r19, 0x0377	; 0x800377 <__data_end+0x189>
     ab2:	40 91 78 03 	lds	r20, 0x0378	; 0x800378 <__data_end+0x18a>
     ab6:	50 91 79 03 	lds	r21, 0x0379	; 0x800379 <__data_end+0x18b>
     aba:	0e 94 bc 0d 	call	0x1b78	; 0x1b78 <__addsf3>
     abe:	2c 81       	ldd	r18, Y+4	; 0x04
     ac0:	3d 81       	ldd	r19, Y+5	; 0x05
     ac2:	4e 81       	ldd	r20, Y+6	; 0x06
     ac4:	5f 81       	ldd	r21, Y+7	; 0x07
     ac6:	0e 94 bb 0d 	call	0x1b76	; 0x1b76 <__subsf3>
     aca:	4b 01       	movw	r8, r22
     acc:	5c 01       	movw	r10, r24
     ace:	68 81       	ld	r22, Y
     ad0:	79 81       	ldd	r23, Y+1	; 0x01
     ad2:	8a 81       	ldd	r24, Y+2	; 0x02
     ad4:	9b 81       	ldd	r25, Y+3	; 0x03
     ad6:	9b 01       	movw	r18, r22
     ad8:	ac 01       	movw	r20, r24
     ada:	0e 94 bc 0d 	call	0x1b78	; 0x1b78 <__addsf3>
     ade:	9b 01       	movw	r18, r22
     ae0:	ac 01       	movw	r20, r24
     ae2:	c5 01       	movw	r24, r10
     ae4:	b4 01       	movw	r22, r8
     ae6:	0e 94 bb 0d 	call	0x1b76	; 0x1b76 <__subsf3>
     aea:	20 e0       	ldi	r18, 0x00	; 0
     aec:	30 e0       	ldi	r19, 0x00	; 0
     aee:	40 e0       	ldi	r20, 0x00	; 0
     af0:	5e e3       	ldi	r21, 0x3E	; 62
     af2:	0e 94 8c 0f 	call	0x1f18	; 0x1f18 <__mulsf3>
     af6:	4b 01       	movw	r8, r22
     af8:	5c 01       	movw	r10, r24
	for (i = 0; i < 99; i++)
     afa:	80 e0       	ldi	r24, 0x00	; 0
     afc:	90 e0       	ldi	r25, 0x00	; 0
     afe:	83 36       	cpi	r24, 0x63	; 99
     b00:	91 05       	cpc	r25, r1
     b02:	dc f4       	brge	.+54     	; 0xb3a <_Z15DerivadaFuncionf+0xb4>
	{
		fx_derv[i] = fx_derv[i + 1];
     b04:	9c 01       	movw	r18, r24
     b06:	2f 5f       	subi	r18, 0xFF	; 255
     b08:	3f 4f       	sbci	r19, 0xFF	; 255
     b0a:	f9 01       	movw	r30, r18
     b0c:	ee 0f       	add	r30, r30
     b0e:	ff 1f       	adc	r31, r31
     b10:	ee 0f       	add	r30, r30
     b12:	ff 1f       	adc	r31, r31
     b14:	e2 51       	subi	r30, 0x12	; 18
     b16:	fe 4f       	sbci	r31, 0xFE	; 254
     b18:	40 81       	ld	r20, Z
     b1a:	51 81       	ldd	r21, Z+1	; 0x01
     b1c:	62 81       	ldd	r22, Z+2	; 0x02
     b1e:	73 81       	ldd	r23, Z+3	; 0x03
     b20:	88 0f       	add	r24, r24
     b22:	99 1f       	adc	r25, r25
     b24:	88 0f       	add	r24, r24
     b26:	99 1f       	adc	r25, r25
     b28:	fc 01       	movw	r30, r24
     b2a:	e2 51       	subi	r30, 0x12	; 18
     b2c:	fe 4f       	sbci	r31, 0xFE	; 254
     b2e:	40 83       	st	Z, r20
     b30:	51 83       	std	Z+1, r21	; 0x01
     b32:	62 83       	std	Z+2, r22	; 0x02
     b34:	73 83       	std	Z+3, r23	; 0x03
	int i;
	float y;
	static float fx_derv[100];

	y = ((derivacion*2) + fx_derv[98] - fx_derv[1] - (fx_derv[0]*2))/8;
	for (i = 0; i < 99; i++)
     b36:	c9 01       	movw	r24, r18
     b38:	e2 cf       	rjmp	.-60     	; 0xafe <_Z15DerivadaFuncionf+0x78>
	{
		fx_derv[i] = fx_derv[i + 1];
	}
	fx_derv[99] = derivacion;
     b3a:	c0 92 7a 03 	sts	0x037A, r12	; 0x80037a <__data_end+0x18c>
     b3e:	d0 92 7b 03 	sts	0x037B, r13	; 0x80037b <__data_end+0x18d>
     b42:	e0 92 7c 03 	sts	0x037C, r14	; 0x80037c <__data_end+0x18e>
     b46:	f0 92 7d 03 	sts	0x037D, r15	; 0x80037d <__data_end+0x18f>

	return(y);
}
     b4a:	c5 01       	movw	r24, r10
     b4c:	b4 01       	movw	r22, r8
     b4e:	df 91       	pop	r29
     b50:	cf 91       	pop	r28
     b52:	ff 90       	pop	r15
     b54:	ef 90       	pop	r14
     b56:	df 90       	pop	r13
     b58:	cf 90       	pop	r12
     b5a:	bf 90       	pop	r11
     b5c:	af 90       	pop	r10
     b5e:	9f 90       	pop	r9
     b60:	8f 90       	pop	r8
     b62:	08 95       	ret

00000b64 <main>:
	 				
 }
float DerivadaFuncion (float derivacion);

int main(void)
{
     b64:	cf 93       	push	r28
     b66:	df 93       	push	r29
     b68:	cd b7       	in	r28, 0x3d	; 61
     b6a:	de b7       	in	r29, 0x3e	; 62
     b6c:	6b 97       	sbiw	r28, 0x1b	; 27
     b6e:	0f b6       	in	r0, 0x3f	; 63
     b70:	f8 94       	cli
     b72:	de bf       	out	0x3e, r29	; 62
     b74:	0f be       	out	0x3f, r0	; 63
     b76:	cd bf       	out	0x3d, r28	; 61
	int p_dias=0,flag_no_pulso=0;
	int flag_sist=0;
	int flag_pulso_on=0;
	float  aux_dif_max=0,index_max=0;

	cont_escalon=0;
     b78:	10 92 88 03 	sts	0x0388, r1	; 0x800388 <cont_escalon>
     b7c:	10 92 89 03 	sts	0x0389, r1	; 0x800389 <cont_escalon+0x1>
     b80:	10 92 8a 03 	sts	0x038A, r1	; 0x80038a <cont_escalon+0x2>
     b84:	10 92 8b 03 	sts	0x038B, r1	; 0x80038b <cont_escalon+0x3>
	flag_escalon=0;
     b88:	10 92 99 03 	sts	0x0399, r1	; 0x800399 <flag_escalon>
	flag_pulsos=0;
     b8c:	10 92 9e 03 	sts	0x039E, r1	; 0x80039e <flag_pulsos>
	flag_neo=0;
     b90:	10 92 9d 03 	sts	0x039D, r1	; 0x80039d <flag_neo>
	flag_modo=0;
     b94:	10 92 9c 03 	sts	0x039C, r1	; 0x80039c <flag_modo>
	aux_PORTD=5;
     b98:	25 e0       	ldi	r18, 0x05	; 5
     b9a:	20 93 9b 03 	sts	0x039B, r18	; 0x80039b <aux_PORTD>

	int	i_array=0;

	
	DDRB = 0b00000111;		//PB0  v?lvula   PB1 motor
     b9e:	87 e0       	ldi	r24, 0x07	; 7
     ba0:	84 b9       	out	0x04, r24	; 4

	DDRD	= 0b00100000;
     ba2:	80 e2       	ldi	r24, 0x20	; 32
     ba4:	8a b9       	out	0x0a, r24	; 10
	PORTD	= 0x00;
     ba6:	1b b8       	out	0x0b, r1	; 11
	TCCR0A	= 0x23;
     ba8:	83 e2       	ldi	r24, 0x23	; 35
     baa:	84 bd       	out	0x24, r24	; 36
	TCCR0B	= 0x01;
     bac:	81 e0       	ldi	r24, 0x01	; 1
     bae:	85 bd       	out	0x25, r24	; 37
	TCCR2A	= 0x02;
     bb0:	92 e0       	ldi	r25, 0x02	; 2
     bb2:	90 93 b0 00 	sts	0x00B0, r25	; 0x8000b0 <__TEXT_REGION_LENGTH__+0x7f80b0>
	OCR2A	= 230;
     bb6:	36 ee       	ldi	r19, 0xE6	; 230
     bb8:	30 93 b3 00 	sts	0x00B3, r19	; 0x8000b3 <__TEXT_REGION_LENGTH__+0x7f80b3>
	TCCR2B	= 0x05;
     bbc:	20 93 b1 00 	sts	0x00B1, r18	; 0x8000b1 <__TEXT_REGION_LENGTH__+0x7f80b1>
	TIMSK2	= 0x02;
     bc0:	90 93 70 00 	sts	0x0070, r25	; 0x800070 <__TEXT_REGION_LENGTH__+0x7f8070>
	OCR0B=0x01;
     bc4:	88 bd       	out	0x28, r24	; 40
	PORTB = 0x03;//0x02;
     bc6:	83 e0       	ldi	r24, 0x03	; 3
     bc8:	85 b9       	out	0x05, r24	; 5
	cli();
     bca:	f8 94       	cli
		
	usart_init();
     bcc:	0e 94 d0 00 	call	0x1a0	; 0x1a0 <_Z10usart_initv>

	UCSR0B =  (1<<RXEN0) | (1<<TXEN0)|(1<<RXCIE0);
     bd0:	88 e9       	ldi	r24, 0x98	; 152
     bd2:	80 93 c1 00 	sts	0x00C1, r24	; 0x8000c1 <__TEXT_REGION_LENGTH__+0x7f80c1>
	
	sei();
     bd6:	78 94       	sei
    
	//i2c_inicio();	

	read_NPA700est(NPA700_R);
     bd8:	81 e5       	ldi	r24, 0x51	; 81
     bda:	0e 94 50 02 	call	0x4a0	; 0x4a0 <_Z14read_NPA700esth>
     bde:	2f ef       	ldi	r18, 0xFF	; 255
     be0:	3f e7       	ldi	r19, 0x7F	; 127
     be2:	44 e0       	ldi	r20, 0x04	; 4
     be4:	21 50       	subi	r18, 0x01	; 1
     be6:	30 40       	sbci	r19, 0x00	; 0
     be8:	40 40       	sbci	r20, 0x00	; 0
     bea:	e1 f7       	brne	.-8      	; 0xbe4 <main+0x80>
     bec:	00 c0       	rjmp	.+0      	; 0xbee <main+0x8a>
     bee:	00 00       	nop

	_delay_ms(100);

		send_string(texto_info);
     bf0:	87 e8       	ldi	r24, 0x87	; 135
     bf2:	91 e0       	ldi	r25, 0x01	; 1
     bf4:	0e 94 e4 00 	call	0x1c8	; 0x1c8 <_Z11send_stringPc>
		send_string(version_pani);
     bf8:	8d e7       	ldi	r24, 0x7D	; 125
     bfa:	91 e0       	ldi	r25, 0x01	; 1
     bfc:	0e 94 e4 00 	call	0x1c8	; 0x1c8 <_Z11send_stringPc>
		send_char('\n');
     c00:	8a e0       	ldi	r24, 0x0A	; 10
     c02:	0e 94 dd 00 	call	0x1ba	; 0x1ba <_Z9send_charc>
		limite_presion=190;
     c06:	8e eb       	ldi	r24, 0xBE	; 190
     c08:	90 e0       	ldi	r25, 0x00	; 0
     c0a:	90 93 23 01 	sts	0x0123, r25	; 0x800123 <limite_presion+0x1>
     c0e:	80 93 22 01 	sts	0x0122, r24	; 0x800122 <limite_presion>
	flag_pulsos=0;
	flag_neo=0;
	flag_modo=0;
	aux_PORTD=5;

	int	i_array=0;
     c12:	21 2c       	mov	r2, r1
     c14:	31 2c       	mov	r3, r1
	int		send_count=0; // contador para enviar dato de presion mientras se mide

	int p_dias=0,flag_no_pulso=0;
	int flag_sist=0;
	int flag_pulso_on=0;
	float  aux_dif_max=0,index_max=0;
     c16:	18 8a       	std	Y+16, r1	; 0x10
     c18:	19 8a       	std	Y+17, r1	; 0x11
     c1a:	1a 8a       	std	Y+18, r1	; 0x12
     c1c:	1b 8a       	std	Y+19, r1	; 0x13
     c1e:	1c 8a       	std	Y+20, r1	; 0x14
     c20:	1d 82       	std	Y+5, r1	; 0x05
     c22:	81 2c       	mov	r8, r1
     c24:	91 2c       	mov	r9, r1
	float	limi_sist=0.7;//0.6
	int		send_count=0; // contador para enviar dato de presion mientras se mide

	int p_dias=0,flag_no_pulso=0;
	int flag_sist=0;
	int flag_pulso_on=0;
     c26:	1b 86       	std	Y+11, r1	; 0x0b
     c28:	1a 86       	std	Y+10, r1	; 0x0a
	float	limi_dias=0.6;//0.65
	float	limi_sist=0.7;//0.6
	int		send_count=0; // contador para enviar dato de presion mientras se mide

	int p_dias=0,flag_no_pulso=0;
	int flag_sist=0;
     c2a:	a1 2c       	mov	r10, r1
     c2c:	b1 2c       	mov	r11, r1
	float	p_sist=0;
	float	limi_dias=0.6;//0.65
	float	limi_sist=0.7;//0.6
	int		send_count=0; // contador para enviar dato de presion mientras se mide

	int p_dias=0,flag_no_pulso=0;
     c2e:	1f 86       	std	Y+15, r1	; 0x0f
     c30:	1e 86       	std	Y+14, r1	; 0x0e
     c32:	41 2c       	mov	r4, r1
     c34:	51 2c       	mov	r5, r1
	float	pres_npa=0;
	float	p_med=0;
	float	p_sist=0;
	float	limi_dias=0.6;//0.65
	float	limi_sist=0.7;//0.6
	int		send_count=0; // contador para enviar dato de presion mientras se mide
     c36:	61 2c       	mov	r6, r1
     c38:	71 2c       	mov	r7, r1

int main(void)
{
	float	pres_npa=0;
	float	p_med=0;
	float	p_sist=0;
     c3a:	19 82       	std	Y+1, r1	; 0x01
     c3c:	1a 82       	std	Y+2, r1	; 0x02
     c3e:	1b 82       	std	Y+3, r1	; 0x03
     c40:	1c 82       	std	Y+4, r1	; 0x04
     c42:	0a c0       	rjmp	.+20     	; 0xc58 <main+0xf4>
			
			cont_timer2=0;
			flag_sist=0;
			flag_no_pulso=0;
			flag_pulso_on=0;
			index_max=0;
     c44:	18 8a       	std	Y+16, r1	; 0x10
     c46:	19 8a       	std	Y+17, r1	; 0x11
     c48:	1a 8a       	std	Y+18, r1	; 0x12
     c4a:	1b 8a       	std	Y+19, r1	; 0x13
			OCR0B=255;
			
			cont_timer2=0;
			flag_sist=0;
			flag_no_pulso=0;
			flag_pulso_on=0;
     c4c:	1b 86       	std	Y+11, r1	; 0x0b
     c4e:	1a 86       	std	Y+10, r1	; 0x0a
				dif_pres_max=0.30;
			}
			OCR0B=255;
			
			cont_timer2=0;
			flag_sist=0;
     c50:	a1 2c       	mov	r10, r1
     c52:	b1 2c       	mov	r11, r1
			flag_no_pulso=0;
     c54:	1f 86       	std	Y+15, r1	; 0x0f
     c56:	1e 86       	std	Y+14, r1	; 0x0e
		send_char('\n');
		limite_presion=190;

	while (1) 
    {
		pres_npa=read_NPA700(NPA700_R);
     c58:	81 e5       	ldi	r24, 0x51	; 81
     c5a:	0e 94 69 02 	call	0x4d2	; 0x4d2 <_Z11read_NPA700h>
     c5e:	6b 01       	movw	r12, r22
     c60:	7c 01       	movw	r14, r24
		pres_act=pres_npa;
     c62:	60 93 a9 03 	sts	0x03A9, r22	; 0x8003a9 <pres_act>
     c66:	70 93 aa 03 	sts	0x03AA, r23	; 0x8003aa <pres_act+0x1>
     c6a:	80 93 ab 03 	sts	0x03AB, r24	; 0x8003ab <pres_act+0x2>
     c6e:	90 93 ac 03 	sts	0x03AC, r25	; 0x8003ac <pres_act+0x3>
		if ((pres_act>315)||(pres_act>limite_presion))
     c72:	20 e0       	ldi	r18, 0x00	; 0
     c74:	30 e8       	ldi	r19, 0x80	; 128
     c76:	4d e9       	ldi	r20, 0x9D	; 157
     c78:	53 e4       	ldi	r21, 0x43	; 67
     c7a:	0e 94 87 0f 	call	0x1f0e	; 0x1f0e <__gesf2>
     c7e:	18 16       	cp	r1, r24
     c80:	94 f0       	brlt	.+36     	; 0xca6 <main+0x142>
     c82:	60 91 22 01 	lds	r22, 0x0122	; 0x800122 <limite_presion>
     c86:	70 91 23 01 	lds	r23, 0x0123	; 0x800123 <limite_presion+0x1>
     c8a:	07 2e       	mov	r0, r23
     c8c:	00 0c       	add	r0, r0
     c8e:	88 0b       	sbc	r24, r24
     c90:	99 0b       	sbc	r25, r25
     c92:	0e 94 d7 0e 	call	0x1dae	; 0x1dae <__floatsisf>
     c96:	9b 01       	movw	r18, r22
     c98:	ac 01       	movw	r20, r24
     c9a:	c7 01       	movw	r24, r14
     c9c:	b6 01       	movw	r22, r12
     c9e:	0e 94 87 0f 	call	0x1f0e	; 0x1f0e <__gesf2>
     ca2:	18 16       	cp	r1, r24
     ca4:	dc f4       	brge	.+54     	; 0xcdc <main+0x178>
		{
			inicio_med=0;
     ca6:	10 92 a0 03 	sts	0x03A0, r1	; 0x8003a0 <inicio_med>
			flag_DB_PUMP=-1;
     caa:	8f ef       	ldi	r24, 0xFF	; 255
     cac:	9f ef       	ldi	r25, 0xFF	; 255
     cae:	90 93 01 01 	sts	0x0101, r25	; 0x800101 <__DATA_REGION_ORIGIN__+0x1>
     cb2:	80 93 00 01 	sts	0x0100, r24	; 0x800100 <__DATA_REGION_ORIGIN__>
			debug_B=PORTB;
     cb6:	85 b1       	in	r24, 0x05	; 5
     cb8:	90 e0       	ldi	r25, 0x00	; 0
			debug_B = debug_B&(0xFA);
     cba:	8a 7f       	andi	r24, 0xFA	; 250
     cbc:	99 27       	eor	r25, r25
     cbe:	90 93 81 03 	sts	0x0381, r25	; 0x800381 <debug_B+0x1>
     cc2:	80 93 80 03 	sts	0x0380, r24	; 0x800380 <debug_B>
			PORTB=debug_B;
     cc6:	85 b9       	out	0x05, r24	; 5
			send_string(E_Sobre_presB);		//E11 sobrepresion
     cc8:	86 e3       	ldi	r24, 0x36	; 54
     cca:	91 e0       	ldi	r25, 0x01	; 1
     ccc:	0e 94 e4 00 	call	0x1c8	; 0x1c8 <_Z11send_stringPc>
			send_char('\n');
     cd0:	8a e0       	ldi	r24, 0x0A	; 10
     cd2:	0e 94 dd 00 	call	0x1ba	; 0x1ba <_Z9send_charc>
			send_char('\r');
     cd6:	8d e0       	ldi	r24, 0x0D	; 13
     cd8:	0e 94 dd 00 	call	0x1ba	; 0x1ba <_Z9send_charc>
		}
		///////////////rev de fallas uC de seg///////////////////////////
		//PIND
		aux_PORTD=PIND;
     cdc:	89 b1       	in	r24, 0x09	; 9
		aux_PORTD=aux_PORTD&(0b11011100);
     cde:	8c 7d       	andi	r24, 0xDC	; 220
     ce0:	80 93 9b 03 	sts	0x039B, r24	; 0x80039b <aux_PORTD>
		if (flag_confg==1)
     ce4:	20 91 7e 03 	lds	r18, 0x037E	; 0x80037e <flag_confg>
     ce8:	30 91 7f 03 	lds	r19, 0x037F	; 0x80037f <flag_confg+0x1>
     cec:	21 30       	cpi	r18, 0x01	; 1
     cee:	31 05       	cpc	r19, r1
     cf0:	a9 f4       	brne	.+42     	; 0xd1c <main+0x1b8>
		{
			flag_confg=0;
     cf2:	10 92 7f 03 	sts	0x037F, r1	; 0x80037f <flag_confg+0x1>
     cf6:	10 92 7e 03 	sts	0x037E, r1	; 0x80037e <flag_confg>
			if (flag_modo!=aux_PORTD)
     cfa:	90 91 9c 03 	lds	r25, 0x039C	; 0x80039c <flag_modo>
     cfe:	89 17       	cp	r24, r25
     d00:	69 f0       	breq	.+26     	; 0xd1c <main+0x1b8>
			{
				if (aux_PORTD=0x80)
     d02:	80 e8       	ldi	r24, 0x80	; 128
     d04:	80 93 9b 03 	sts	0x039B, r24	; 0x80039b <aux_PORTD>
				{
					send_string(E_Sobre_presB); //
     d08:	86 e3       	ldi	r24, 0x36	; 54
     d0a:	91 e0       	ldi	r25, 0x01	; 1
     d0c:	0e 94 e4 00 	call	0x1c8	; 0x1c8 <_Z11send_stringPc>
					send_char('\n');
     d10:	8a e0       	ldi	r24, 0x0A	; 10
     d12:	0e 94 dd 00 	call	0x1ba	; 0x1ba <_Z9send_charc>
				else
				{
					send_string(E_Conf); //
					send_char('\n');
				}
				inicio_med=4;
     d16:	84 e0       	ldi	r24, 0x04	; 4
     d18:	80 93 a0 03 	sts	0x03A0, r24	; 0x8003a0 <inicio_med>
				
			}
			
		}
		if ((inicio_med!=0)&&inicio_med<5)
     d1c:	80 91 a0 03 	lds	r24, 0x03A0	; 0x8003a0 <inicio_med>
     d20:	88 23       	and	r24, r24
     d22:	09 f4       	brne	.+2      	; 0xd26 <main+0x1c2>
     d24:	51 c0       	rjmp	.+162    	; 0xdc8 <main+0x264>
     d26:	85 30       	cpi	r24, 0x05	; 5
     d28:	0c f0       	brlt	.+2      	; 0xd2c <main+0x1c8>
     d2a:	4e c0       	rjmp	.+156    	; 0xdc8 <main+0x264>
		{
			send_count++;
     d2c:	5f ef       	ldi	r21, 0xFF	; 255
     d2e:	65 1a       	sub	r6, r21
     d30:	75 0a       	sbc	r7, r21
			if (send_count>100)
     d32:	85 e6       	ldi	r24, 0x65	; 101
     d34:	68 16       	cp	r6, r24
     d36:	71 04       	cpc	r7, r1
     d38:	4c f1       	brlt	.+82     	; 0xd8c <main+0x228>
			{
				send_count=0;
				send_string("R: ");
     d3a:	81 e9       	ldi	r24, 0x91	; 145
     d3c:	91 e0       	ldi	r25, 0x01	; 1
     d3e:	0e 94 e4 00 	call	0x1c8	; 0x1c8 <_Z11send_stringPc>
				dtostrf(pres_npa,3,0,valor_m);
     d42:	05 e4       	ldi	r16, 0x45	; 69
     d44:	15 e0       	ldi	r17, 0x05	; 5
     d46:	20 e0       	ldi	r18, 0x00	; 0
     d48:	43 e0       	ldi	r20, 0x03	; 3
     d4a:	c7 01       	movw	r24, r14
     d4c:	b6 01       	movw	r22, r12
     d4e:	0e 94 f9 0f 	call	0x1ff2	; 0x1ff2 <dtostrf>
				send_string(valor_m);
     d52:	c8 01       	movw	r24, r16
     d54:	0e 94 e4 00 	call	0x1c8	; 0x1c8 <_Z11send_stringPc>
				send_string(", ");
     d58:	85 e9       	ldi	r24, 0x95	; 149
     d5a:	91 e0       	ldi	r25, 0x01	; 1
     d5c:	0e 94 e4 00 	call	0x1c8	; 0x1c8 <_Z11send_stringPc>
				dtostrf(aux_ret_0,3,0,valor_m);
     d60:	60 91 98 03 	lds	r22, 0x0398	; 0x800398 <aux_ret_0>
     d64:	70 e0       	ldi	r23, 0x00	; 0
     d66:	80 e0       	ldi	r24, 0x00	; 0
     d68:	90 e0       	ldi	r25, 0x00	; 0
     d6a:	0e 94 d5 0e 	call	0x1daa	; 0x1daa <__floatunsisf>
     d6e:	20 e0       	ldi	r18, 0x00	; 0
     d70:	43 e0       	ldi	r20, 0x03	; 3
     d72:	0e 94 f9 0f 	call	0x1ff2	; 0x1ff2 <dtostrf>
				send_string(valor_m);
     d76:	c8 01       	movw	r24, r16
     d78:	0e 94 e4 00 	call	0x1c8	; 0x1c8 <_Z11send_stringPc>
				send_char('\n');
     d7c:	8a e0       	ldi	r24, 0x0A	; 10
     d7e:	0e 94 dd 00 	call	0x1ba	; 0x1ba <_Z9send_charc>
				send_char('\r');
     d82:	8d e0       	ldi	r24, 0x0D	; 13
     d84:	0e 94 dd 00 	call	0x1ba	; 0x1ba <_Z9send_charc>
		if ((inicio_med!=0)&&inicio_med<5)
		{
			send_count++;
			if (send_count>100)
			{
				send_count=0;
     d88:	61 2c       	mov	r6, r1
     d8a:	71 2c       	mov	r7, r1
				send_char('\n');
				send_char('\r');
			}
			
			
			if (cont_timer1>tiempo_limtotal)
     d8c:	40 91 90 03 	lds	r20, 0x0390	; 0x800390 <cont_timer1>
     d90:	50 91 91 03 	lds	r21, 0x0391	; 0x800391 <cont_timer1+0x1>
     d94:	60 91 92 03 	lds	r22, 0x0392	; 0x800392 <cont_timer1+0x2>
     d98:	70 91 93 03 	lds	r23, 0x0393	; 0x800393 <cont_timer1+0x3>
     d9c:	80 91 16 01 	lds	r24, 0x0116	; 0x800116 <tiempo_limtotal>
     da0:	90 91 17 01 	lds	r25, 0x0117	; 0x800117 <tiempo_limtotal+0x1>
     da4:	a0 91 18 01 	lds	r26, 0x0118	; 0x800118 <tiempo_limtotal+0x2>
     da8:	b0 91 19 01 	lds	r27, 0x0119	; 0x800119 <tiempo_limtotal+0x3>
     dac:	84 17       	cp	r24, r20
     dae:	95 07       	cpc	r25, r21
     db0:	a6 07       	cpc	r26, r22
     db2:	b7 07       	cpc	r27, r23
     db4:	48 f4       	brcc	.+18     	; 0xdc8 <main+0x264>
			{
				send_string(E_fuga);		//E12 sobrepresion
     db6:	8c e2       	ldi	r24, 0x2C	; 44
     db8:	91 e0       	ldi	r25, 0x01	; 1
     dba:	0e 94 e4 00 	call	0x1c8	; 0x1c8 <_Z11send_stringPc>
				send_char('\n');
     dbe:	8a e0       	ldi	r24, 0x0A	; 10
     dc0:	0e 94 dd 00 	call	0x1ba	; 0x1ba <_Z9send_charc>
				inicio_med=0;
     dc4:	10 92 a0 03 	sts	0x03A0, r1	; 0x8003a0 <inicio_med>
			}
		}
		if (inicio_med==0)
     dc8:	80 91 a0 03 	lds	r24, 0x03A0	; 0x8003a0 <inicio_med>
     dcc:	81 11       	cpse	r24, r1
     dce:	11 c0       	rjmp	.+34     	; 0xdf2 <main+0x28e>
		{
			limite_presion2=limite_presion/2;
     dd0:	80 91 22 01 	lds	r24, 0x0122	; 0x800122 <limite_presion>
     dd4:	90 91 23 01 	lds	r25, 0x0123	; 0x800123 <limite_presion+0x1>
     dd8:	99 23       	and	r25, r25
     dda:	0c f4       	brge	.+2      	; 0xdde <main+0x27a>
     ddc:	01 96       	adiw	r24, 0x01	; 1
     dde:	95 95       	asr	r25
     de0:	87 95       	ror	r24
     de2:	90 93 21 01 	sts	0x0121, r25	; 0x800121 <limite_presion2+0x1>
     de6:	80 93 20 01 	sts	0x0120, r24	; 0x800120 <limite_presion2>
			PORTB=0;
     dea:	15 b8       	out	0x05, r1	; 5
			OCR0B=1;
     dec:	81 e0       	ldi	r24, 0x01	; 1
     dee:	88 bd       	out	0x28, r24	; 40
     df0:	33 cf       	rjmp	.-410    	; 0xc58 <main+0xf4>
		}
		else if (inicio_med==1)
     df2:	81 30       	cpi	r24, 0x01	; 1
     df4:	09 f0       	breq	.+2      	; 0xdf8 <main+0x294>
     df6:	e5 c0       	rjmp	.+458    	; 0xfc2 <main+0x45e>
		{
			if (flag_neo==1)
     df8:	80 91 9d 03 	lds	r24, 0x039D	; 0x80039d <flag_neo>
     dfc:	81 30       	cpi	r24, 0x01	; 1
     dfe:	d9 f4       	brne	.+54     	; 0xe36 <main+0x2d2>
			{
				PORTB = 0x06;//0x06;	//activa motor 2 y v?lvula
     e00:	86 e0       	ldi	r24, 0x06	; 6
     e02:	85 b9       	out	0x05, r24	; 5
				tiempo_limtotal=45000;
     e04:	88 ec       	ldi	r24, 0xC8	; 200
     e06:	9f ea       	ldi	r25, 0xAF	; 175
     e08:	a0 e0       	ldi	r26, 0x00	; 0
     e0a:	b0 e0       	ldi	r27, 0x00	; 0
     e0c:	80 93 16 01 	sts	0x0116, r24	; 0x800116 <tiempo_limtotal>
     e10:	90 93 17 01 	sts	0x0117, r25	; 0x800117 <tiempo_limtotal+0x1>
     e14:	a0 93 18 01 	sts	0x0118, r26	; 0x800118 <tiempo_limtotal+0x2>
     e18:	b0 93 19 01 	sts	0x0119, r27	; 0x800119 <tiempo_limtotal+0x3>
				dif_pres_max=0.145;
     e1c:	81 ee       	ldi	r24, 0xE1	; 225
     e1e:	9a e7       	ldi	r25, 0x7A	; 122
     e20:	a4 e1       	ldi	r26, 0x14	; 20
     e22:	be e3       	ldi	r27, 0x3E	; 62
     e24:	80 93 1c 01 	sts	0x011C, r24	; 0x80011c <dif_pres_max>
     e28:	90 93 1d 01 	sts	0x011D, r25	; 0x80011d <dif_pres_max+0x1>
     e2c:	a0 93 1e 01 	sts	0x011E, r26	; 0x80011e <dif_pres_max+0x2>
     e30:	b0 93 1f 01 	sts	0x011F, r27	; 0x80011f <dif_pres_max+0x3>
     e34:	1a c0       	rjmp	.+52     	; 0xe6a <main+0x306>
			}
			else
			{
				PORTB = 0x03;//0x03;	//activa motor 1 y v?lvula
     e36:	83 e0       	ldi	r24, 0x03	; 3
     e38:	85 b9       	out	0x05, r24	; 5
				tiempo_limtotal=90000;
     e3a:	80 e9       	ldi	r24, 0x90	; 144
     e3c:	9f e5       	ldi	r25, 0x5F	; 95
     e3e:	a1 e0       	ldi	r26, 0x01	; 1
     e40:	b0 e0       	ldi	r27, 0x00	; 0
     e42:	80 93 16 01 	sts	0x0116, r24	; 0x800116 <tiempo_limtotal>
     e46:	90 93 17 01 	sts	0x0117, r25	; 0x800117 <tiempo_limtotal+0x1>
     e4a:	a0 93 18 01 	sts	0x0118, r26	; 0x800118 <tiempo_limtotal+0x2>
     e4e:	b0 93 19 01 	sts	0x0119, r27	; 0x800119 <tiempo_limtotal+0x3>
				dif_pres_max=0.30;
     e52:	8a e9       	ldi	r24, 0x9A	; 154
     e54:	99 e9       	ldi	r25, 0x99	; 153
     e56:	a9 e9       	ldi	r26, 0x99	; 153
     e58:	be e3       	ldi	r27, 0x3E	; 62
     e5a:	80 93 1c 01 	sts	0x011C, r24	; 0x80011c <dif_pres_max>
     e5e:	90 93 1d 01 	sts	0x011D, r25	; 0x80011d <dif_pres_max+0x1>
     e62:	a0 93 1e 01 	sts	0x011E, r26	; 0x80011e <dif_pres_max+0x2>
     e66:	b0 93 1f 01 	sts	0x011F, r27	; 0x80011f <dif_pres_max+0x3>
			}
			OCR0B=255;
     e6a:	8f ef       	ldi	r24, 0xFF	; 255
     e6c:	88 bd       	out	0x28, r24	; 40
			
			cont_timer2=0;
     e6e:	10 92 8c 03 	sts	0x038C, r1	; 0x80038c <cont_timer2>
     e72:	10 92 8d 03 	sts	0x038D, r1	; 0x80038d <cont_timer2+0x1>
     e76:	10 92 8e 03 	sts	0x038E, r1	; 0x80038e <cont_timer2+0x2>
     e7a:	10 92 8f 03 	sts	0x038F, r1	; 0x80038f <cont_timer2+0x3>
			flag_sist=0;
			flag_no_pulso=0;
			flag_pulso_on=0;
			index_max=0;
			if ((pres_act>3)&&(flag_error_tp==0))
     e7e:	c0 90 a9 03 	lds	r12, 0x03A9	; 0x8003a9 <pres_act>
     e82:	d0 90 aa 03 	lds	r13, 0x03AA	; 0x8003aa <pres_act+0x1>
     e86:	e0 90 ab 03 	lds	r14, 0x03AB	; 0x8003ab <pres_act+0x2>
     e8a:	f0 90 ac 03 	lds	r15, 0x03AC	; 0x8003ac <pres_act+0x3>
     e8e:	20 e0       	ldi	r18, 0x00	; 0
     e90:	30 e0       	ldi	r19, 0x00	; 0
     e92:	40 e4       	ldi	r20, 0x40	; 64
     e94:	50 e4       	ldi	r21, 0x40	; 64
     e96:	c7 01       	movw	r24, r14
     e98:	b6 01       	movw	r22, r12
     e9a:	0e 94 87 0f 	call	0x1f0e	; 0x1f0e <__gesf2>
     e9e:	18 16       	cp	r1, r24
     ea0:	64 f4       	brge	.+24     	; 0xeba <main+0x356>
     ea2:	80 91 82 03 	lds	r24, 0x0382	; 0x800382 <flag_error_tp>
     ea6:	90 91 83 03 	lds	r25, 0x0383	; 0x800383 <flag_error_tp+0x1>
     eaa:	89 2b       	or	r24, r25
     eac:	31 f4       	brne	.+12     	; 0xeba <main+0x356>
			{
				flag_error_tp=1;
     eae:	81 e0       	ldi	r24, 0x01	; 1
     eb0:	90 e0       	ldi	r25, 0x00	; 0
     eb2:	90 93 83 03 	sts	0x0383, r25	; 0x800383 <flag_error_tp+0x1>
     eb6:	80 93 82 03 	sts	0x0382, r24	; 0x800382 <flag_error_tp>
			}
			if (pres_act>5)
     eba:	20 e0       	ldi	r18, 0x00	; 0
     ebc:	30 e0       	ldi	r19, 0x00	; 0
     ebe:	40 ea       	ldi	r20, 0xA0	; 160
     ec0:	50 e4       	ldi	r21, 0x40	; 64
     ec2:	c7 01       	movw	r24, r14
     ec4:	b6 01       	movw	r22, r12
     ec6:	0e 94 87 0f 	call	0x1f0e	; 0x1f0e <__gesf2>
     eca:	18 16       	cp	r1, r24
     ecc:	34 f4       	brge	.+12     	; 0xeda <main+0x376>
			{
				flag_error_tp=2;
     ece:	82 e0       	ldi	r24, 0x02	; 2
     ed0:	90 e0       	ldi	r25, 0x00	; 0
     ed2:	90 93 83 03 	sts	0x0383, r25	; 0x800383 <flag_error_tp+0x1>
     ed6:	80 93 82 03 	sts	0x0382, r24	; 0x800382 <flag_error_tp>
			}
			if ((cont_timer1>500)&&(pres_act<0.3))
     eda:	80 91 90 03 	lds	r24, 0x0390	; 0x800390 <cont_timer1>
     ede:	90 91 91 03 	lds	r25, 0x0391	; 0x800391 <cont_timer1+0x1>
     ee2:	a0 91 92 03 	lds	r26, 0x0392	; 0x800392 <cont_timer1+0x2>
     ee6:	b0 91 93 03 	lds	r27, 0x0393	; 0x800393 <cont_timer1+0x3>
     eea:	85 3f       	cpi	r24, 0xF5	; 245
     eec:	91 40       	sbci	r25, 0x01	; 1
     eee:	a1 05       	cpc	r26, r1
     ef0:	b1 05       	cpc	r27, r1
     ef2:	c8 f1       	brcs	.+114    	; 0xf66 <main+0x402>
     ef4:	2a e9       	ldi	r18, 0x9A	; 154
     ef6:	39 e9       	ldi	r19, 0x99	; 153
     ef8:	49 e9       	ldi	r20, 0x99	; 153
     efa:	5e e3       	ldi	r21, 0x3E	; 62
     efc:	c7 01       	movw	r24, r14
     efe:	b6 01       	movw	r22, r12
     f00:	0e 94 28 0e 	call	0x1c50	; 0x1c50 <__cmpsf2>
     f04:	88 23       	and	r24, r24
     f06:	7c f5       	brge	.+94     	; 0xf66 <main+0x402>
			{
				if (flag_error_tp==0)
     f08:	80 91 82 03 	lds	r24, 0x0382	; 0x800382 <flag_error_tp>
     f0c:	90 91 83 03 	lds	r25, 0x0383	; 0x800383 <flag_error_tp+0x1>
     f10:	00 97       	sbiw	r24, 0x00	; 0
     f12:	51 f4       	brne	.+20     	; 0xf28 <main+0x3c4>
				{
					send_string(E_Bomba);		//E4 motor no enciende
     f14:	8a e4       	ldi	r24, 0x4A	; 74
     f16:	91 e0       	ldi	r25, 0x01	; 1
     f18:	0e 94 e4 00 	call	0x1c8	; 0x1c8 <_Z11send_stringPc>
					send_char('\n');
     f1c:	8a e0       	ldi	r24, 0x0A	; 10
     f1e:	0e 94 dd 00 	call	0x1ba	; 0x1ba <_Z9send_charc>
					inicio_med=0;
     f22:	10 92 a0 03 	sts	0x03A0, r1	; 0x8003a0 <inicio_med>
     f26:	1f c0       	rjmp	.+62     	; 0xf66 <main+0x402>
				}
				else if (flag_error_tp==1)
     f28:	81 30       	cpi	r24, 0x01	; 1
     f2a:	91 05       	cpc	r25, r1
     f2c:	51 f4       	brne	.+20     	; 0xf42 <main+0x3de>
				{
					send_string(E_F_Valv_aliv);		//E4 motor no enciende
     f2e:	8e e5       	ldi	r24, 0x5E	; 94
     f30:	91 e0       	ldi	r25, 0x01	; 1
     f32:	0e 94 e4 00 	call	0x1c8	; 0x1c8 <_Z11send_stringPc>
					send_char('\n');
     f36:	8a e0       	ldi	r24, 0x0A	; 10
     f38:	0e 94 dd 00 	call	0x1ba	; 0x1ba <_Z9send_charc>
					inicio_med=0;
     f3c:	10 92 a0 03 	sts	0x03A0, r1	; 0x8003a0 <inicio_med>
     f40:	12 c0       	rjmp	.+36     	; 0xf66 <main+0x402>
				}
				else if (flag_error_tp==2)
     f42:	02 97       	sbiw	r24, 0x02	; 2
     f44:	81 f4       	brne	.+32     	; 0xf66 <main+0x402>
				{
					send_string(E_F_Valv_prop);		//E4 motor no enciende
     f46:	84 e5       	ldi	r24, 0x54	; 84
     f48:	91 e0       	ldi	r25, 0x01	; 1
     f4a:	0e 94 e4 00 	call	0x1c8	; 0x1c8 <_Z11send_stringPc>
					send_char('\n');
     f4e:	8a e0       	ldi	r24, 0x0A	; 10
     f50:	0e 94 dd 00 	call	0x1ba	; 0x1ba <_Z9send_charc>
					send_string(E_mang_des);		//E12 fuga
     f54:	88 e6       	ldi	r24, 0x68	; 104
     f56:	91 e0       	ldi	r25, 0x01	; 1
     f58:	0e 94 e4 00 	call	0x1c8	; 0x1c8 <_Z11send_stringPc>
					send_char('\n');
     f5c:	8a e0       	ldi	r24, 0x0A	; 10
     f5e:	0e 94 dd 00 	call	0x1ba	; 0x1ba <_Z9send_charc>
					inicio_med=0;
     f62:	10 92 a0 03 	sts	0x03A0, r1	; 0x8003a0 <inicio_med>
				}
			}
			if (pres_act>limite_presion2)
     f66:	60 91 20 01 	lds	r22, 0x0120	; 0x800120 <limite_presion2>
     f6a:	70 91 21 01 	lds	r23, 0x0121	; 0x800121 <limite_presion2+0x1>
     f6e:	07 2e       	mov	r0, r23
     f70:	00 0c       	add	r0, r0
     f72:	88 0b       	sbc	r24, r24
     f74:	99 0b       	sbc	r25, r25
     f76:	0e 94 d7 0e 	call	0x1dae	; 0x1dae <__floatsisf>
     f7a:	20 91 a9 03 	lds	r18, 0x03A9	; 0x8003a9 <pres_act>
     f7e:	30 91 aa 03 	lds	r19, 0x03AA	; 0x8003aa <pres_act+0x1>
     f82:	40 91 ab 03 	lds	r20, 0x03AB	; 0x8003ab <pres_act+0x2>
     f86:	50 91 ac 03 	lds	r21, 0x03AC	; 0x8003ac <pres_act+0x3>
     f8a:	0e 94 28 0e 	call	0x1c50	; 0x1c50 <__cmpsf2>
     f8e:	88 23       	and	r24, r24
     f90:	0c f0       	brlt	.+2      	; 0xf94 <main+0x430>
     f92:	58 ce       	rjmp	.-848    	; 0xc44 <main+0xe0>
			{
				debug_B=PORTB;
     f94:	85 b1       	in	r24, 0x05	; 5
     f96:	90 e0       	ldi	r25, 0x00	; 0
				debug_B = debug_B&(0xFA);
     f98:	8a 7f       	andi	r24, 0xFA	; 250
     f9a:	99 27       	eor	r25, r25
     f9c:	90 93 81 03 	sts	0x0381, r25	; 0x800381 <debug_B+0x1>
     fa0:	80 93 80 03 	sts	0x0380, r24	; 0x800380 <debug_B>
				PORTB=debug_B;
     fa4:	85 b9       	out	0x05, r24	; 5
				inicio_med=2;
     fa6:	82 e0       	ldi	r24, 0x02	; 2
     fa8:	80 93 a0 03 	sts	0x03A0, r24	; 0x8003a0 <inicio_med>
			
			cont_timer2=0;
			flag_sist=0;
			flag_no_pulso=0;
			flag_pulso_on=0;
			index_max=0;
     fac:	18 8a       	std	Y+16, r1	; 0x10
     fae:	19 8a       	std	Y+17, r1	; 0x11
     fb0:	1a 8a       	std	Y+18, r1	; 0x12
     fb2:	1b 8a       	std	Y+19, r1	; 0x13
			OCR0B=255;
			
			cont_timer2=0;
			flag_sist=0;
			flag_no_pulso=0;
			flag_pulso_on=0;
     fb4:	1b 86       	std	Y+11, r1	; 0x0b
     fb6:	1a 86       	std	Y+10, r1	; 0x0a
				dif_pres_max=0.30;
			}
			OCR0B=255;
			
			cont_timer2=0;
			flag_sist=0;
     fb8:	a1 2c       	mov	r10, r1
     fba:	b1 2c       	mov	r11, r1
			flag_no_pulso=0;
     fbc:	1f 86       	std	Y+15, r1	; 0x0f
     fbe:	1e 86       	std	Y+14, r1	; 0x0e
     fc0:	4b ce       	rjmp	.-874    	; 0xc58 <main+0xf4>
				debug_B = debug_B&(0xFA);
				PORTB=debug_B;
				inicio_med=2;
			}
		}
		else if (inicio_med==2)
     fc2:	82 30       	cpi	r24, 0x02	; 2
     fc4:	09 f0       	breq	.+2      	; 0xfc8 <main+0x464>
     fc6:	74 c0       	rjmp	.+232    	; 0x10b0 <main+0x54c>
		{
			dif_pres=(DerivadaFuncion(pres_npa));
     fc8:	c7 01       	movw	r24, r14
     fca:	b6 01       	movw	r22, r12
     fcc:	0e 94 43 05 	call	0xa86	; 0xa86 <_Z15DerivadaFuncionf>
     fd0:	60 93 a5 03 	sts	0x03A5, r22	; 0x8003a5 <dif_pres>
     fd4:	70 93 a6 03 	sts	0x03A6, r23	; 0x8003a6 <dif_pres+0x1>
     fd8:	80 93 a7 03 	sts	0x03A7, r24	; 0x8003a7 <dif_pres+0x2>
     fdc:	90 93 a8 03 	sts	0x03A8, r25	; 0x8003a8 <dif_pres+0x3>
			
			if ((cont_timer2>750)&&(dif_pres>dif_pres_max))//0.05
     fe0:	c0 90 8c 03 	lds	r12, 0x038C	; 0x80038c <cont_timer2>
     fe4:	d0 90 8d 03 	lds	r13, 0x038D	; 0x80038d <cont_timer2+0x1>
     fe8:	e0 90 8e 03 	lds	r14, 0x038E	; 0x80038e <cont_timer2+0x2>
     fec:	f0 90 8f 03 	lds	r15, 0x038F	; 0x80038f <cont_timer2+0x3>
     ff0:	ff ee       	ldi	r31, 0xEF	; 239
     ff2:	cf 16       	cp	r12, r31
     ff4:	f2 e0       	ldi	r31, 0x02	; 2
     ff6:	df 06       	cpc	r13, r31
     ff8:	e1 04       	cpc	r14, r1
     ffa:	f1 04       	cpc	r15, r1
     ffc:	48 f1       	brcs	.+82     	; 0x1050 <main+0x4ec>
     ffe:	20 91 1c 01 	lds	r18, 0x011C	; 0x80011c <dif_pres_max>
    1002:	30 91 1d 01 	lds	r19, 0x011D	; 0x80011d <dif_pres_max+0x1>
    1006:	40 91 1e 01 	lds	r20, 0x011E	; 0x80011e <dif_pres_max+0x2>
    100a:	50 91 1f 01 	lds	r21, 0x011F	; 0x80011f <dif_pres_max+0x3>
    100e:	0e 94 87 0f 	call	0x1f0e	; 0x1f0e <__gesf2>
    1012:	18 16       	cp	r1, r24
    1014:	ec f4       	brge	.+58     	; 0x1050 <main+0x4ec>
			{
				if (flag_neo==1)
    1016:	80 91 9d 03 	lds	r24, 0x039D	; 0x80039d <flag_neo>
    101a:	81 30       	cpi	r24, 0x01	; 1
    101c:	69 f4       	brne	.+26     	; 0x1038 <main+0x4d4>
				{
					limite_presion2=limite_presion2+10;
    101e:	80 91 20 01 	lds	r24, 0x0120	; 0x800120 <limite_presion2>
    1022:	90 91 21 01 	lds	r25, 0x0121	; 0x800121 <limite_presion2+0x1>
    1026:	0a 96       	adiw	r24, 0x0a	; 10
    1028:	90 93 21 01 	sts	0x0121, r25	; 0x800121 <limite_presion2+0x1>
    102c:	80 93 20 01 	sts	0x0120, r24	; 0x800120 <limite_presion2>
					inicio_med=1;
    1030:	81 e0       	ldi	r24, 0x01	; 1
    1032:	80 93 a0 03 	sts	0x03A0, r24	; 0x8003a0 <inicio_med>
    1036:	0c c0       	rjmp	.+24     	; 0x1050 <main+0x4ec>
				} 
				else
				{
					limite_presion2=limite_presion2+20;
    1038:	80 91 20 01 	lds	r24, 0x0120	; 0x800120 <limite_presion2>
    103c:	90 91 21 01 	lds	r25, 0x0121	; 0x800121 <limite_presion2+0x1>
    1040:	44 96       	adiw	r24, 0x14	; 20
    1042:	90 93 21 01 	sts	0x0121, r25	; 0x800121 <limite_presion2+0x1>
    1046:	80 93 20 01 	sts	0x0120, r24	; 0x800120 <limite_presion2>
					inicio_med=1;
    104a:	81 e0       	ldi	r24, 0x01	; 1
    104c:	80 93 a0 03 	sts	0x03A0, r24	; 0x8003a0 <inicio_med>
				}
				
			}
			if (cont_timer2==2000)
    1050:	20 ed       	ldi	r18, 0xD0	; 208
    1052:	c2 16       	cp	r12, r18
    1054:	27 e0       	ldi	r18, 0x07	; 7
    1056:	d2 06       	cpc	r13, r18
    1058:	e1 04       	cpc	r14, r1
    105a:	f1 04       	cpc	r15, r1
    105c:	09 f0       	breq	.+2      	; 0x1060 <main+0x4fc>
    105e:	fc cd       	rjmp	.-1032   	; 0xc58 <main+0xf4>
			{
				inicio_med=3;
    1060:	83 e0       	ldi	r24, 0x03	; 3
    1062:	80 93 a0 03 	sts	0x03A0, r24	; 0x8003a0 <inicio_med>
				cont_timer2=0;
    1066:	10 92 8c 03 	sts	0x038C, r1	; 0x80038c <cont_timer2>
    106a:	10 92 8d 03 	sts	0x038D, r1	; 0x80038d <cont_timer2+0x1>
    106e:	10 92 8e 03 	sts	0x038E, r1	; 0x80038e <cont_timer2+0x2>
    1072:	10 92 8f 03 	sts	0x038F, r1	; 0x80038f <cont_timer2+0x3>
				flag_escalon=0;
    1076:	10 92 99 03 	sts	0x0399, r1	; 0x800399 <flag_escalon>
				aux_pres_max=pres_act;
    107a:	80 91 a9 03 	lds	r24, 0x03A9	; 0x8003a9 <pres_act>
    107e:	90 91 aa 03 	lds	r25, 0x03AA	; 0x8003aa <pres_act+0x1>
    1082:	a0 91 ab 03 	lds	r26, 0x03AB	; 0x8003ab <pres_act+0x2>
    1086:	b0 91 ac 03 	lds	r27, 0x03AC	; 0x8003ac <pres_act+0x3>
    108a:	80 93 a1 03 	sts	0x03A1, r24	; 0x8003a1 <aux_pres_max>
    108e:	90 93 a2 03 	sts	0x03A2, r25	; 0x8003a2 <aux_pres_max+0x1>
    1092:	a0 93 a3 03 	sts	0x03A3, r26	; 0x8003a3 <aux_pres_max+0x2>
    1096:	b0 93 a4 03 	sts	0x03A4, r27	; 0x8003a4 <aux_pres_max+0x3>
				i_array=0;
    109a:	21 2c       	mov	r2, r1
    109c:	31 2c       	mov	r3, r1
				index_max=0;
    109e:	18 8a       	std	Y+16, r1	; 0x10
    10a0:	19 8a       	std	Y+17, r1	; 0x11
    10a2:	1a 8a       	std	Y+18, r1	; 0x12
    10a4:	1b 8a       	std	Y+19, r1	; 0x13
				aux_dif_max=0;
    10a6:	1c 8a       	std	Y+20, r1	; 0x14
    10a8:	1d 82       	std	Y+5, r1	; 0x05
    10aa:	81 2c       	mov	r8, r1
    10ac:	91 2c       	mov	r9, r1
    10ae:	d4 cd       	rjmp	.-1112   	; 0xc58 <main+0xf4>
			}	
		}
		else if (inicio_med==3)
    10b0:	83 30       	cpi	r24, 0x03	; 3
    10b2:	09 f0       	breq	.+2      	; 0x10b6 <main+0x552>
    10b4:	4e c3       	rjmp	.+1692   	; 0x1752 <main+0xbee>
		{
			dif_pres=(DerivadaFuncion(pres_npa));
    10b6:	c7 01       	movw	r24, r14
    10b8:	b6 01       	movw	r22, r12
    10ba:	0e 94 43 05 	call	0xa86	; 0xa86 <_Z15DerivadaFuncionf>
    10be:	60 93 a5 03 	sts	0x03A5, r22	; 0x8003a5 <dif_pres>
    10c2:	70 93 a6 03 	sts	0x03A6, r23	; 0x8003a6 <dif_pres+0x1>
    10c6:	80 93 a7 03 	sts	0x03A7, r24	; 0x8003a7 <dif_pres+0x2>
    10ca:	90 93 a8 03 	sts	0x03A8, r25	; 0x8003a8 <dif_pres+0x3>
			
			if (pres_act<35)
    10ce:	60 91 a9 03 	lds	r22, 0x03A9	; 0x8003a9 <pres_act>
    10d2:	70 91 aa 03 	lds	r23, 0x03AA	; 0x8003aa <pres_act+0x1>
    10d6:	80 91 ab 03 	lds	r24, 0x03AB	; 0x8003ab <pres_act+0x2>
    10da:	90 91 ac 03 	lds	r25, 0x03AC	; 0x8003ac <pres_act+0x3>
    10de:	20 e0       	ldi	r18, 0x00	; 0
    10e0:	30 e0       	ldi	r19, 0x00	; 0
    10e2:	4c e0       	ldi	r20, 0x0C	; 12
    10e4:	52 e4       	ldi	r21, 0x42	; 66
    10e6:	0e 94 28 0e 	call	0x1c50	; 0x1c50 <__cmpsf2>
    10ea:	88 23       	and	r24, r24
    10ec:	c4 f4       	brge	.+48     	; 0x111e <main+0x5ba>
			{
				inicio_med=4;
    10ee:	84 e0       	ldi	r24, 0x04	; 4
    10f0:	80 93 a0 03 	sts	0x03A0, r24	; 0x8003a0 <inicio_med>
				flag_DB_PUMP=-1;
    10f4:	8f ef       	ldi	r24, 0xFF	; 255
    10f6:	9f ef       	ldi	r25, 0xFF	; 255
    10f8:	90 93 01 01 	sts	0x0101, r25	; 0x800101 <__DATA_REGION_ORIGIN__+0x1>
    10fc:	80 93 00 01 	sts	0x0100, r24	; 0x800100 <__DATA_REGION_ORIGIN__>
				debug_B=PORTB;
    1100:	85 b1       	in	r24, 0x05	; 5
    1102:	90 e0       	ldi	r25, 0x00	; 0
				debug_B = debug_B&(0xFA);
    1104:	8a 7f       	andi	r24, 0xFA	; 250
    1106:	99 27       	eor	r25, r25
    1108:	90 93 81 03 	sts	0x0381, r25	; 0x800381 <debug_B+0x1>
    110c:	80 93 80 03 	sts	0x0380, r24	; 0x800380 <debug_B>
				PORTB=debug_B;
    1110:	85 b9       	out	0x05, r24	; 5
    1112:	2a 85       	ldd	r18, Y+10	; 0x0a
    1114:	3b 85       	ldd	r19, Y+11	; 0x0b
    1116:	05 c0       	rjmp	.+10     	; 0x1122 <main+0x5be>
    1118:	20 e0       	ldi	r18, 0x00	; 0
    111a:	30 e0       	ldi	r19, 0x00	; 0
    111c:	02 c0       	rjmp	.+4      	; 0x1122 <main+0x5be>
    111e:	2a 85       	ldd	r18, Y+10	; 0x0a
    1120:	3b 85       	ldd	r19, Y+11	; 0x0b
			}
	
			while(flag_escalon==0)
    1122:	80 91 99 03 	lds	r24, 0x0399	; 0x800399 <flag_escalon>
    1126:	81 11       	cpse	r24, r1
    1128:	5a c0       	rjmp	.+180    	; 0x11de <main+0x67a>
			{
				flag_pulso_on=0;
				pres_array[i_array]=0;
    112a:	f1 01       	movw	r30, r2
    112c:	ee 0f       	add	r30, r30
    112e:	ff 1f       	adc	r31, r31
    1130:	e3 58       	subi	r30, 0x83	; 131
    1132:	fb 4f       	sbci	r31, 0xFB	; 251
    1134:	11 82       	std	Z+1, r1	; 0x01
    1136:	10 82       	st	Z, r1
				delta_array[i_array]=0;
    1138:	f1 01       	movw	r30, r2
    113a:	ee 0f       	add	r30, r30
    113c:	ff 1f       	adc	r31, r31
    113e:	ee 0f       	add	r30, r30
    1140:	ff 1f       	adc	r31, r31
    1142:	eb 54       	subi	r30, 0x4B	; 75
    1144:	fc 4f       	sbci	r31, 0xFC	; 252
    1146:	10 82       	st	Z, r1
    1148:	11 82       	std	Z+1, r1	; 0x01
    114a:	12 82       	std	Z+2, r1	; 0x02
    114c:	13 82       	std	Z+3, r1	; 0x03
				aux_con_pulso=0;
    114e:	10 92 84 03 	sts	0x0384, r1	; 0x800384 <aux_con_pulso>
    1152:	10 92 85 03 	sts	0x0385, r1	; 0x800385 <aux_con_pulso+0x1>
    1156:	10 92 86 03 	sts	0x0386, r1	; 0x800386 <aux_con_pulso+0x2>
    115a:	10 92 87 03 	sts	0x0387, r1	; 0x800387 <aux_con_pulso+0x3>
				cont_timer2=0;
    115e:	10 92 8c 03 	sts	0x038C, r1	; 0x80038c <cont_timer2>
    1162:	10 92 8d 03 	sts	0x038D, r1	; 0x80038d <cont_timer2+0x1>
    1166:	10 92 8e 03 	sts	0x038E, r1	; 0x80038e <cont_timer2+0x2>
    116a:	10 92 8f 03 	sts	0x038F, r1	; 0x80038f <cont_timer2+0x3>
				pres_npa=read_NPA700(NPA700_R);
    116e:	81 e5       	ldi	r24, 0x51	; 81
    1170:	0e 94 69 02 	call	0x4d2	; 0x4d2 <_Z11read_NPA700h>
    1174:	6b 01       	movw	r12, r22
    1176:	7c 01       	movw	r14, r24
				pres_act=pres_npa;
    1178:	60 93 a9 03 	sts	0x03A9, r22	; 0x8003a9 <pres_act>
    117c:	70 93 aa 03 	sts	0x03AA, r23	; 0x8003aa <pres_act+0x1>
    1180:	80 93 ab 03 	sts	0x03AB, r24	; 0x8003ab <pres_act+0x2>
    1184:	90 93 ac 03 	sts	0x03AC, r25	; 0x8003ac <pres_act+0x3>
				if (pres_act<aux_pres_max)
    1188:	20 91 a1 03 	lds	r18, 0x03A1	; 0x8003a1 <aux_pres_max>
    118c:	30 91 a2 03 	lds	r19, 0x03A2	; 0x8003a2 <aux_pres_max+0x1>
    1190:	40 91 a3 03 	lds	r20, 0x03A3	; 0x8003a3 <aux_pres_max+0x2>
    1194:	50 91 a4 03 	lds	r21, 0x03A4	; 0x8003a4 <aux_pres_max+0x3>
    1198:	0e 94 28 0e 	call	0x1c50	; 0x1c50 <__cmpsf2>
    119c:	88 23       	and	r24, r24
    119e:	1c f4       	brge	.+6      	; 0x11a6 <main+0x642>
				{
					flag_escalon=1;
    11a0:	81 e0       	ldi	r24, 0x01	; 1
    11a2:	80 93 99 03 	sts	0x0399, r24	; 0x800399 <flag_escalon>
				}
				aux_ret_0=OCR0B;
    11a6:	88 b5       	in	r24, 0x28	; 40
    11a8:	80 93 98 03 	sts	0x0398, r24	; 0x800398 <aux_ret_0>

				if (aux_ret_0>10)
    11ac:	8b 30       	cpi	r24, 0x0B	; 11
    11ae:	a0 f0       	brcs	.+40     	; 0x11d8 <main+0x674>
				{
					if (aux_ret_0>250)
    11b0:	8b 3f       	cpi	r24, 0xFB	; 251
    11b2:	28 f0       	brcs	.+10     	; 0x11be <main+0x65a>
					{
						//aux_ret_0=30;//funcion de open orig 215
						aux_ret_0=open_val;
    11b4:	80 91 1b 01 	lds	r24, 0x011B	; 0x80011b <open_val>
    11b8:	80 93 98 03 	sts	0x0398, r24	; 0x800398 <aux_ret_0>
						OCR0B=aux_ret_0;
    11bc:	88 bd       	out	0x28, r24	; 40
					}
					if (aux_ret_0>close_val)
    11be:	80 91 98 03 	lds	r24, 0x0398	; 0x800398 <aux_ret_0>
    11c2:	90 91 1a 01 	lds	r25, 0x011A	; 0x80011a <close_val>
    11c6:	98 17       	cp	r25, r24
    11c8:	18 f4       	brcc	.+6      	; 0x11d0 <main+0x66c>
					{
						aux_ret_0=aux_ret_0-1;
    11ca:	81 50       	subi	r24, 0x01	; 1
    11cc:	80 93 98 03 	sts	0x0398, r24	; 0x800398 <aux_ret_0>
					}
					
					OCR0B=aux_ret_0;
    11d0:	80 91 98 03 	lds	r24, 0x0398	; 0x800398 <aux_ret_0>
    11d4:	88 bd       	out	0x28, r24	; 40
    11d6:	a0 cf       	rjmp	.-192    	; 0x1118 <main+0x5b4>
				}
				else
				{
					OCR0B=5;
    11d8:	85 e0       	ldi	r24, 0x05	; 5
    11da:	88 bd       	out	0x28, r24	; 40
    11dc:	9d cf       	rjmp	.-198    	; 0x1118 <main+0x5b4>
    11de:	3b 87       	std	Y+11, r19	; 0x0b
    11e0:	2a 87       	std	Y+10, r18	; 0x0a
				}
			}
			while(flag_escalon==1)
    11e2:	80 91 99 03 	lds	r24, 0x0399	; 0x800399 <flag_escalon>
    11e6:	81 30       	cpi	r24, 0x01	; 1
    11e8:	09 f0       	breq	.+2      	; 0x11ec <main+0x688>
    11ea:	41 c0       	rjmp	.+130    	; 0x126e <main+0x70a>
			{
				pres_array[i_array]=0;
    11ec:	f1 01       	movw	r30, r2
    11ee:	ee 0f       	add	r30, r30
    11f0:	ff 1f       	adc	r31, r31
    11f2:	e3 58       	subi	r30, 0x83	; 131
    11f4:	fb 4f       	sbci	r31, 0xFB	; 251
    11f6:	11 82       	std	Z+1, r1	; 0x01
    11f8:	10 82       	st	Z, r1
				delta_array[i_array]=0;
    11fa:	f1 01       	movw	r30, r2
    11fc:	ee 0f       	add	r30, r30
    11fe:	ff 1f       	adc	r31, r31
    1200:	ee 0f       	add	r30, r30
    1202:	ff 1f       	adc	r31, r31
    1204:	eb 54       	subi	r30, 0x4B	; 75
    1206:	fc 4f       	sbci	r31, 0xFC	; 252
    1208:	10 82       	st	Z, r1
    120a:	11 82       	std	Z+1, r1	; 0x01
    120c:	12 82       	std	Z+2, r1	; 0x02
    120e:	13 82       	std	Z+3, r1	; 0x03
				aux_con_pulso=0;
    1210:	10 92 84 03 	sts	0x0384, r1	; 0x800384 <aux_con_pulso>
    1214:	10 92 85 03 	sts	0x0385, r1	; 0x800385 <aux_con_pulso+0x1>
    1218:	10 92 86 03 	sts	0x0386, r1	; 0x800386 <aux_con_pulso+0x2>
    121c:	10 92 87 03 	sts	0x0387, r1	; 0x800387 <aux_con_pulso+0x3>
				cont_timer2=0;
    1220:	10 92 8c 03 	sts	0x038C, r1	; 0x80038c <cont_timer2>
    1224:	10 92 8d 03 	sts	0x038D, r1	; 0x80038d <cont_timer2+0x1>
    1228:	10 92 8e 03 	sts	0x038E, r1	; 0x80038e <cont_timer2+0x2>
    122c:	10 92 8f 03 	sts	0x038F, r1	; 0x80038f <cont_timer2+0x3>
				pres_npa=read_NPA700(NPA700_R);
    1230:	81 e5       	ldi	r24, 0x51	; 81
    1232:	0e 94 69 02 	call	0x4d2	; 0x4d2 <_Z11read_NPA700h>
    1236:	6b 01       	movw	r12, r22
    1238:	7c 01       	movw	r14, r24
				pres_act=pres_npa;
    123a:	60 93 a9 03 	sts	0x03A9, r22	; 0x8003a9 <pres_act>
    123e:	70 93 aa 03 	sts	0x03AA, r23	; 0x8003aa <pres_act+0x1>
    1242:	80 93 ab 03 	sts	0x03AB, r24	; 0x8003ab <pres_act+0x2>
    1246:	90 93 ac 03 	sts	0x03AC, r25	; 0x8003ac <pres_act+0x3>
				aux_ret_0=OCR0B;
    124a:	88 b5       	in	r24, 0x28	; 40
    124c:	80 93 98 03 	sts	0x0398, r24	; 0x800398 <aux_ret_0>
				if (aux_ret_0<254)
    1250:	8e 3f       	cpi	r24, 0xFE	; 254
    1252:	28 f4       	brcc	.+10     	; 0x125e <main+0x6fa>
				{
					aux_ret_0=aux_ret_0+1;
    1254:	8f 5f       	subi	r24, 0xFF	; 255
    1256:	80 93 98 03 	sts	0x0398, r24	; 0x800398 <aux_ret_0>
					OCR0B=aux_ret_0;
    125a:	88 bd       	out	0x28, r24	; 40
    125c:	c2 cf       	rjmp	.-124    	; 0x11e2 <main+0x67e>
				}
				else
				{
					OCR0B=255;
    125e:	8f ef       	ldi	r24, 0xFF	; 255
    1260:	88 bd       	out	0x28, r24	; 40
					flag_escalon=2;
    1262:	82 e0       	ldi	r24, 0x02	; 2
    1264:	80 93 99 03 	sts	0x0399, r24	; 0x800399 <flag_escalon>
					flag_pulsos=0;
    1268:	10 92 9e 03 	sts	0x039E, r1	; 0x80039e <flag_pulsos>
    126c:	ba cf       	rjmp	.-140    	; 0x11e2 <main+0x67e>
				}
			}
			if ((cont_timer2>180)&&(cont_timer2<190))
    126e:	80 91 8c 03 	lds	r24, 0x038C	; 0x80038c <cont_timer2>
    1272:	90 91 8d 03 	lds	r25, 0x038D	; 0x80038d <cont_timer2+0x1>
    1276:	a0 91 8e 03 	lds	r26, 0x038E	; 0x80038e <cont_timer2+0x2>
    127a:	b0 91 8f 03 	lds	r27, 0x038F	; 0x80038f <cont_timer2+0x3>
    127e:	8e 83       	std	Y+6, r24	; 0x06
    1280:	9f 83       	std	Y+7, r25	; 0x07
    1282:	a8 87       	std	Y+8, r26	; 0x08
    1284:	b9 87       	std	Y+9, r27	; 0x09
    1286:	85 5b       	subi	r24, 0xB5	; 181
    1288:	91 09       	sbc	r25, r1
    128a:	a1 09       	sbc	r26, r1
    128c:	b1 09       	sbc	r27, r1
    128e:	09 97       	sbiw	r24, 0x09	; 9
    1290:	a1 05       	cpc	r26, r1
    1292:	b1 05       	cpc	r27, r1
    1294:	c0 f4       	brcc	.+48     	; 0x12c6 <main+0x762>
			{
				min_pres=pres_act;
    1296:	80 91 a9 03 	lds	r24, 0x03A9	; 0x8003a9 <pres_act>
    129a:	90 91 aa 03 	lds	r25, 0x03AA	; 0x8003aa <pres_act+0x1>
    129e:	a0 91 ab 03 	lds	r26, 0x03AB	; 0x8003ab <pres_act+0x2>
    12a2:	b0 91 ac 03 	lds	r27, 0x03AC	; 0x8003ac <pres_act+0x3>
    12a6:	80 93 ad 03 	sts	0x03AD, r24	; 0x8003ad <min_pres>
    12aa:	90 93 ae 03 	sts	0x03AE, r25	; 0x8003ae <min_pres+0x1>
    12ae:	a0 93 af 03 	sts	0x03AF, r26	; 0x8003af <min_pres+0x2>
    12b2:	b0 93 b0 03 	sts	0x03B0, r27	; 0x8003b0 <min_pres+0x3>
				max_pres=pres_act;
    12b6:	80 93 b1 03 	sts	0x03B1, r24	; 0x8003b1 <max_pres>
    12ba:	90 93 b2 03 	sts	0x03B2, r25	; 0x8003b2 <max_pres+0x1>
    12be:	a0 93 b3 03 	sts	0x03B3, r26	; 0x8003b3 <max_pres+0x2>
    12c2:	b0 93 b4 03 	sts	0x03B4, r27	; 0x8003b4 <max_pres+0x3>
			}
			if ((dif_pres>dif_pres_max)&&(cont_timer2>200))
    12c6:	60 91 a5 03 	lds	r22, 0x03A5	; 0x8003a5 <dif_pres>
    12ca:	70 91 a6 03 	lds	r23, 0x03A6	; 0x8003a6 <dif_pres+0x1>
    12ce:	80 91 a7 03 	lds	r24, 0x03A7	; 0x8003a7 <dif_pres+0x2>
    12d2:	90 91 a8 03 	lds	r25, 0x03A8	; 0x8003a8 <dif_pres+0x3>
    12d6:	20 91 1c 01 	lds	r18, 0x011C	; 0x80011c <dif_pres_max>
    12da:	30 91 1d 01 	lds	r19, 0x011D	; 0x80011d <dif_pres_max+0x1>
    12de:	40 91 1e 01 	lds	r20, 0x011E	; 0x80011e <dif_pres_max+0x2>
    12e2:	50 91 1f 01 	lds	r21, 0x011F	; 0x80011f <dif_pres_max+0x3>
    12e6:	0e 94 87 0f 	call	0x1f0e	; 0x1f0e <__gesf2>
    12ea:	18 16       	cp	r1, r24
    12ec:	0c f0       	brlt	.+2      	; 0x12f0 <main+0x78c>
    12ee:	36 c1       	rjmp	.+620    	; 0x155c <main+0x9f8>
    12f0:	2e 81       	ldd	r18, Y+6	; 0x06
    12f2:	3f 81       	ldd	r19, Y+7	; 0x07
    12f4:	48 85       	ldd	r20, Y+8	; 0x08
    12f6:	59 85       	ldd	r21, Y+9	; 0x09
    12f8:	29 3c       	cpi	r18, 0xC9	; 201
    12fa:	31 05       	cpc	r19, r1
    12fc:	41 05       	cpc	r20, r1
    12fe:	51 05       	cpc	r21, r1
    1300:	08 f4       	brcc	.+2      	; 0x1304 <main+0x7a0>
    1302:	2c c1       	rjmp	.+600    	; 0x155c <main+0x9f8>
			{
				if (flag_pulsos==0)
    1304:	80 91 9e 03 	lds	r24, 0x039E	; 0x80039e <flag_pulsos>
    1308:	81 11       	cpse	r24, r1
    130a:	04 c0       	rjmp	.+8      	; 0x1314 <main+0x7b0>
				{
					flag_pulsos=1;
    130c:	81 e0       	ldi	r24, 0x01	; 1
    130e:	80 93 9e 03 	sts	0x039E, r24	; 0x80039e <flag_pulsos>
    1312:	24 c1       	rjmp	.+584    	; 0x155c <main+0x9f8>
				} 
				else if (flag_pulsos==2)
    1314:	82 30       	cpi	r24, 0x02	; 2
    1316:	09 f0       	breq	.+2      	; 0x131a <main+0x7b6>
    1318:	21 c1       	rjmp	.+578    	; 0x155c <main+0x9f8>
				{
					
					if ((i_array>(index_max+2))&&(i_array>3))
    131a:	b1 01       	movw	r22, r2
    131c:	03 2c       	mov	r0, r3
    131e:	00 0c       	add	r0, r0
    1320:	88 0b       	sbc	r24, r24
    1322:	99 0b       	sbc	r25, r25
    1324:	0e 94 d7 0e 	call	0x1dae	; 0x1dae <__floatsisf>
    1328:	6e 87       	std	Y+14, r22	; 0x0e
    132a:	7e 83       	std	Y+6, r23	; 0x06
    132c:	8d 8b       	std	Y+21, r24	; 0x15
    132e:	99 8f       	std	Y+25, r25	; 0x19
    1330:	20 e0       	ldi	r18, 0x00	; 0
    1332:	30 e0       	ldi	r19, 0x00	; 0
    1334:	40 e0       	ldi	r20, 0x00	; 0
    1336:	50 e4       	ldi	r21, 0x40	; 64
    1338:	68 89       	ldd	r22, Y+16	; 0x10
    133a:	79 89       	ldd	r23, Y+17	; 0x11
    133c:	8a 89       	ldd	r24, Y+18	; 0x12
    133e:	9b 89       	ldd	r25, Y+19	; 0x13
    1340:	0e 94 bc 0d 	call	0x1b78	; 0x1b78 <__addsf3>
    1344:	9b 01       	movw	r18, r22
    1346:	ac 01       	movw	r20, r24
    1348:	6e 85       	ldd	r22, Y+14	; 0x0e
    134a:	7e 81       	ldd	r23, Y+6	; 0x06
    134c:	8d 89       	ldd	r24, Y+21	; 0x15
    134e:	99 8d       	ldd	r25, Y+25	; 0x19
    1350:	0e 94 87 0f 	call	0x1f0e	; 0x1f0e <__gesf2>
    1354:	18 16       	cp	r1, r24
    1356:	0c f0       	brlt	.+2      	; 0x135a <main+0x7f6>
    1358:	4a c0       	rjmp	.+148    	; 0x13ee <main+0x88a>
    135a:	34 e0       	ldi	r19, 0x04	; 4
    135c:	23 16       	cp	r2, r19
    135e:	31 04       	cpc	r3, r1
    1360:	0c f4       	brge	.+2      	; 0x1364 <main+0x800>
    1362:	45 c0       	rjmp	.+138    	; 0x13ee <main+0x88a>
					{////////////////////funcion de corte se debe editar
						
						if ((delta_array[i_array]<(aux_dif_max*limi_dias))||(delta_array[i_array]<0.1))
    1364:	f1 01       	movw	r30, r2
    1366:	ee 0f       	add	r30, r30
    1368:	ff 1f       	adc	r31, r31
    136a:	ee 0f       	add	r30, r30
    136c:	ff 1f       	adc	r31, r31
    136e:	eb 54       	subi	r30, 0x4B	; 75
    1370:	fc 4f       	sbci	r31, 0xFC	; 252
    1372:	80 81       	ld	r24, Z
    1374:	91 81       	ldd	r25, Z+1	; 0x01
    1376:	a2 81       	ldd	r26, Z+2	; 0x02
    1378:	b3 81       	ldd	r27, Z+3	; 0x03
    137a:	8a 87       	std	Y+10, r24	; 0x0a
    137c:	9b 87       	std	Y+11, r25	; 0x0b
    137e:	ac 87       	std	Y+12, r26	; 0x0c
    1380:	bd 87       	std	Y+13, r27	; 0x0d
    1382:	2a e9       	ldi	r18, 0x9A	; 154
    1384:	39 e9       	ldi	r19, 0x99	; 153
    1386:	49 e1       	ldi	r20, 0x19	; 25
    1388:	5f e3       	ldi	r21, 0x3F	; 63
    138a:	6c 89       	ldd	r22, Y+20	; 0x14
    138c:	7d 81       	ldd	r23, Y+5	; 0x05
    138e:	88 2d       	mov	r24, r8
    1390:	99 2d       	mov	r25, r9
    1392:	0e 94 8c 0f 	call	0x1f18	; 0x1f18 <__mulsf3>
    1396:	9b 01       	movw	r18, r22
    1398:	ac 01       	movw	r20, r24
    139a:	6a 85       	ldd	r22, Y+10	; 0x0a
    139c:	7b 85       	ldd	r23, Y+11	; 0x0b
    139e:	8c 85       	ldd	r24, Y+12	; 0x0c
    13a0:	9d 85       	ldd	r25, Y+13	; 0x0d
    13a2:	0e 94 28 0e 	call	0x1c50	; 0x1c50 <__cmpsf2>
    13a6:	88 23       	and	r24, r24
    13a8:	64 f0       	brlt	.+24     	; 0x13c2 <main+0x85e>
    13aa:	2d ec       	ldi	r18, 0xCD	; 205
    13ac:	3c ec       	ldi	r19, 0xCC	; 204
    13ae:	4c ec       	ldi	r20, 0xCC	; 204
    13b0:	5d e3       	ldi	r21, 0x3D	; 61
    13b2:	6a 85       	ldd	r22, Y+10	; 0x0a
    13b4:	7b 85       	ldd	r23, Y+11	; 0x0b
    13b6:	8c 85       	ldd	r24, Y+12	; 0x0c
    13b8:	9d 85       	ldd	r25, Y+13	; 0x0d
    13ba:	0e 94 28 0e 	call	0x1c50	; 0x1c50 <__cmpsf2>
    13be:	88 23       	and	r24, r24
    13c0:	b4 f4       	brge	.+44     	; 0x13ee <main+0x88a>
						{
							if (i_array>4)
    13c2:	95 e0       	ldi	r25, 0x05	; 5
    13c4:	29 16       	cp	r2, r25
    13c6:	31 04       	cpc	r3, r1
    13c8:	94 f0       	brlt	.+36     	; 0x13ee <main+0x88a>
							{
								inicio_med=4;
    13ca:	84 e0       	ldi	r24, 0x04	; 4
    13cc:	80 93 a0 03 	sts	0x03A0, r24	; 0x8003a0 <inicio_med>
								flag_DB_PUMP=-1;
    13d0:	8f ef       	ldi	r24, 0xFF	; 255
    13d2:	9f ef       	ldi	r25, 0xFF	; 255
    13d4:	90 93 01 01 	sts	0x0101, r25	; 0x800101 <__DATA_REGION_ORIGIN__+0x1>
    13d8:	80 93 00 01 	sts	0x0100, r24	; 0x800100 <__DATA_REGION_ORIGIN__>
								debug_B=PORTB;
    13dc:	85 b1       	in	r24, 0x05	; 5
    13de:	90 e0       	ldi	r25, 0x00	; 0
								debug_B = debug_B&(0xFA);
    13e0:	8a 7f       	andi	r24, 0xFA	; 250
    13e2:	99 27       	eor	r25, r25
    13e4:	90 93 81 03 	sts	0x0381, r25	; 0x800381 <debug_B+0x1>
    13e8:	80 93 80 03 	sts	0x0380, r24	; 0x800380 <debug_B>
								PORTB=debug_B;
    13ec:	85 b9       	out	0x05, r24	; 5
						else
						{
							flag_no_pulso=0;
						}
					}
					if (delta_array[i_array]>aux_dif_max)
    13ee:	f1 01       	movw	r30, r2
    13f0:	ee 0f       	add	r30, r30
    13f2:	ff 1f       	adc	r31, r31
    13f4:	ee 0f       	add	r30, r30
    13f6:	ff 1f       	adc	r31, r31
    13f8:	eb 54       	subi	r30, 0x4B	; 75
    13fa:	fc 4f       	sbci	r31, 0xFC	; 252
    13fc:	00 81       	ld	r16, Z
    13fe:	11 81       	ldd	r17, Z+1	; 0x01
    1400:	a2 81       	ldd	r26, Z+2	; 0x02
    1402:	aa 8f       	std	Y+26, r26	; 0x1a
    1404:	b3 81       	ldd	r27, Z+3	; 0x03
    1406:	ba 87       	std	Y+10, r27	; 0x0a
    1408:	20 2f       	mov	r18, r16
    140a:	31 2f       	mov	r19, r17
    140c:	4a 2f       	mov	r20, r26
    140e:	5b 2f       	mov	r21, r27
    1410:	6c 89       	ldd	r22, Y+20	; 0x14
    1412:	7d 81       	ldd	r23, Y+5	; 0x05
    1414:	88 2d       	mov	r24, r8
    1416:	99 2d       	mov	r25, r9
    1418:	0e 94 28 0e 	call	0x1c50	; 0x1c50 <__cmpsf2>
    141c:	88 23       	and	r24, r24
    141e:	64 f4       	brge	.+24     	; 0x1438 <main+0x8d4>
					{
						aux_dif_max=delta_array[i_array];
						index_max=i_array;
    1420:	ee 85       	ldd	r30, Y+14	; 0x0e
    1422:	e8 8b       	std	Y+16, r30	; 0x10
    1424:	fe 81       	ldd	r31, Y+6	; 0x06
    1426:	f9 8b       	std	Y+17, r31	; 0x11
    1428:	2d 89       	ldd	r18, Y+21	; 0x15
    142a:	2a 8b       	std	Y+18, r18	; 0x12
    142c:	39 8d       	ldd	r19, Y+25	; 0x19
    142e:	3b 8b       	std	Y+19, r19	; 0x13
							flag_no_pulso=0;
						}
					}
					if (delta_array[i_array]>aux_dif_max)
					{
						aux_dif_max=delta_array[i_array];
    1430:	0c 8b       	std	Y+20, r16	; 0x14
    1432:	1d 83       	std	Y+5, r17	; 0x05
    1434:	8a 8c       	ldd	r8, Y+26	; 0x1a
    1436:	9a 84       	ldd	r9, Y+10	; 0x0a
						index_max=i_array;
					}
					if (i_array==0)
    1438:	21 14       	cp	r2, r1
    143a:	31 04       	cpc	r3, r1
    143c:	61 f5       	brne	.+88     	; 0x1496 <main+0x932>
					{
						pres_array[i_array]=int(pres_npa);
    143e:	a1 01       	movw	r20, r2
    1440:	44 0f       	add	r20, r20
    1442:	55 1f       	adc	r21, r21
    1444:	43 58       	subi	r20, 0x83	; 131
    1446:	5b 4f       	sbci	r21, 0xFB	; 251
    1448:	5f 83       	std	Y+7, r21	; 0x07
    144a:	4e 83       	std	Y+6, r20	; 0x06
    144c:	c7 01       	movw	r24, r14
    144e:	b6 01       	movw	r22, r12
    1450:	0e 94 9f 0e 	call	0x1d3e	; 0x1d3e <__fixsfsi>
    1454:	ae 81       	ldd	r26, Y+6	; 0x06
    1456:	bf 81       	ldd	r27, Y+7	; 0x07
    1458:	6d 93       	st	X+, r22
    145a:	7c 93       	st	X, r23
						delta_array[i_array]=max_pres-min_pres;
    145c:	20 91 ad 03 	lds	r18, 0x03AD	; 0x8003ad <min_pres>
    1460:	30 91 ae 03 	lds	r19, 0x03AE	; 0x8003ae <min_pres+0x1>
    1464:	40 91 af 03 	lds	r20, 0x03AF	; 0x8003af <min_pres+0x2>
    1468:	50 91 b0 03 	lds	r21, 0x03B0	; 0x8003b0 <min_pres+0x3>
    146c:	60 91 b1 03 	lds	r22, 0x03B1	; 0x8003b1 <max_pres>
    1470:	70 91 b2 03 	lds	r23, 0x03B2	; 0x8003b2 <max_pres+0x1>
    1474:	80 91 b3 03 	lds	r24, 0x03B3	; 0x8003b3 <max_pres+0x2>
    1478:	90 91 b4 03 	lds	r25, 0x03B4	; 0x8003b4 <max_pres+0x3>
    147c:	0e 94 bb 0d 	call	0x1b76	; 0x1b76 <__subsf3>
    1480:	f1 01       	movw	r30, r2
    1482:	ee 0f       	add	r30, r30
    1484:	ff 1f       	adc	r31, r31
    1486:	ee 0f       	add	r30, r30
    1488:	ff 1f       	adc	r31, r31
    148a:	eb 54       	subi	r30, 0x4B	; 75
    148c:	fc 4f       	sbci	r31, 0xFC	; 252
    148e:	60 83       	st	Z, r22
    1490:	71 83       	std	Z+1, r23	; 0x01
    1492:	82 83       	std	Z+2, r24	; 0x02
    1494:	93 83       	std	Z+3, r25	; 0x03
					}
					cont_timer2=2000;
    1496:	80 ed       	ldi	r24, 0xD0	; 208
    1498:	97 e0       	ldi	r25, 0x07	; 7
    149a:	a0 e0       	ldi	r26, 0x00	; 0
    149c:	b0 e0       	ldi	r27, 0x00	; 0
    149e:	80 93 8c 03 	sts	0x038C, r24	; 0x80038c <cont_timer2>
    14a2:	90 93 8d 03 	sts	0x038D, r25	; 0x80038d <cont_timer2+0x1>
    14a6:	a0 93 8e 03 	sts	0x038E, r26	; 0x80038e <cont_timer2+0x2>
    14aa:	b0 93 8f 03 	sts	0x038F, r27	; 0x80038f <cont_timer2+0x3>
					flag_pulsos=3;
    14ae:	83 e0       	ldi	r24, 0x03	; 3
    14b0:	80 93 9e 03 	sts	0x039E, r24	; 0x80039e <flag_pulsos>
					i_array++;
    14b4:	bf ef       	ldi	r27, 0xFF	; 255
    14b6:	2b 1a       	sub	r2, r27
    14b8:	3b 0a       	sbc	r3, r27
					flag_no_pulso=0;
					//aux_pres_max=pres_act-5;
					flag_pulso_on=1;
					if (pres_act>100)
    14ba:	20 91 a9 03 	lds	r18, 0x03A9	; 0x8003a9 <pres_act>
    14be:	30 91 aa 03 	lds	r19, 0x03AA	; 0x8003aa <pres_act+0x1>
    14c2:	40 91 ab 03 	lds	r20, 0x03AB	; 0x8003ab <pres_act+0x2>
    14c6:	50 91 ac 03 	lds	r21, 0x03AC	; 0x8003ac <pres_act+0x3>
    14ca:	2a 87       	std	Y+10, r18	; 0x0a
    14cc:	3b 87       	std	Y+11, r19	; 0x0b
    14ce:	4c 87       	std	Y+12, r20	; 0x0c
    14d0:	5d 87       	std	Y+13, r21	; 0x0d
    14d2:	20 e0       	ldi	r18, 0x00	; 0
    14d4:	30 e0       	ldi	r19, 0x00	; 0
    14d6:	48 ec       	ldi	r20, 0xC8	; 200
    14d8:	52 e4       	ldi	r21, 0x42	; 66
    14da:	6a 85       	ldd	r22, Y+10	; 0x0a
    14dc:	7b 85       	ldd	r23, Y+11	; 0x0b
    14de:	8c 85       	ldd	r24, Y+12	; 0x0c
    14e0:	9d 85       	ldd	r25, Y+13	; 0x0d
    14e2:	0e 94 87 0f 	call	0x1f0e	; 0x1f0e <__gesf2>
    14e6:	18 16       	cp	r1, r24
    14e8:	ec f4       	brge	.+58     	; 0x1524 <main+0x9c0>
					{
						//aux_pres_max=pres_act-5;
						aux_pres_max=pres_act-delta_pres_0;
    14ea:	20 91 28 01 	lds	r18, 0x0128	; 0x800128 <delta_pres_0>
    14ee:	30 91 29 01 	lds	r19, 0x0129	; 0x800129 <delta_pres_0+0x1>
    14f2:	40 91 2a 01 	lds	r20, 0x012A	; 0x80012a <delta_pres_0+0x2>
    14f6:	50 91 2b 01 	lds	r21, 0x012B	; 0x80012b <delta_pres_0+0x3>
    14fa:	6a 85       	ldd	r22, Y+10	; 0x0a
    14fc:	7b 85       	ldd	r23, Y+11	; 0x0b
    14fe:	8c 85       	ldd	r24, Y+12	; 0x0c
    1500:	9d 85       	ldd	r25, Y+13	; 0x0d
    1502:	0e 94 bb 0d 	call	0x1b76	; 0x1b76 <__subsf3>
    1506:	60 93 a1 03 	sts	0x03A1, r22	; 0x8003a1 <aux_pres_max>
    150a:	70 93 a2 03 	sts	0x03A2, r23	; 0x8003a2 <aux_pres_max+0x1>
    150e:	80 93 a3 03 	sts	0x03A3, r24	; 0x8003a3 <aux_pres_max+0x2>
    1512:	90 93 a4 03 	sts	0x03A4, r25	; 0x8003a4 <aux_pres_max+0x3>
					cont_timer2=2000;
					flag_pulsos=3;
					i_array++;
					flag_no_pulso=0;
					//aux_pres_max=pres_act-5;
					flag_pulso_on=1;
    1516:	41 e0       	ldi	r20, 0x01	; 1
    1518:	50 e0       	ldi	r21, 0x00	; 0
    151a:	5b 87       	std	Y+11, r21	; 0x0b
    151c:	4a 87       	std	Y+10, r20	; 0x0a
						delta_array[i_array]=max_pres-min_pres;
					}
					cont_timer2=2000;
					flag_pulsos=3;
					i_array++;
					flag_no_pulso=0;
    151e:	1f 86       	std	Y+15, r1	; 0x0f
    1520:	1e 86       	std	Y+14, r1	; 0x0e
    1522:	1c c0       	rjmp	.+56     	; 0x155c <main+0x9f8>
						aux_pres_max=pres_act-delta_pres_0;
					}
					else
					{
						//aux_pres_max=pres_act-10;
						aux_pres_max=pres_act-delta_pres_1;
    1524:	20 91 24 01 	lds	r18, 0x0124	; 0x800124 <delta_pres_1>
    1528:	30 91 25 01 	lds	r19, 0x0125	; 0x800125 <delta_pres_1+0x1>
    152c:	40 91 26 01 	lds	r20, 0x0126	; 0x800126 <delta_pres_1+0x2>
    1530:	50 91 27 01 	lds	r21, 0x0127	; 0x800127 <delta_pres_1+0x3>
    1534:	6a 85       	ldd	r22, Y+10	; 0x0a
    1536:	7b 85       	ldd	r23, Y+11	; 0x0b
    1538:	8c 85       	ldd	r24, Y+12	; 0x0c
    153a:	9d 85       	ldd	r25, Y+13	; 0x0d
    153c:	0e 94 bb 0d 	call	0x1b76	; 0x1b76 <__subsf3>
    1540:	60 93 a1 03 	sts	0x03A1, r22	; 0x8003a1 <aux_pres_max>
    1544:	70 93 a2 03 	sts	0x03A2, r23	; 0x8003a2 <aux_pres_max+0x1>
    1548:	80 93 a3 03 	sts	0x03A3, r24	; 0x8003a3 <aux_pres_max+0x2>
    154c:	90 93 a4 03 	sts	0x03A4, r25	; 0x8003a4 <aux_pres_max+0x3>
					cont_timer2=2000;
					flag_pulsos=3;
					i_array++;
					flag_no_pulso=0;
					//aux_pres_max=pres_act-5;
					flag_pulso_on=1;
    1550:	81 e0       	ldi	r24, 0x01	; 1
    1552:	90 e0       	ldi	r25, 0x00	; 0
    1554:	9b 87       	std	Y+11, r25	; 0x0b
    1556:	8a 87       	std	Y+10, r24	; 0x0a
						delta_array[i_array]=max_pres-min_pres;
					}
					cont_timer2=2000;
					flag_pulsos=3;
					i_array++;
					flag_no_pulso=0;
    1558:	1f 86       	std	Y+15, r1	; 0x0f
    155a:	1e 86       	std	Y+14, r1	; 0x0e
						//aux_pres_max=pres_act-10;
						aux_pres_max=pres_act-delta_pres_1;
					}
				}
			}
			if (flag_pulsos==1)
    155c:	80 91 9e 03 	lds	r24, 0x039E	; 0x80039e <flag_pulsos>
    1560:	81 30       	cpi	r24, 0x01	; 1
    1562:	09 f0       	breq	.+2      	; 0x1566 <main+0xa02>
    1564:	7d c0       	rjmp	.+250    	; 0x1660 <main+0xafc>
			{
				aux_con_pulso++;
    1566:	80 91 84 03 	lds	r24, 0x0384	; 0x800384 <aux_con_pulso>
    156a:	90 91 85 03 	lds	r25, 0x0385	; 0x800385 <aux_con_pulso+0x1>
    156e:	a0 91 86 03 	lds	r26, 0x0386	; 0x800386 <aux_con_pulso+0x2>
    1572:	b0 91 87 03 	lds	r27, 0x0387	; 0x800387 <aux_con_pulso+0x3>
    1576:	9c 01       	movw	r18, r24
    1578:	ad 01       	movw	r20, r26
    157a:	2f 5f       	subi	r18, 0xFF	; 255
    157c:	3f 4f       	sbci	r19, 0xFF	; 255
    157e:	4f 4f       	sbci	r20, 0xFF	; 255
    1580:	5f 4f       	sbci	r21, 0xFF	; 255
    1582:	2e 83       	std	Y+6, r18	; 0x06
    1584:	3f 83       	std	Y+7, r19	; 0x07
    1586:	48 87       	std	Y+8, r20	; 0x08
    1588:	59 87       	std	Y+9, r21	; 0x09
    158a:	20 93 84 03 	sts	0x0384, r18	; 0x800384 <aux_con_pulso>
    158e:	30 93 85 03 	sts	0x0385, r19	; 0x800385 <aux_con_pulso+0x1>
    1592:	40 93 86 03 	sts	0x0386, r20	; 0x800386 <aux_con_pulso+0x2>
    1596:	50 93 87 03 	sts	0x0387, r21	; 0x800387 <aux_con_pulso+0x3>
				if (pres_act>max_pres)
    159a:	80 91 a9 03 	lds	r24, 0x03A9	; 0x8003a9 <pres_act>
    159e:	90 91 aa 03 	lds	r25, 0x03AA	; 0x8003aa <pres_act+0x1>
    15a2:	a0 91 ab 03 	lds	r26, 0x03AB	; 0x8003ab <pres_act+0x2>
    15a6:	b0 91 ac 03 	lds	r27, 0x03AC	; 0x8003ac <pres_act+0x3>
    15aa:	8d 8b       	std	Y+21, r24	; 0x15
    15ac:	9e 8b       	std	Y+22, r25	; 0x16
    15ae:	af 8b       	std	Y+23, r26	; 0x17
    15b0:	b8 8f       	std	Y+24, r27	; 0x18
    15b2:	20 91 b1 03 	lds	r18, 0x03B1	; 0x8003b1 <max_pres>
    15b6:	30 91 b2 03 	lds	r19, 0x03B2	; 0x8003b2 <max_pres+0x1>
    15ba:	40 91 b3 03 	lds	r20, 0x03B3	; 0x8003b3 <max_pres+0x2>
    15be:	50 91 b4 03 	lds	r21, 0x03B4	; 0x8003b4 <max_pres+0x3>
    15c2:	bc 01       	movw	r22, r24
    15c4:	cd 01       	movw	r24, r26
    15c6:	0e 94 87 0f 	call	0x1f0e	; 0x1f0e <__gesf2>
    15ca:	18 16       	cp	r1, r24
    15cc:	ac f5       	brge	.+106    	; 0x1638 <main+0xad4>
				{
					max_pres=pres_act;
    15ce:	2d 89       	ldd	r18, Y+21	; 0x15
    15d0:	3e 89       	ldd	r19, Y+22	; 0x16
    15d2:	4f 89       	ldd	r20, Y+23	; 0x17
    15d4:	58 8d       	ldd	r21, Y+24	; 0x18
    15d6:	20 93 b1 03 	sts	0x03B1, r18	; 0x8003b1 <max_pres>
    15da:	30 93 b2 03 	sts	0x03B2, r19	; 0x8003b2 <max_pres+0x1>
    15de:	40 93 b3 03 	sts	0x03B3, r20	; 0x8003b3 <max_pres+0x2>
    15e2:	50 93 b4 03 	sts	0x03B4, r21	; 0x8003b4 <max_pres+0x3>
					pres_array[i_array]=int(pres_npa);
    15e6:	c1 01       	movw	r24, r2
    15e8:	88 0f       	add	r24, r24
    15ea:	99 1f       	adc	r25, r25
    15ec:	ac 01       	movw	r20, r24
    15ee:	43 58       	subi	r20, 0x83	; 131
    15f0:	5b 4f       	sbci	r21, 0xFB	; 251
    15f2:	5b 8f       	std	Y+27, r21	; 0x1b
    15f4:	4a 8f       	std	Y+26, r20	; 0x1a
    15f6:	c7 01       	movw	r24, r14
    15f8:	b6 01       	movw	r22, r12
    15fa:	0e 94 9f 0e 	call	0x1d3e	; 0x1d3e <__fixsfsi>
    15fe:	aa 8d       	ldd	r26, Y+26	; 0x1a
    1600:	bb 8d       	ldd	r27, Y+27	; 0x1b
    1602:	6d 93       	st	X+, r22
    1604:	7c 93       	st	X, r23
					delta_array[i_array]=max_pres-min_pres;
    1606:	20 91 ad 03 	lds	r18, 0x03AD	; 0x8003ad <min_pres>
    160a:	30 91 ae 03 	lds	r19, 0x03AE	; 0x8003ae <min_pres+0x1>
    160e:	40 91 af 03 	lds	r20, 0x03AF	; 0x8003af <min_pres+0x2>
    1612:	50 91 b0 03 	lds	r21, 0x03B0	; 0x8003b0 <min_pres+0x3>
    1616:	6d 89       	ldd	r22, Y+21	; 0x15
    1618:	7e 89       	ldd	r23, Y+22	; 0x16
    161a:	8f 89       	ldd	r24, Y+23	; 0x17
    161c:	98 8d       	ldd	r25, Y+24	; 0x18
    161e:	0e 94 bb 0d 	call	0x1b76	; 0x1b76 <__subsf3>
    1622:	f1 01       	movw	r30, r2
    1624:	ee 0f       	add	r30, r30
    1626:	ff 1f       	adc	r31, r31
    1628:	ee 0f       	add	r30, r30
    162a:	ff 1f       	adc	r31, r31
    162c:	eb 54       	subi	r30, 0x4B	; 75
    162e:	fc 4f       	sbci	r31, 0xFC	; 252
    1630:	60 83       	st	Z, r22
    1632:	71 83       	std	Z+1, r23	; 0x01
    1634:	82 83       	std	Z+2, r24	; 0x02
    1636:	93 83       	std	Z+3, r25	; 0x03
				}
				if (aux_con_pulso>400)
    1638:	2e 81       	ldd	r18, Y+6	; 0x06
    163a:	3f 81       	ldd	r19, Y+7	; 0x07
    163c:	48 85       	ldd	r20, Y+8	; 0x08
    163e:	59 85       	ldd	r21, Y+9	; 0x09
    1640:	21 39       	cpi	r18, 0x91	; 145
    1642:	31 40       	sbci	r19, 0x01	; 1
    1644:	41 05       	cpc	r20, r1
    1646:	51 05       	cpc	r21, r1
    1648:	58 f0       	brcs	.+22     	; 0x1660 <main+0xafc>
				{
					aux_con_pulso=0;
    164a:	10 92 84 03 	sts	0x0384, r1	; 0x800384 <aux_con_pulso>
    164e:	10 92 85 03 	sts	0x0385, r1	; 0x800385 <aux_con_pulso+0x1>
    1652:	10 92 86 03 	sts	0x0386, r1	; 0x800386 <aux_con_pulso+0x2>
    1656:	10 92 87 03 	sts	0x0387, r1	; 0x800387 <aux_con_pulso+0x3>
					flag_pulsos=2;
    165a:	82 e0       	ldi	r24, 0x02	; 2
    165c:	80 93 9e 03 	sts	0x039E, r24	; 0x80039e <flag_pulsos>
				}
			}
			if (cont_timer2>1500)
    1660:	80 91 8c 03 	lds	r24, 0x038C	; 0x80038c <cont_timer2>
    1664:	90 91 8d 03 	lds	r25, 0x038D	; 0x80038d <cont_timer2+0x1>
    1668:	a0 91 8e 03 	lds	r26, 0x038E	; 0x80038e <cont_timer2+0x2>
    166c:	b0 91 8f 03 	lds	r27, 0x038F	; 0x80038f <cont_timer2+0x3>
    1670:	8d 3d       	cpi	r24, 0xDD	; 221
    1672:	95 40       	sbci	r25, 0x05	; 5
    1674:	a1 05       	cpc	r26, r1
    1676:	b1 05       	cpc	r27, r1
    1678:	08 f4       	brcc	.+2      	; 0x167c <main+0xb18>
    167a:	ee ca       	rjmp	.-2596   	; 0xc58 <main+0xf4>
			{
				flag_escalon=0;
    167c:	10 92 99 03 	sts	0x0399, r1	; 0x800399 <flag_escalon>
				cont_timer2=0;
    1680:	10 92 8c 03 	sts	0x038C, r1	; 0x80038c <cont_timer2>
    1684:	10 92 8d 03 	sts	0x038D, r1	; 0x80038d <cont_timer2+0x1>
    1688:	10 92 8e 03 	sts	0x038E, r1	; 0x80038e <cont_timer2+0x2>
    168c:	10 92 8f 03 	sts	0x038F, r1	; 0x80038f <cont_timer2+0x3>
				if (flag_pulso_on==0)
    1690:	2a 85       	ldd	r18, Y+10	; 0x0a
    1692:	3b 85       	ldd	r19, Y+11	; 0x0b
    1694:	23 2b       	or	r18, r19
    1696:	99 f5       	brne	.+102    	; 0x16fe <main+0xb9a>
				{
					if (pres_act>100)
    1698:	c0 90 a9 03 	lds	r12, 0x03A9	; 0x8003a9 <pres_act>
    169c:	d0 90 aa 03 	lds	r13, 0x03AA	; 0x8003aa <pres_act+0x1>
    16a0:	e0 90 ab 03 	lds	r14, 0x03AB	; 0x8003ab <pres_act+0x2>
    16a4:	f0 90 ac 03 	lds	r15, 0x03AC	; 0x8003ac <pres_act+0x3>
    16a8:	20 e0       	ldi	r18, 0x00	; 0
    16aa:	30 e0       	ldi	r19, 0x00	; 0
    16ac:	48 ec       	ldi	r20, 0xC8	; 200
    16ae:	52 e4       	ldi	r21, 0x42	; 66
    16b0:	c7 01       	movw	r24, r14
    16b2:	b6 01       	movw	r22, r12
    16b4:	0e 94 87 0f 	call	0x1f0e	; 0x1f0e <__gesf2>
    16b8:	18 16       	cp	r1, r24
    16ba:	8c f4       	brge	.+34     	; 0x16de <main+0xb7a>
					{
						aux_pres_max=pres_act-10;
    16bc:	20 e0       	ldi	r18, 0x00	; 0
    16be:	30 e0       	ldi	r19, 0x00	; 0
    16c0:	40 e2       	ldi	r20, 0x20	; 32
    16c2:	51 e4       	ldi	r21, 0x41	; 65
    16c4:	c7 01       	movw	r24, r14
    16c6:	b6 01       	movw	r22, r12
    16c8:	0e 94 bb 0d 	call	0x1b76	; 0x1b76 <__subsf3>
    16cc:	60 93 a1 03 	sts	0x03A1, r22	; 0x8003a1 <aux_pres_max>
    16d0:	70 93 a2 03 	sts	0x03A2, r23	; 0x8003a2 <aux_pres_max+0x1>
    16d4:	80 93 a3 03 	sts	0x03A3, r24	; 0x8003a3 <aux_pres_max+0x2>
    16d8:	90 93 a4 03 	sts	0x03A4, r25	; 0x8003a4 <aux_pres_max+0x3>
    16dc:	10 c0       	rjmp	.+32     	; 0x16fe <main+0xb9a>
					}
					else
					{
						aux_pres_max=pres_act-10;
    16de:	20 e0       	ldi	r18, 0x00	; 0
    16e0:	30 e0       	ldi	r19, 0x00	; 0
    16e2:	40 e2       	ldi	r20, 0x20	; 32
    16e4:	51 e4       	ldi	r21, 0x41	; 65
    16e6:	c7 01       	movw	r24, r14
    16e8:	b6 01       	movw	r22, r12
    16ea:	0e 94 bb 0d 	call	0x1b76	; 0x1b76 <__subsf3>
    16ee:	60 93 a1 03 	sts	0x03A1, r22	; 0x8003a1 <aux_pres_max>
    16f2:	70 93 a2 03 	sts	0x03A2, r23	; 0x8003a2 <aux_pres_max+0x1>
    16f6:	80 93 a3 03 	sts	0x03A3, r24	; 0x8003a3 <aux_pres_max+0x2>
    16fa:	90 93 a4 03 	sts	0x03A4, r25	; 0x8003a4 <aux_pres_max+0x3>
					}
					//aux_pres_max=pres_act-5;
				}
				max_pres=0;
    16fe:	10 92 b1 03 	sts	0x03B1, r1	; 0x8003b1 <max_pres>
    1702:	10 92 b2 03 	sts	0x03B2, r1	; 0x8003b2 <max_pres+0x1>
    1706:	10 92 b3 03 	sts	0x03B3, r1	; 0x8003b3 <max_pres+0x2>
    170a:	10 92 b4 03 	sts	0x03B4, r1	; 0x8003b4 <max_pres+0x3>
				flag_no_pulso++;
    170e:	4e 85       	ldd	r20, Y+14	; 0x0e
    1710:	5f 85       	ldd	r21, Y+15	; 0x0f
    1712:	4f 5f       	subi	r20, 0xFF	; 255
    1714:	5f 4f       	sbci	r21, 0xFF	; 255
    1716:	5f 87       	std	Y+15, r21	; 0x0f
    1718:	4e 87       	std	Y+14, r20	; 0x0e
				if ((flag_no_pulso>3)&& (i_array>5))
    171a:	44 30       	cpi	r20, 0x04	; 4
    171c:	51 05       	cpc	r21, r1
    171e:	0c f4       	brge	.+2      	; 0x1722 <main+0xbbe>
    1720:	9b ca       	rjmp	.-2762   	; 0xc58 <main+0xf4>
    1722:	56 e0       	ldi	r21, 0x06	; 6
    1724:	25 16       	cp	r2, r21
    1726:	31 04       	cpc	r3, r1
    1728:	0c f4       	brge	.+2      	; 0x172c <main+0xbc8>
    172a:	96 ca       	rjmp	.-2772   	; 0xc58 <main+0xf4>
				{
					inicio_med=4;
    172c:	84 e0       	ldi	r24, 0x04	; 4
    172e:	80 93 a0 03 	sts	0x03A0, r24	; 0x8003a0 <inicio_med>
					flag_DB_PUMP=-1;
    1732:	8f ef       	ldi	r24, 0xFF	; 255
    1734:	9f ef       	ldi	r25, 0xFF	; 255
    1736:	90 93 01 01 	sts	0x0101, r25	; 0x800101 <__DATA_REGION_ORIGIN__+0x1>
    173a:	80 93 00 01 	sts	0x0100, r24	; 0x800100 <__DATA_REGION_ORIGIN__>
					debug_B=PORTB;
    173e:	85 b1       	in	r24, 0x05	; 5
    1740:	90 e0       	ldi	r25, 0x00	; 0
					debug_B = debug_B&(0xFA);
    1742:	8a 7f       	andi	r24, 0xFA	; 250
    1744:	99 27       	eor	r25, r25
    1746:	90 93 81 03 	sts	0x0381, r25	; 0x800381 <debug_B+0x1>
    174a:	80 93 80 03 	sts	0x0380, r24	; 0x800380 <debug_B>
					PORTB=debug_B;
    174e:	85 b9       	out	0x05, r24	; 5
    1750:	83 ca       	rjmp	.-2810   	; 0xc58 <main+0xf4>
				}
			}	
		}
		else if (inicio_med==4)
    1752:	84 30       	cpi	r24, 0x04	; 4
    1754:	09 f0       	breq	.+2      	; 0x1758 <main+0xbf4>
    1756:	48 c1       	rjmp	.+656    	; 0x19e8 <main+0xe84>
		{
			send_string("inicio de calculos: ");
    1758:	88 e9       	ldi	r24, 0x98	; 152
    175a:	91 e0       	ldi	r25, 0x01	; 1
    175c:	0e 94 e4 00 	call	0x1c8	; 0x1c8 <_Z11send_stringPc>
			send_char('\n');
    1760:	8a e0       	ldi	r24, 0x0A	; 10
    1762:	0e 94 dd 00 	call	0x1ba	; 0x1ba <_Z9send_charc>
			send_string("delta max: ");
    1766:	8d ea       	ldi	r24, 0xAD	; 173
    1768:	91 e0       	ldi	r25, 0x01	; 1
    176a:	0e 94 e4 00 	call	0x1c8	; 0x1c8 <_Z11send_stringPc>
			dtostrf(aux_dif_max,2,3,valor_m);
    176e:	05 e4       	ldi	r16, 0x45	; 69
    1770:	15 e0       	ldi	r17, 0x05	; 5
    1772:	23 e0       	ldi	r18, 0x03	; 3
    1774:	42 e0       	ldi	r20, 0x02	; 2
    1776:	6c 89       	ldd	r22, Y+20	; 0x14
    1778:	7d 81       	ldd	r23, Y+5	; 0x05
    177a:	88 2d       	mov	r24, r8
    177c:	99 2d       	mov	r25, r9
    177e:	0e 94 f9 0f 	call	0x1ff2	; 0x1ff2 <dtostrf>
			send_string(valor_m);
    1782:	c8 01       	movw	r24, r16
    1784:	0e 94 e4 00 	call	0x1c8	; 0x1c8 <_Z11send_stringPc>
			send_char('\n');
    1788:	8a e0       	ldi	r24, 0x0A	; 10
    178a:	0e 94 dd 00 	call	0x1ba	; 0x1ba <_Z9send_charc>
			if (i_array<5)
    178e:	85 e0       	ldi	r24, 0x05	; 5
    1790:	28 16       	cp	r2, r24
    1792:	31 04       	cpc	r3, r1
    1794:	3c f4       	brge	.+14     	; 0x17a4 <main+0xc40>
			{
				send_string(E_calc_pres);		//E10 calculo erroneo
    1796:	80 e4       	ldi	r24, 0x40	; 64
    1798:	91 e0       	ldi	r25, 0x01	; 1
    179a:	0e 94 e4 00 	call	0x1c8	; 0x1c8 <_Z11send_stringPc>
				send_char('\n');
    179e:	8a e0       	ldi	r24, 0x0A	; 10
    17a0:	0e 94 dd 00 	call	0x1ba	; 0x1ba <_Z9send_charc>
						delta_array[i_array]=max_pres-min_pres;
					}
					cont_timer2=2000;
					flag_pulsos=3;
					i_array++;
					flag_no_pulso=0;
    17a4:	1e 8a       	std	Y+22, r1	; 0x16
    17a6:	1d 8a       	std	Y+21, r1	; 0x15
    17a8:	7f 82       	std	Y+7, r7	; 0x07
    17aa:	6e 82       	std	Y+6, r6	; 0x06
    17ac:	7c 88       	ldd	r7, Y+20	; 0x14
			if (i_array<5)
			{
				send_string(E_calc_pres);		//E10 calculo erroneo
				send_char('\n');
			}
			for (int i=0;i<i_array;i++)
    17ae:	ed 89       	ldd	r30, Y+21	; 0x15
    17b0:	fe 89       	ldd	r31, Y+22	; 0x16
    17b2:	e2 15       	cp	r30, r2
    17b4:	f3 05       	cpc	r31, r3
    17b6:	0c f0       	brlt	.+2      	; 0x17ba <main+0xc56>
    17b8:	be c0       	rjmp	.+380    	; 0x1936 <main+0xdd2>
			{
				send_string("pulso numero: ");
    17ba:	89 eb       	ldi	r24, 0xB9	; 185
    17bc:	91 e0       	ldi	r25, 0x01	; 1
    17be:	0e 94 e4 00 	call	0x1c8	; 0x1c8 <_Z11send_stringPc>
				dtostrf(i,2,0,valor_m);
    17c2:	2d 89       	ldd	r18, Y+21	; 0x15
    17c4:	3e 89       	ldd	r19, Y+22	; 0x16
    17c6:	b9 01       	movw	r22, r18
    17c8:	33 0f       	add	r19, r19
    17ca:	88 0b       	sbc	r24, r24
    17cc:	99 0b       	sbc	r25, r25
    17ce:	0e 94 d7 0e 	call	0x1dae	; 0x1dae <__floatsisf>
    17d2:	6b 01       	movw	r12, r22
    17d4:	7c 01       	movw	r14, r24
    17d6:	05 e4       	ldi	r16, 0x45	; 69
    17d8:	15 e0       	ldi	r17, 0x05	; 5
    17da:	20 e0       	ldi	r18, 0x00	; 0
    17dc:	42 e0       	ldi	r20, 0x02	; 2
    17de:	0e 94 f9 0f 	call	0x1ff2	; 0x1ff2 <dtostrf>
				send_string(valor_m);
    17e2:	c8 01       	movw	r24, r16
    17e4:	0e 94 e4 00 	call	0x1c8	; 0x1c8 <_Z11send_stringPc>
				send_string(" Pres: ");
    17e8:	88 ec       	ldi	r24, 0xC8	; 200
    17ea:	91 e0       	ldi	r25, 0x01	; 1
    17ec:	0e 94 e4 00 	call	0x1c8	; 0x1c8 <_Z11send_stringPc>
				send_string(",");
    17f0:	80 ed       	ldi	r24, 0xD0	; 208
    17f2:	91 e0       	ldi	r25, 0x01	; 1
    17f4:	0e 94 e4 00 	call	0x1c8	; 0x1c8 <_Z11send_stringPc>
				dtostrf(pres_array[i],3,0,valor_m);
    17f8:	ed 89       	ldd	r30, Y+21	; 0x15
    17fa:	fe 89       	ldd	r31, Y+22	; 0x16
    17fc:	ee 0f       	add	r30, r30
    17fe:	ff 1f       	adc	r31, r31
    1800:	e3 58       	subi	r30, 0x83	; 131
    1802:	fb 4f       	sbci	r31, 0xFB	; 251
    1804:	60 81       	ld	r22, Z
    1806:	71 81       	ldd	r23, Z+1	; 0x01
    1808:	07 2e       	mov	r0, r23
    180a:	00 0c       	add	r0, r0
    180c:	88 0b       	sbc	r24, r24
    180e:	99 0b       	sbc	r25, r25
    1810:	0e 94 d7 0e 	call	0x1dae	; 0x1dae <__floatsisf>
    1814:	20 e0       	ldi	r18, 0x00	; 0
    1816:	43 e0       	ldi	r20, 0x03	; 3
    1818:	0e 94 f9 0f 	call	0x1ff2	; 0x1ff2 <dtostrf>
				send_string(valor_m);
    181c:	c8 01       	movw	r24, r16
    181e:	0e 94 e4 00 	call	0x1c8	; 0x1c8 <_Z11send_stringPc>
				//send_string(" Dif: ");
				send_string(",");
    1822:	80 ed       	ldi	r24, 0xD0	; 208
    1824:	91 e0       	ldi	r25, 0x01	; 1
    1826:	0e 94 e4 00 	call	0x1c8	; 0x1c8 <_Z11send_stringPc>
				dtostrf(delta_array[i],0,5,valor_m);
    182a:	ed 89       	ldd	r30, Y+21	; 0x15
    182c:	fe 89       	ldd	r31, Y+22	; 0x16
    182e:	ee 0f       	add	r30, r30
    1830:	ff 1f       	adc	r31, r31
    1832:	ee 0f       	add	r30, r30
    1834:	ff 1f       	adc	r31, r31
    1836:	eb 54       	subi	r30, 0x4B	; 75
    1838:	fc 4f       	sbci	r31, 0xFC	; 252
    183a:	60 81       	ld	r22, Z
    183c:	71 81       	ldd	r23, Z+1	; 0x01
    183e:	82 81       	ldd	r24, Z+2	; 0x02
    1840:	93 81       	ldd	r25, Z+3	; 0x03
    1842:	25 e0       	ldi	r18, 0x05	; 5
    1844:	40 e0       	ldi	r20, 0x00	; 0
    1846:	0e 94 f9 0f 	call	0x1ff2	; 0x1ff2 <dtostrf>
				send_string(valor_m);
    184a:	c8 01       	movw	r24, r16
    184c:	0e 94 e4 00 	call	0x1c8	; 0x1c8 <_Z11send_stringPc>
				send_string(",");
    1850:	80 ed       	ldi	r24, 0xD0	; 208
    1852:	91 e0       	ldi	r25, 0x01	; 1
    1854:	0e 94 e4 00 	call	0x1c8	; 0x1c8 <_Z11send_stringPc>
				//send_string("pulso numero: ");
				dtostrf(i,2,0,valor_m);
    1858:	20 e0       	ldi	r18, 0x00	; 0
    185a:	42 e0       	ldi	r20, 0x02	; 2
    185c:	c7 01       	movw	r24, r14
    185e:	b6 01       	movw	r22, r12
    1860:	0e 94 f9 0f 	call	0x1ff2	; 0x1ff2 <dtostrf>
				send_string(valor_m);
    1864:	c8 01       	movw	r24, r16
    1866:	0e 94 e4 00 	call	0x1c8	; 0x1c8 <_Z11send_stringPc>
				send_char('\n');
    186a:	8a e0       	ldi	r24, 0x0A	; 10
    186c:	0e 94 dd 00 	call	0x1ba	; 0x1ba <_Z9send_charc>
				send_char('\r');
    1870:	8d e0       	ldi	r24, 0x0D	; 13
    1872:	0e 94 dd 00 	call	0x1ba	; 0x1ba <_Z9send_charc>
				if (flag_neo==1)
    1876:	80 91 9d 03 	lds	r24, 0x039D	; 0x80039d <flag_neo>
    187a:	81 30       	cpi	r24, 0x01	; 1
    187c:	b9 f4       	brne	.+46     	; 0x18ac <main+0xd48>
				{
					p_sist=pres_array[0];
    187e:	60 91 7d 04 	lds	r22, 0x047D	; 0x80047d <pres_array>
    1882:	70 91 7e 04 	lds	r23, 0x047E	; 0x80047e <pres_array+0x1>
    1886:	07 2e       	mov	r0, r23
    1888:	00 0c       	add	r0, r0
    188a:	88 0b       	sbc	r24, r24
    188c:	99 0b       	sbc	r25, r25
    188e:	0e 94 d7 0e 	call	0x1dae	; 0x1dae <__floatsisf>
    1892:	69 83       	std	Y+1, r22	; 0x01
    1894:	7a 83       	std	Y+2, r23	; 0x02
    1896:	8b 83       	std	Y+3, r24	; 0x03
    1898:	9c 83       	std	Y+4, r25	; 0x04
					p_dias=pres_array[i_array-1];
    189a:	f1 01       	movw	r30, r2
    189c:	31 97       	sbiw	r30, 0x01	; 1
    189e:	ee 0f       	add	r30, r30
    18a0:	ff 1f       	adc	r31, r31
    18a2:	e3 58       	subi	r30, 0x83	; 131
    18a4:	fb 4f       	sbci	r31, 0xFB	; 251
    18a6:	40 80       	ld	r4, Z
    18a8:	51 80       	ldd	r5, Z+1	; 0x01
    18aa:	3e c0       	rjmp	.+124    	; 0x1928 <main+0xdc4>
				} 
				else
				{
					if ((flag_sist==0)&&(delta_array[i]>(aux_dif_max*limi_sist)))
    18ac:	a1 14       	cp	r10, r1
    18ae:	b1 04       	cpc	r11, r1
    18b0:	99 f5       	brne	.+102    	; 0x1918 <main+0xdb4>
    18b2:	ed 89       	ldd	r30, Y+21	; 0x15
    18b4:	fe 89       	ldd	r31, Y+22	; 0x16
    18b6:	ee 0f       	add	r30, r30
    18b8:	ff 1f       	adc	r31, r31
    18ba:	ee 0f       	add	r30, r30
    18bc:	ff 1f       	adc	r31, r31
    18be:	eb 54       	subi	r30, 0x4B	; 75
    18c0:	fc 4f       	sbci	r31, 0xFC	; 252
    18c2:	c0 80       	ld	r12, Z
    18c4:	d1 80       	ldd	r13, Z+1	; 0x01
    18c6:	e2 80       	ldd	r14, Z+2	; 0x02
    18c8:	f3 80       	ldd	r15, Z+3	; 0x03
    18ca:	23 e3       	ldi	r18, 0x33	; 51
    18cc:	33 e3       	ldi	r19, 0x33	; 51
    18ce:	43 e3       	ldi	r20, 0x33	; 51
    18d0:	5f e3       	ldi	r21, 0x3F	; 63
    18d2:	67 2d       	mov	r22, r7
    18d4:	7d 81       	ldd	r23, Y+5	; 0x05
    18d6:	88 2d       	mov	r24, r8
    18d8:	99 2d       	mov	r25, r9
    18da:	0e 94 8c 0f 	call	0x1f18	; 0x1f18 <__mulsf3>
    18de:	9b 01       	movw	r18, r22
    18e0:	ac 01       	movw	r20, r24
    18e2:	c7 01       	movw	r24, r14
    18e4:	b6 01       	movw	r22, r12
    18e6:	0e 94 87 0f 	call	0x1f0e	; 0x1f0e <__gesf2>
    18ea:	18 16       	cp	r1, r24
    18ec:	ac f4       	brge	.+42     	; 0x1918 <main+0xdb4>
					{
						p_sist=pres_array[i];
    18ee:	ed 89       	ldd	r30, Y+21	; 0x15
    18f0:	fe 89       	ldd	r31, Y+22	; 0x16
    18f2:	ee 0f       	add	r30, r30
    18f4:	ff 1f       	adc	r31, r31
    18f6:	e3 58       	subi	r30, 0x83	; 131
    18f8:	fb 4f       	sbci	r31, 0xFB	; 251
    18fa:	60 81       	ld	r22, Z
    18fc:	71 81       	ldd	r23, Z+1	; 0x01
    18fe:	07 2e       	mov	r0, r23
    1900:	00 0c       	add	r0, r0
    1902:	88 0b       	sbc	r24, r24
    1904:	99 0b       	sbc	r25, r25
    1906:	0e 94 d7 0e 	call	0x1dae	; 0x1dae <__floatsisf>
    190a:	69 83       	std	Y+1, r22	; 0x01
    190c:	7a 83       	std	Y+2, r23	; 0x02
    190e:	8b 83       	std	Y+3, r24	; 0x03
    1910:	9c 83       	std	Y+4, r25	; 0x04
						flag_sist=1;
    1912:	aa 24       	eor	r10, r10
    1914:	a3 94       	inc	r10
    1916:	b1 2c       	mov	r11, r1
						
					}
					//p_dias=pres_array[i_array-1];
					p_dias=pres_array[i_array-2];
    1918:	f1 01       	movw	r30, r2
    191a:	32 97       	sbiw	r30, 0x02	; 2
    191c:	ee 0f       	add	r30, r30
    191e:	ff 1f       	adc	r31, r31
    1920:	e3 58       	subi	r30, 0x83	; 131
    1922:	fb 4f       	sbci	r31, 0xFB	; 251
    1924:	40 80       	ld	r4, Z
    1926:	51 80       	ldd	r5, Z+1	; 0x01
			if (i_array<5)
			{
				send_string(E_calc_pres);		//E10 calculo erroneo
				send_char('\n');
			}
			for (int i=0;i<i_array;i++)
    1928:	4d 89       	ldd	r20, Y+21	; 0x15
    192a:	5e 89       	ldd	r21, Y+22	; 0x16
    192c:	4f 5f       	subi	r20, 0xFF	; 255
    192e:	5f 4f       	sbci	r21, 0xFF	; 255
    1930:	5e 8b       	std	Y+22, r21	; 0x16
    1932:	4d 8b       	std	Y+21, r20	; 0x15
    1934:	3c cf       	rjmp	.-392    	; 0x17ae <main+0xc4a>
    1936:	6e 80       	ldd	r6, Y+6	; 0x06
    1938:	7f 80       	ldd	r7, Y+7	; 0x07
					//p_dias=pres_array[i_array-1];
					p_dias=pres_array[i_array-2];
				}
				
			}
			inicio_med=0;
    193a:	10 92 a0 03 	sts	0x03A0, r1	; 0x8003a0 <inicio_med>
			p_med=p_dias+(p_sist-p_dias)/3;
    193e:	b2 01       	movw	r22, r4
    1940:	05 2c       	mov	r0, r5
    1942:	00 0c       	add	r0, r0
    1944:	88 0b       	sbc	r24, r24
    1946:	99 0b       	sbc	r25, r25
    1948:	0e 94 d7 0e 	call	0x1dae	; 0x1dae <__floatsisf>
    194c:	6b 01       	movw	r12, r22
    194e:	7c 01       	movw	r14, r24
    1950:	9b 01       	movw	r18, r22
    1952:	ac 01       	movw	r20, r24
    1954:	69 81       	ldd	r22, Y+1	; 0x01
    1956:	7a 81       	ldd	r23, Y+2	; 0x02
    1958:	8b 81       	ldd	r24, Y+3	; 0x03
    195a:	9c 81       	ldd	r25, Y+4	; 0x04
    195c:	0e 94 bb 0d 	call	0x1b76	; 0x1b76 <__subsf3>
    1960:	20 e0       	ldi	r18, 0x00	; 0
    1962:	30 e0       	ldi	r19, 0x00	; 0
    1964:	40 e4       	ldi	r20, 0x40	; 64
    1966:	50 e4       	ldi	r21, 0x40	; 64
    1968:	0e 94 2d 0e 	call	0x1c5a	; 0x1c5a <__divsf3>
    196c:	9b 01       	movw	r18, r22
    196e:	ac 01       	movw	r20, r24
    1970:	c7 01       	movw	r24, r14
    1972:	b6 01       	movw	r22, r12
    1974:	0e 94 bc 0d 	call	0x1b78	; 0x1b78 <__addsf3>
    1978:	6e 83       	std	Y+6, r22	; 0x06
    197a:	7f 83       	std	Y+7, r23	; 0x07
    197c:	88 87       	std	Y+8, r24	; 0x08
    197e:	99 87       	std	Y+9, r25	; 0x09
			send_string("m:");
    1980:	82 ed       	ldi	r24, 0xD2	; 210
    1982:	91 e0       	ldi	r25, 0x01	; 1
    1984:	0e 94 e4 00 	call	0x1c8	; 0x1c8 <_Z11send_stringPc>
			dtostrf(p_sist,2,0,sist_str);
    1988:	0f e4       	ldi	r16, 0x4F	; 79
    198a:	15 e0       	ldi	r17, 0x05	; 5
    198c:	20 e0       	ldi	r18, 0x00	; 0
    198e:	42 e0       	ldi	r20, 0x02	; 2
    1990:	69 81       	ldd	r22, Y+1	; 0x01
    1992:	7a 81       	ldd	r23, Y+2	; 0x02
    1994:	8b 81       	ldd	r24, Y+3	; 0x03
    1996:	9c 81       	ldd	r25, Y+4	; 0x04
    1998:	0e 94 f9 0f 	call	0x1ff2	; 0x1ff2 <dtostrf>
			send_string(sist_str);
    199c:	c8 01       	movw	r24, r16
    199e:	0e 94 e4 00 	call	0x1c8	; 0x1c8 <_Z11send_stringPc>
			send_char(',');
    19a2:	8c e2       	ldi	r24, 0x2C	; 44
    19a4:	0e 94 dd 00 	call	0x1ba	; 0x1ba <_Z9send_charc>
			dtostrf(p_dias,2,0,valor_m);
    19a8:	05 e4       	ldi	r16, 0x45	; 69
    19aa:	15 e0       	ldi	r17, 0x05	; 5
    19ac:	20 e0       	ldi	r18, 0x00	; 0
    19ae:	42 e0       	ldi	r20, 0x02	; 2
    19b0:	c7 01       	movw	r24, r14
    19b2:	b6 01       	movw	r22, r12
    19b4:	0e 94 f9 0f 	call	0x1ff2	; 0x1ff2 <dtostrf>
			send_string(valor_m);
    19b8:	c8 01       	movw	r24, r16
    19ba:	0e 94 e4 00 	call	0x1c8	; 0x1c8 <_Z11send_stringPc>
			send_char(',');
    19be:	8c e2       	ldi	r24, 0x2C	; 44
    19c0:	0e 94 dd 00 	call	0x1ba	; 0x1ba <_Z9send_charc>
			dtostrf(p_med,2,0,valor_m);
    19c4:	20 e0       	ldi	r18, 0x00	; 0
    19c6:	42 e0       	ldi	r20, 0x02	; 2
    19c8:	6e 81       	ldd	r22, Y+6	; 0x06
    19ca:	7f 81       	ldd	r23, Y+7	; 0x07
    19cc:	88 85       	ldd	r24, Y+8	; 0x08
    19ce:	99 85       	ldd	r25, Y+9	; 0x09
    19d0:	0e 94 f9 0f 	call	0x1ff2	; 0x1ff2 <dtostrf>
			send_string(valor_m);
    19d4:	c8 01       	movw	r24, r16
    19d6:	0e 94 e4 00 	call	0x1c8	; 0x1c8 <_Z11send_stringPc>
			send_char('\n');
    19da:	8a e0       	ldi	r24, 0x0A	; 10
    19dc:	0e 94 dd 00 	call	0x1ba	; 0x1ba <_Z9send_charc>
			send_char('\r');
    19e0:	8d e0       	ldi	r24, 0x0D	; 13
    19e2:	0e 94 dd 00 	call	0x1ba	; 0x1ba <_Z9send_charc>
    19e6:	38 c9       	rjmp	.-3472   	; 0xc58 <main+0xf4>
		}
		else if (inicio_med==5)
    19e8:	85 30       	cpi	r24, 0x05	; 5
    19ea:	09 f0       	breq	.+2      	; 0x19ee <main+0xe8a>
    19ec:	80 c0       	rjmp	.+256    	; 0x1aee <main+0xf8a>
		{
			///////////////////////////////////////
			PORTB = 0x03;//0x03;	//activa motor 1 y v?lvula
    19ee:	83 e0       	ldi	r24, 0x03	; 3
    19f0:	85 b9       	out	0x05, r24	; 5
			tiempo_limtotal=0;//90000
    19f2:	10 92 16 01 	sts	0x0116, r1	; 0x800116 <tiempo_limtotal>
    19f6:	10 92 17 01 	sts	0x0117, r1	; 0x800117 <tiempo_limtotal+0x1>
    19fa:	10 92 18 01 	sts	0x0118, r1	; 0x800118 <tiempo_limtotal+0x2>
    19fe:	10 92 19 01 	sts	0x0119, r1	; 0x800119 <tiempo_limtotal+0x3>
			OCR0B=255;
    1a02:	8f ef       	ldi	r24, 0xFF	; 255
    1a04:	88 bd       	out	0x28, r24	; 40
			while(pres_npa<120)
    1a06:	20 e0       	ldi	r18, 0x00	; 0
    1a08:	30 e0       	ldi	r19, 0x00	; 0
    1a0a:	40 ef       	ldi	r20, 0xF0	; 240
    1a0c:	52 e4       	ldi	r21, 0x42	; 66
    1a0e:	c7 01       	movw	r24, r14
    1a10:	b6 01       	movw	r22, r12
    1a12:	0e 94 28 0e 	call	0x1c50	; 0x1c50 <__cmpsf2>
    1a16:	88 23       	and	r24, r24
    1a18:	dc f4       	brge	.+54     	; 0x1a50 <main+0xeec>
			{
				pres_npa=read_NPA700(NPA700_R);
    1a1a:	81 e5       	ldi	r24, 0x51	; 81
    1a1c:	0e 94 69 02 	call	0x4d2	; 0x4d2 <_Z11read_NPA700h>
    1a20:	6b 01       	movw	r12, r22
    1a22:	7c 01       	movw	r14, r24
				send_string("I: ");
    1a24:	85 ed       	ldi	r24, 0xD5	; 213
    1a26:	91 e0       	ldi	r25, 0x01	; 1
    1a28:	0e 94 e4 00 	call	0x1c8	; 0x1c8 <_Z11send_stringPc>
				dtostrf(pres_npa,3,0,valor_m);
    1a2c:	05 e4       	ldi	r16, 0x45	; 69
    1a2e:	15 e0       	ldi	r17, 0x05	; 5
    1a30:	20 e0       	ldi	r18, 0x00	; 0
    1a32:	43 e0       	ldi	r20, 0x03	; 3
    1a34:	c7 01       	movw	r24, r14
    1a36:	b6 01       	movw	r22, r12
    1a38:	0e 94 f9 0f 	call	0x1ff2	; 0x1ff2 <dtostrf>
				send_string(valor_m);
    1a3c:	c8 01       	movw	r24, r16
    1a3e:	0e 94 e4 00 	call	0x1c8	; 0x1c8 <_Z11send_stringPc>
				send_char('\n');
    1a42:	8a e0       	ldi	r24, 0x0A	; 10
    1a44:	0e 94 dd 00 	call	0x1ba	; 0x1ba <_Z9send_charc>
				send_char('\r');
    1a48:	8d e0       	ldi	r24, 0x0D	; 13
    1a4a:	0e 94 dd 00 	call	0x1ba	; 0x1ba <_Z9send_charc>
		{
			///////////////////////////////////////
			PORTB = 0x03;//0x03;	//activa motor 1 y v?lvula
			tiempo_limtotal=0;//90000
			OCR0B=255;
			while(pres_npa<120)
    1a4e:	db cf       	rjmp	.-74     	; 0x1a06 <main+0xea2>
				dtostrf(pres_npa,3,0,valor_m);
				send_string(valor_m);
				send_char('\n');
				send_char('\r');
			}
			PORTB = 0x02;//0x03;	//activa  valvula
    1a50:	82 e0       	ldi	r24, 0x02	; 2
    1a52:	85 b9       	out	0x05, r24	; 5
			while(tiempo_limtotal<10000)
    1a54:	80 91 16 01 	lds	r24, 0x0116	; 0x800116 <tiempo_limtotal>
    1a58:	90 91 17 01 	lds	r25, 0x0117	; 0x800117 <tiempo_limtotal+0x1>
    1a5c:	a0 91 18 01 	lds	r26, 0x0118	; 0x800118 <tiempo_limtotal+0x2>
    1a60:	b0 91 19 01 	lds	r27, 0x0119	; 0x800119 <tiempo_limtotal+0x3>
    1a64:	80 31       	cpi	r24, 0x10	; 16
    1a66:	57 e2       	ldi	r21, 0x27	; 39
    1a68:	95 07       	cpc	r25, r21
    1a6a:	a1 05       	cpc	r26, r1
    1a6c:	b1 05       	cpc	r27, r1
    1a6e:	d8 f5       	brcc	.+118    	; 0x1ae6 <main+0xf82>
			{
				tiempo_limtotal++;
    1a70:	01 96       	adiw	r24, 0x01	; 1
    1a72:	a1 1d       	adc	r26, r1
    1a74:	b1 1d       	adc	r27, r1
    1a76:	80 93 16 01 	sts	0x0116, r24	; 0x800116 <tiempo_limtotal>
    1a7a:	90 93 17 01 	sts	0x0117, r25	; 0x800117 <tiempo_limtotal+0x1>
    1a7e:	a0 93 18 01 	sts	0x0118, r26	; 0x800118 <tiempo_limtotal+0x2>
    1a82:	b0 93 19 01 	sts	0x0119, r27	; 0x800119 <tiempo_limtotal+0x3>
				pres_npa=read_NPA700(NPA700_R);
    1a86:	81 e5       	ldi	r24, 0x51	; 81
    1a88:	0e 94 69 02 	call	0x4d2	; 0x4d2 <_Z11read_NPA700h>
    1a8c:	6b 01       	movw	r12, r22
    1a8e:	7c 01       	movw	r14, r24
				send_string("Z: ");
    1a90:	89 ed       	ldi	r24, 0xD9	; 217
    1a92:	91 e0       	ldi	r25, 0x01	; 1
    1a94:	0e 94 e4 00 	call	0x1c8	; 0x1c8 <_Z11send_stringPc>
				dtostrf(pres_npa,3,0,valor_m);
    1a98:	05 e4       	ldi	r16, 0x45	; 69
    1a9a:	15 e0       	ldi	r17, 0x05	; 5
    1a9c:	20 e0       	ldi	r18, 0x00	; 0
    1a9e:	43 e0       	ldi	r20, 0x03	; 3
    1aa0:	c7 01       	movw	r24, r14
    1aa2:	b6 01       	movw	r22, r12
    1aa4:	0e 94 f9 0f 	call	0x1ff2	; 0x1ff2 <dtostrf>
				send_string(valor_m);
    1aa8:	c8 01       	movw	r24, r16
    1aaa:	0e 94 e4 00 	call	0x1c8	; 0x1c8 <_Z11send_stringPc>
				send_string(", C: ");
    1aae:	8d ed       	ldi	r24, 0xDD	; 221
    1ab0:	91 e0       	ldi	r25, 0x01	; 1
    1ab2:	0e 94 e4 00 	call	0x1c8	; 0x1c8 <_Z11send_stringPc>
				dtostrf(tiempo_limtotal,3,0,valor_m);
    1ab6:	60 91 16 01 	lds	r22, 0x0116	; 0x800116 <tiempo_limtotal>
    1aba:	70 91 17 01 	lds	r23, 0x0117	; 0x800117 <tiempo_limtotal+0x1>
    1abe:	80 91 18 01 	lds	r24, 0x0118	; 0x800118 <tiempo_limtotal+0x2>
    1ac2:	90 91 19 01 	lds	r25, 0x0119	; 0x800119 <tiempo_limtotal+0x3>
    1ac6:	0e 94 d5 0e 	call	0x1daa	; 0x1daa <__floatunsisf>
    1aca:	20 e0       	ldi	r18, 0x00	; 0
    1acc:	43 e0       	ldi	r20, 0x03	; 3
    1ace:	0e 94 f9 0f 	call	0x1ff2	; 0x1ff2 <dtostrf>
				send_string(valor_m);
    1ad2:	c8 01       	movw	r24, r16
    1ad4:	0e 94 e4 00 	call	0x1c8	; 0x1c8 <_Z11send_stringPc>
				send_char('\n');
    1ad8:	8a e0       	ldi	r24, 0x0A	; 10
    1ada:	0e 94 dd 00 	call	0x1ba	; 0x1ba <_Z9send_charc>
				send_char('\r');
    1ade:	8d e0       	ldi	r24, 0x0D	; 13
    1ae0:	0e 94 dd 00 	call	0x1ba	; 0x1ba <_Z9send_charc>
				send_string(valor_m);
				send_char('\n');
				send_char('\r');
			}
			PORTB = 0x02;//0x03;	//activa  valvula
			while(tiempo_limtotal<10000)
    1ae4:	b7 cf       	rjmp	.-146    	; 0x1a54 <main+0xef0>
				dtostrf(tiempo_limtotal,3,0,valor_m);
				send_string(valor_m);
				send_char('\n');
				send_char('\r');
			}
			inicio_med=4;
    1ae6:	84 e0       	ldi	r24, 0x04	; 4
    1ae8:	80 93 a0 03 	sts	0x03A0, r24	; 0x8003a0 <inicio_med>
    1aec:	b5 c8       	rjmp	.-3734   	; 0xc58 <main+0xf4>
			//////////////////////////////////////
			
		}
		else if (inicio_med==6)
    1aee:	86 30       	cpi	r24, 0x06	; 6
    1af0:	09 f0       	breq	.+2      	; 0x1af4 <main+0xf90>
    1af2:	b2 c8       	rjmp	.-3740   	; 0xc58 <main+0xf4>
		{
			///////////////////////////////////////
			//PORTB = 0x03;//0x03;	//activa motor 1 y v?lvula
			//tiempo_limtotal=0;//90000
			//OCR0B=255;
			OCR0B=aux_ret_0;
    1af4:	80 91 98 03 	lds	r24, 0x0398	; 0x800398 <aux_ret_0>
    1af8:	88 bd       	out	0x28, r24	; 40
			pres_npa=read_NPA700(NPA700_R);
    1afa:	81 e5       	ldi	r24, 0x51	; 81
    1afc:	0e 94 69 02 	call	0x4d2	; 0x4d2 <_Z11read_NPA700h>
    1b00:	6b 01       	movw	r12, r22
    1b02:	7c 01       	movw	r14, r24
			send_string("P: ");
    1b04:	83 ee       	ldi	r24, 0xE3	; 227
    1b06:	91 e0       	ldi	r25, 0x01	; 1
    1b08:	0e 94 e4 00 	call	0x1c8	; 0x1c8 <_Z11send_stringPc>
			dtostrf(pres_npa,3,0,valor_m);
    1b0c:	05 e4       	ldi	r16, 0x45	; 69
    1b0e:	15 e0       	ldi	r17, 0x05	; 5
    1b10:	20 e0       	ldi	r18, 0x00	; 0
    1b12:	43 e0       	ldi	r20, 0x03	; 3
    1b14:	c7 01       	movw	r24, r14
    1b16:	b6 01       	movw	r22, r12
    1b18:	0e 94 f9 0f 	call	0x1ff2	; 0x1ff2 <dtostrf>
			send_string(valor_m);
    1b1c:	c8 01       	movw	r24, r16
    1b1e:	0e 94 e4 00 	call	0x1c8	; 0x1c8 <_Z11send_stringPc>
			send_string(", V: ");
    1b22:	87 ee       	ldi	r24, 0xE7	; 231
    1b24:	91 e0       	ldi	r25, 0x01	; 1
    1b26:	0e 94 e4 00 	call	0x1c8	; 0x1c8 <_Z11send_stringPc>
			dtostrf(aux_ret_0,3,0,valor_m);
    1b2a:	60 91 98 03 	lds	r22, 0x0398	; 0x800398 <aux_ret_0>
    1b2e:	70 e0       	ldi	r23, 0x00	; 0
    1b30:	80 e0       	ldi	r24, 0x00	; 0
    1b32:	90 e0       	ldi	r25, 0x00	; 0
    1b34:	0e 94 d5 0e 	call	0x1daa	; 0x1daa <__floatunsisf>
    1b38:	20 e0       	ldi	r18, 0x00	; 0
    1b3a:	43 e0       	ldi	r20, 0x03	; 3
    1b3c:	0e 94 f9 0f 	call	0x1ff2	; 0x1ff2 <dtostrf>
			send_string(valor_m);
    1b40:	c8 01       	movw	r24, r16
    1b42:	0e 94 e4 00 	call	0x1c8	; 0x1c8 <_Z11send_stringPc>
			send_char('\n');
    1b46:	8a e0       	ldi	r24, 0x0A	; 10
    1b48:	0e 94 dd 00 	call	0x1ba	; 0x1ba <_Z9send_charc>
			send_char('\r');
    1b4c:	8d e0       	ldi	r24, 0x0D	; 13
    1b4e:	0e 94 dd 00 	call	0x1ba	; 0x1ba <_Z9send_charc>
			if (pres_npa>120)
    1b52:	20 e0       	ldi	r18, 0x00	; 0
    1b54:	30 e0       	ldi	r19, 0x00	; 0
    1b56:	40 ef       	ldi	r20, 0xF0	; 240
    1b58:	52 e4       	ldi	r21, 0x42	; 66
    1b5a:	c7 01       	movw	r24, r14
    1b5c:	b6 01       	movw	r22, r12
    1b5e:	0e 94 87 0f 	call	0x1f0e	; 0x1f0e <__gesf2>
    1b62:	18 16       	cp	r1, r24
    1b64:	0c f0       	brlt	.+2      	; 0x1b68 <main+0x1004>
    1b66:	78 c8       	rjmp	.-3856   	; 0xc58 <main+0xf4>
			{
				send_string(", V: ");
    1b68:	87 ee       	ldi	r24, 0xE7	; 231
    1b6a:	91 e0       	ldi	r25, 0x01	; 1
    1b6c:	0e 94 e4 00 	call	0x1c8	; 0x1c8 <_Z11send_stringPc>
				PORTB = 0x02;//apagar motor
    1b70:	82 e0       	ldi	r24, 0x02	; 2
    1b72:	85 b9       	out	0x05, r24	; 5
    1b74:	71 c8       	rjmp	.-3870   	; 0xc58 <main+0xf4>

00001b76 <__subsf3>:
    1b76:	50 58       	subi	r21, 0x80	; 128

00001b78 <__addsf3>:
    1b78:	bb 27       	eor	r27, r27
    1b7a:	aa 27       	eor	r26, r26
    1b7c:	0e 94 d3 0d 	call	0x1ba6	; 0x1ba6 <__addsf3x>
    1b80:	0c 94 4d 0f 	jmp	0x1e9a	; 0x1e9a <__fp_round>
    1b84:	0e 94 3f 0f 	call	0x1e7e	; 0x1e7e <__fp_pscA>
    1b88:	38 f0       	brcs	.+14     	; 0x1b98 <__addsf3+0x20>
    1b8a:	0e 94 46 0f 	call	0x1e8c	; 0x1e8c <__fp_pscB>
    1b8e:	20 f0       	brcs	.+8      	; 0x1b98 <__addsf3+0x20>
    1b90:	39 f4       	brne	.+14     	; 0x1ba0 <__addsf3+0x28>
    1b92:	9f 3f       	cpi	r25, 0xFF	; 255
    1b94:	19 f4       	brne	.+6      	; 0x1b9c <__addsf3+0x24>
    1b96:	26 f4       	brtc	.+8      	; 0x1ba0 <__addsf3+0x28>
    1b98:	0c 94 3c 0f 	jmp	0x1e78	; 0x1e78 <__fp_nan>
    1b9c:	0e f4       	brtc	.+2      	; 0x1ba0 <__addsf3+0x28>
    1b9e:	e0 95       	com	r30
    1ba0:	e7 fb       	bst	r30, 7
    1ba2:	0c 94 36 0f 	jmp	0x1e6c	; 0x1e6c <__fp_inf>

00001ba6 <__addsf3x>:
    1ba6:	e9 2f       	mov	r30, r25
    1ba8:	0e 94 5e 0f 	call	0x1ebc	; 0x1ebc <__fp_split3>
    1bac:	58 f3       	brcs	.-42     	; 0x1b84 <__addsf3+0xc>
    1bae:	ba 17       	cp	r27, r26
    1bb0:	62 07       	cpc	r22, r18
    1bb2:	73 07       	cpc	r23, r19
    1bb4:	84 07       	cpc	r24, r20
    1bb6:	95 07       	cpc	r25, r21
    1bb8:	20 f0       	brcs	.+8      	; 0x1bc2 <__addsf3x+0x1c>
    1bba:	79 f4       	brne	.+30     	; 0x1bda <__addsf3x+0x34>
    1bbc:	a6 f5       	brtc	.+104    	; 0x1c26 <__addsf3x+0x80>
    1bbe:	0c 94 80 0f 	jmp	0x1f00	; 0x1f00 <__fp_zero>
    1bc2:	0e f4       	brtc	.+2      	; 0x1bc6 <__addsf3x+0x20>
    1bc4:	e0 95       	com	r30
    1bc6:	0b 2e       	mov	r0, r27
    1bc8:	ba 2f       	mov	r27, r26
    1bca:	a0 2d       	mov	r26, r0
    1bcc:	0b 01       	movw	r0, r22
    1bce:	b9 01       	movw	r22, r18
    1bd0:	90 01       	movw	r18, r0
    1bd2:	0c 01       	movw	r0, r24
    1bd4:	ca 01       	movw	r24, r20
    1bd6:	a0 01       	movw	r20, r0
    1bd8:	11 24       	eor	r1, r1
    1bda:	ff 27       	eor	r31, r31
    1bdc:	59 1b       	sub	r21, r25
    1bde:	99 f0       	breq	.+38     	; 0x1c06 <__addsf3x+0x60>
    1be0:	59 3f       	cpi	r21, 0xF9	; 249
    1be2:	50 f4       	brcc	.+20     	; 0x1bf8 <__addsf3x+0x52>
    1be4:	50 3e       	cpi	r21, 0xE0	; 224
    1be6:	68 f1       	brcs	.+90     	; 0x1c42 <__addsf3x+0x9c>
    1be8:	1a 16       	cp	r1, r26
    1bea:	f0 40       	sbci	r31, 0x00	; 0
    1bec:	a2 2f       	mov	r26, r18
    1bee:	23 2f       	mov	r18, r19
    1bf0:	34 2f       	mov	r19, r20
    1bf2:	44 27       	eor	r20, r20
    1bf4:	58 5f       	subi	r21, 0xF8	; 248
    1bf6:	f3 cf       	rjmp	.-26     	; 0x1bde <__addsf3x+0x38>
    1bf8:	46 95       	lsr	r20
    1bfa:	37 95       	ror	r19
    1bfc:	27 95       	ror	r18
    1bfe:	a7 95       	ror	r26
    1c00:	f0 40       	sbci	r31, 0x00	; 0
    1c02:	53 95       	inc	r21
    1c04:	c9 f7       	brne	.-14     	; 0x1bf8 <__addsf3x+0x52>
    1c06:	7e f4       	brtc	.+30     	; 0x1c26 <__addsf3x+0x80>
    1c08:	1f 16       	cp	r1, r31
    1c0a:	ba 0b       	sbc	r27, r26
    1c0c:	62 0b       	sbc	r22, r18
    1c0e:	73 0b       	sbc	r23, r19
    1c10:	84 0b       	sbc	r24, r20
    1c12:	ba f0       	brmi	.+46     	; 0x1c42 <__addsf3x+0x9c>
    1c14:	91 50       	subi	r25, 0x01	; 1
    1c16:	a1 f0       	breq	.+40     	; 0x1c40 <__addsf3x+0x9a>
    1c18:	ff 0f       	add	r31, r31
    1c1a:	bb 1f       	adc	r27, r27
    1c1c:	66 1f       	adc	r22, r22
    1c1e:	77 1f       	adc	r23, r23
    1c20:	88 1f       	adc	r24, r24
    1c22:	c2 f7       	brpl	.-16     	; 0x1c14 <__addsf3x+0x6e>
    1c24:	0e c0       	rjmp	.+28     	; 0x1c42 <__addsf3x+0x9c>
    1c26:	ba 0f       	add	r27, r26
    1c28:	62 1f       	adc	r22, r18
    1c2a:	73 1f       	adc	r23, r19
    1c2c:	84 1f       	adc	r24, r20
    1c2e:	48 f4       	brcc	.+18     	; 0x1c42 <__addsf3x+0x9c>
    1c30:	87 95       	ror	r24
    1c32:	77 95       	ror	r23
    1c34:	67 95       	ror	r22
    1c36:	b7 95       	ror	r27
    1c38:	f7 95       	ror	r31
    1c3a:	9e 3f       	cpi	r25, 0xFE	; 254
    1c3c:	08 f0       	brcs	.+2      	; 0x1c40 <__addsf3x+0x9a>
    1c3e:	b0 cf       	rjmp	.-160    	; 0x1ba0 <__addsf3+0x28>
    1c40:	93 95       	inc	r25
    1c42:	88 0f       	add	r24, r24
    1c44:	08 f0       	brcs	.+2      	; 0x1c48 <__addsf3x+0xa2>
    1c46:	99 27       	eor	r25, r25
    1c48:	ee 0f       	add	r30, r30
    1c4a:	97 95       	ror	r25
    1c4c:	87 95       	ror	r24
    1c4e:	08 95       	ret

00001c50 <__cmpsf2>:
    1c50:	0e 94 12 0f 	call	0x1e24	; 0x1e24 <__fp_cmp>
    1c54:	08 f4       	brcc	.+2      	; 0x1c58 <__cmpsf2+0x8>
    1c56:	81 e0       	ldi	r24, 0x01	; 1
    1c58:	08 95       	ret

00001c5a <__divsf3>:
    1c5a:	0e 94 41 0e 	call	0x1c82	; 0x1c82 <__divsf3x>
    1c5e:	0c 94 4d 0f 	jmp	0x1e9a	; 0x1e9a <__fp_round>
    1c62:	0e 94 46 0f 	call	0x1e8c	; 0x1e8c <__fp_pscB>
    1c66:	58 f0       	brcs	.+22     	; 0x1c7e <__divsf3+0x24>
    1c68:	0e 94 3f 0f 	call	0x1e7e	; 0x1e7e <__fp_pscA>
    1c6c:	40 f0       	brcs	.+16     	; 0x1c7e <__divsf3+0x24>
    1c6e:	29 f4       	brne	.+10     	; 0x1c7a <__divsf3+0x20>
    1c70:	5f 3f       	cpi	r21, 0xFF	; 255
    1c72:	29 f0       	breq	.+10     	; 0x1c7e <__divsf3+0x24>
    1c74:	0c 94 36 0f 	jmp	0x1e6c	; 0x1e6c <__fp_inf>
    1c78:	51 11       	cpse	r21, r1
    1c7a:	0c 94 81 0f 	jmp	0x1f02	; 0x1f02 <__fp_szero>
    1c7e:	0c 94 3c 0f 	jmp	0x1e78	; 0x1e78 <__fp_nan>

00001c82 <__divsf3x>:
    1c82:	0e 94 5e 0f 	call	0x1ebc	; 0x1ebc <__fp_split3>
    1c86:	68 f3       	brcs	.-38     	; 0x1c62 <__divsf3+0x8>

00001c88 <__divsf3_pse>:
    1c88:	99 23       	and	r25, r25
    1c8a:	b1 f3       	breq	.-20     	; 0x1c78 <__divsf3+0x1e>
    1c8c:	55 23       	and	r21, r21
    1c8e:	91 f3       	breq	.-28     	; 0x1c74 <__divsf3+0x1a>
    1c90:	95 1b       	sub	r25, r21
    1c92:	55 0b       	sbc	r21, r21
    1c94:	bb 27       	eor	r27, r27
    1c96:	aa 27       	eor	r26, r26
    1c98:	62 17       	cp	r22, r18
    1c9a:	73 07       	cpc	r23, r19
    1c9c:	84 07       	cpc	r24, r20
    1c9e:	38 f0       	brcs	.+14     	; 0x1cae <__divsf3_pse+0x26>
    1ca0:	9f 5f       	subi	r25, 0xFF	; 255
    1ca2:	5f 4f       	sbci	r21, 0xFF	; 255
    1ca4:	22 0f       	add	r18, r18
    1ca6:	33 1f       	adc	r19, r19
    1ca8:	44 1f       	adc	r20, r20
    1caa:	aa 1f       	adc	r26, r26
    1cac:	a9 f3       	breq	.-22     	; 0x1c98 <__divsf3_pse+0x10>
    1cae:	35 d0       	rcall	.+106    	; 0x1d1a <__divsf3_pse+0x92>
    1cb0:	0e 2e       	mov	r0, r30
    1cb2:	3a f0       	brmi	.+14     	; 0x1cc2 <__divsf3_pse+0x3a>
    1cb4:	e0 e8       	ldi	r30, 0x80	; 128
    1cb6:	32 d0       	rcall	.+100    	; 0x1d1c <__divsf3_pse+0x94>
    1cb8:	91 50       	subi	r25, 0x01	; 1
    1cba:	50 40       	sbci	r21, 0x00	; 0
    1cbc:	e6 95       	lsr	r30
    1cbe:	00 1c       	adc	r0, r0
    1cc0:	ca f7       	brpl	.-14     	; 0x1cb4 <__divsf3_pse+0x2c>
    1cc2:	2b d0       	rcall	.+86     	; 0x1d1a <__divsf3_pse+0x92>
    1cc4:	fe 2f       	mov	r31, r30
    1cc6:	29 d0       	rcall	.+82     	; 0x1d1a <__divsf3_pse+0x92>
    1cc8:	66 0f       	add	r22, r22
    1cca:	77 1f       	adc	r23, r23
    1ccc:	88 1f       	adc	r24, r24
    1cce:	bb 1f       	adc	r27, r27
    1cd0:	26 17       	cp	r18, r22
    1cd2:	37 07       	cpc	r19, r23
    1cd4:	48 07       	cpc	r20, r24
    1cd6:	ab 07       	cpc	r26, r27
    1cd8:	b0 e8       	ldi	r27, 0x80	; 128
    1cda:	09 f0       	breq	.+2      	; 0x1cde <__divsf3_pse+0x56>
    1cdc:	bb 0b       	sbc	r27, r27
    1cde:	80 2d       	mov	r24, r0
    1ce0:	bf 01       	movw	r22, r30
    1ce2:	ff 27       	eor	r31, r31
    1ce4:	93 58       	subi	r25, 0x83	; 131
    1ce6:	5f 4f       	sbci	r21, 0xFF	; 255
    1ce8:	3a f0       	brmi	.+14     	; 0x1cf8 <__divsf3_pse+0x70>
    1cea:	9e 3f       	cpi	r25, 0xFE	; 254
    1cec:	51 05       	cpc	r21, r1
    1cee:	78 f0       	brcs	.+30     	; 0x1d0e <__divsf3_pse+0x86>
    1cf0:	0c 94 36 0f 	jmp	0x1e6c	; 0x1e6c <__fp_inf>
    1cf4:	0c 94 81 0f 	jmp	0x1f02	; 0x1f02 <__fp_szero>
    1cf8:	5f 3f       	cpi	r21, 0xFF	; 255
    1cfa:	e4 f3       	brlt	.-8      	; 0x1cf4 <__divsf3_pse+0x6c>
    1cfc:	98 3e       	cpi	r25, 0xE8	; 232
    1cfe:	d4 f3       	brlt	.-12     	; 0x1cf4 <__divsf3_pse+0x6c>
    1d00:	86 95       	lsr	r24
    1d02:	77 95       	ror	r23
    1d04:	67 95       	ror	r22
    1d06:	b7 95       	ror	r27
    1d08:	f7 95       	ror	r31
    1d0a:	9f 5f       	subi	r25, 0xFF	; 255
    1d0c:	c9 f7       	brne	.-14     	; 0x1d00 <__divsf3_pse+0x78>
    1d0e:	88 0f       	add	r24, r24
    1d10:	91 1d       	adc	r25, r1
    1d12:	96 95       	lsr	r25
    1d14:	87 95       	ror	r24
    1d16:	97 f9       	bld	r25, 7
    1d18:	08 95       	ret
    1d1a:	e1 e0       	ldi	r30, 0x01	; 1
    1d1c:	66 0f       	add	r22, r22
    1d1e:	77 1f       	adc	r23, r23
    1d20:	88 1f       	adc	r24, r24
    1d22:	bb 1f       	adc	r27, r27
    1d24:	62 17       	cp	r22, r18
    1d26:	73 07       	cpc	r23, r19
    1d28:	84 07       	cpc	r24, r20
    1d2a:	ba 07       	cpc	r27, r26
    1d2c:	20 f0       	brcs	.+8      	; 0x1d36 <__divsf3_pse+0xae>
    1d2e:	62 1b       	sub	r22, r18
    1d30:	73 0b       	sbc	r23, r19
    1d32:	84 0b       	sbc	r24, r20
    1d34:	ba 0b       	sbc	r27, r26
    1d36:	ee 1f       	adc	r30, r30
    1d38:	88 f7       	brcc	.-30     	; 0x1d1c <__divsf3_pse+0x94>
    1d3a:	e0 95       	com	r30
    1d3c:	08 95       	ret

00001d3e <__fixsfsi>:
    1d3e:	0e 94 a6 0e 	call	0x1d4c	; 0x1d4c <__fixunssfsi>
    1d42:	68 94       	set
    1d44:	b1 11       	cpse	r27, r1
    1d46:	0c 94 81 0f 	jmp	0x1f02	; 0x1f02 <__fp_szero>
    1d4a:	08 95       	ret

00001d4c <__fixunssfsi>:
    1d4c:	0e 94 66 0f 	call	0x1ecc	; 0x1ecc <__fp_splitA>
    1d50:	88 f0       	brcs	.+34     	; 0x1d74 <__fixunssfsi+0x28>
    1d52:	9f 57       	subi	r25, 0x7F	; 127
    1d54:	98 f0       	brcs	.+38     	; 0x1d7c <__fixunssfsi+0x30>
    1d56:	b9 2f       	mov	r27, r25
    1d58:	99 27       	eor	r25, r25
    1d5a:	b7 51       	subi	r27, 0x17	; 23
    1d5c:	b0 f0       	brcs	.+44     	; 0x1d8a <__fixunssfsi+0x3e>
    1d5e:	e1 f0       	breq	.+56     	; 0x1d98 <__fixunssfsi+0x4c>
    1d60:	66 0f       	add	r22, r22
    1d62:	77 1f       	adc	r23, r23
    1d64:	88 1f       	adc	r24, r24
    1d66:	99 1f       	adc	r25, r25
    1d68:	1a f0       	brmi	.+6      	; 0x1d70 <__fixunssfsi+0x24>
    1d6a:	ba 95       	dec	r27
    1d6c:	c9 f7       	brne	.-14     	; 0x1d60 <__fixunssfsi+0x14>
    1d6e:	14 c0       	rjmp	.+40     	; 0x1d98 <__fixunssfsi+0x4c>
    1d70:	b1 30       	cpi	r27, 0x01	; 1
    1d72:	91 f0       	breq	.+36     	; 0x1d98 <__fixunssfsi+0x4c>
    1d74:	0e 94 80 0f 	call	0x1f00	; 0x1f00 <__fp_zero>
    1d78:	b1 e0       	ldi	r27, 0x01	; 1
    1d7a:	08 95       	ret
    1d7c:	0c 94 80 0f 	jmp	0x1f00	; 0x1f00 <__fp_zero>
    1d80:	67 2f       	mov	r22, r23
    1d82:	78 2f       	mov	r23, r24
    1d84:	88 27       	eor	r24, r24
    1d86:	b8 5f       	subi	r27, 0xF8	; 248
    1d88:	39 f0       	breq	.+14     	; 0x1d98 <__fixunssfsi+0x4c>
    1d8a:	b9 3f       	cpi	r27, 0xF9	; 249
    1d8c:	cc f3       	brlt	.-14     	; 0x1d80 <__fixunssfsi+0x34>
    1d8e:	86 95       	lsr	r24
    1d90:	77 95       	ror	r23
    1d92:	67 95       	ror	r22
    1d94:	b3 95       	inc	r27
    1d96:	d9 f7       	brne	.-10     	; 0x1d8e <__fixunssfsi+0x42>
    1d98:	3e f4       	brtc	.+14     	; 0x1da8 <__fixunssfsi+0x5c>
    1d9a:	90 95       	com	r25
    1d9c:	80 95       	com	r24
    1d9e:	70 95       	com	r23
    1da0:	61 95       	neg	r22
    1da2:	7f 4f       	sbci	r23, 0xFF	; 255
    1da4:	8f 4f       	sbci	r24, 0xFF	; 255
    1da6:	9f 4f       	sbci	r25, 0xFF	; 255
    1da8:	08 95       	ret

00001daa <__floatunsisf>:
    1daa:	e8 94       	clt
    1dac:	09 c0       	rjmp	.+18     	; 0x1dc0 <__floatsisf+0x12>

00001dae <__floatsisf>:
    1dae:	97 fb       	bst	r25, 7
    1db0:	3e f4       	brtc	.+14     	; 0x1dc0 <__floatsisf+0x12>
    1db2:	90 95       	com	r25
    1db4:	80 95       	com	r24
    1db6:	70 95       	com	r23
    1db8:	61 95       	neg	r22
    1dba:	7f 4f       	sbci	r23, 0xFF	; 255
    1dbc:	8f 4f       	sbci	r24, 0xFF	; 255
    1dbe:	9f 4f       	sbci	r25, 0xFF	; 255
    1dc0:	99 23       	and	r25, r25
    1dc2:	a9 f0       	breq	.+42     	; 0x1dee <__floatsisf+0x40>
    1dc4:	f9 2f       	mov	r31, r25
    1dc6:	96 e9       	ldi	r25, 0x96	; 150
    1dc8:	bb 27       	eor	r27, r27
    1dca:	93 95       	inc	r25
    1dcc:	f6 95       	lsr	r31
    1dce:	87 95       	ror	r24
    1dd0:	77 95       	ror	r23
    1dd2:	67 95       	ror	r22
    1dd4:	b7 95       	ror	r27
    1dd6:	f1 11       	cpse	r31, r1
    1dd8:	f8 cf       	rjmp	.-16     	; 0x1dca <__floatsisf+0x1c>
    1dda:	fa f4       	brpl	.+62     	; 0x1e1a <__floatsisf+0x6c>
    1ddc:	bb 0f       	add	r27, r27
    1dde:	11 f4       	brne	.+4      	; 0x1de4 <__floatsisf+0x36>
    1de0:	60 ff       	sbrs	r22, 0
    1de2:	1b c0       	rjmp	.+54     	; 0x1e1a <__floatsisf+0x6c>
    1de4:	6f 5f       	subi	r22, 0xFF	; 255
    1de6:	7f 4f       	sbci	r23, 0xFF	; 255
    1de8:	8f 4f       	sbci	r24, 0xFF	; 255
    1dea:	9f 4f       	sbci	r25, 0xFF	; 255
    1dec:	16 c0       	rjmp	.+44     	; 0x1e1a <__floatsisf+0x6c>
    1dee:	88 23       	and	r24, r24
    1df0:	11 f0       	breq	.+4      	; 0x1df6 <__floatsisf+0x48>
    1df2:	96 e9       	ldi	r25, 0x96	; 150
    1df4:	11 c0       	rjmp	.+34     	; 0x1e18 <__floatsisf+0x6a>
    1df6:	77 23       	and	r23, r23
    1df8:	21 f0       	breq	.+8      	; 0x1e02 <__floatsisf+0x54>
    1dfa:	9e e8       	ldi	r25, 0x8E	; 142
    1dfc:	87 2f       	mov	r24, r23
    1dfe:	76 2f       	mov	r23, r22
    1e00:	05 c0       	rjmp	.+10     	; 0x1e0c <__floatsisf+0x5e>
    1e02:	66 23       	and	r22, r22
    1e04:	71 f0       	breq	.+28     	; 0x1e22 <__floatsisf+0x74>
    1e06:	96 e8       	ldi	r25, 0x86	; 134
    1e08:	86 2f       	mov	r24, r22
    1e0a:	70 e0       	ldi	r23, 0x00	; 0
    1e0c:	60 e0       	ldi	r22, 0x00	; 0
    1e0e:	2a f0       	brmi	.+10     	; 0x1e1a <__floatsisf+0x6c>
    1e10:	9a 95       	dec	r25
    1e12:	66 0f       	add	r22, r22
    1e14:	77 1f       	adc	r23, r23
    1e16:	88 1f       	adc	r24, r24
    1e18:	da f7       	brpl	.-10     	; 0x1e10 <__floatsisf+0x62>
    1e1a:	88 0f       	add	r24, r24
    1e1c:	96 95       	lsr	r25
    1e1e:	87 95       	ror	r24
    1e20:	97 f9       	bld	r25, 7
    1e22:	08 95       	ret

00001e24 <__fp_cmp>:
    1e24:	99 0f       	add	r25, r25
    1e26:	00 08       	sbc	r0, r0
    1e28:	55 0f       	add	r21, r21
    1e2a:	aa 0b       	sbc	r26, r26
    1e2c:	e0 e8       	ldi	r30, 0x80	; 128
    1e2e:	fe ef       	ldi	r31, 0xFE	; 254
    1e30:	16 16       	cp	r1, r22
    1e32:	17 06       	cpc	r1, r23
    1e34:	e8 07       	cpc	r30, r24
    1e36:	f9 07       	cpc	r31, r25
    1e38:	c0 f0       	brcs	.+48     	; 0x1e6a <__fp_cmp+0x46>
    1e3a:	12 16       	cp	r1, r18
    1e3c:	13 06       	cpc	r1, r19
    1e3e:	e4 07       	cpc	r30, r20
    1e40:	f5 07       	cpc	r31, r21
    1e42:	98 f0       	brcs	.+38     	; 0x1e6a <__fp_cmp+0x46>
    1e44:	62 1b       	sub	r22, r18
    1e46:	73 0b       	sbc	r23, r19
    1e48:	84 0b       	sbc	r24, r20
    1e4a:	95 0b       	sbc	r25, r21
    1e4c:	39 f4       	brne	.+14     	; 0x1e5c <__fp_cmp+0x38>
    1e4e:	0a 26       	eor	r0, r26
    1e50:	61 f0       	breq	.+24     	; 0x1e6a <__fp_cmp+0x46>
    1e52:	23 2b       	or	r18, r19
    1e54:	24 2b       	or	r18, r20
    1e56:	25 2b       	or	r18, r21
    1e58:	21 f4       	brne	.+8      	; 0x1e62 <__fp_cmp+0x3e>
    1e5a:	08 95       	ret
    1e5c:	0a 26       	eor	r0, r26
    1e5e:	09 f4       	brne	.+2      	; 0x1e62 <__fp_cmp+0x3e>
    1e60:	a1 40       	sbci	r26, 0x01	; 1
    1e62:	a6 95       	lsr	r26
    1e64:	8f ef       	ldi	r24, 0xFF	; 255
    1e66:	81 1d       	adc	r24, r1
    1e68:	81 1d       	adc	r24, r1
    1e6a:	08 95       	ret

00001e6c <__fp_inf>:
    1e6c:	97 f9       	bld	r25, 7
    1e6e:	9f 67       	ori	r25, 0x7F	; 127
    1e70:	80 e8       	ldi	r24, 0x80	; 128
    1e72:	70 e0       	ldi	r23, 0x00	; 0
    1e74:	60 e0       	ldi	r22, 0x00	; 0
    1e76:	08 95       	ret

00001e78 <__fp_nan>:
    1e78:	9f ef       	ldi	r25, 0xFF	; 255
    1e7a:	80 ec       	ldi	r24, 0xC0	; 192
    1e7c:	08 95       	ret

00001e7e <__fp_pscA>:
    1e7e:	00 24       	eor	r0, r0
    1e80:	0a 94       	dec	r0
    1e82:	16 16       	cp	r1, r22
    1e84:	17 06       	cpc	r1, r23
    1e86:	18 06       	cpc	r1, r24
    1e88:	09 06       	cpc	r0, r25
    1e8a:	08 95       	ret

00001e8c <__fp_pscB>:
    1e8c:	00 24       	eor	r0, r0
    1e8e:	0a 94       	dec	r0
    1e90:	12 16       	cp	r1, r18
    1e92:	13 06       	cpc	r1, r19
    1e94:	14 06       	cpc	r1, r20
    1e96:	05 06       	cpc	r0, r21
    1e98:	08 95       	ret

00001e9a <__fp_round>:
    1e9a:	09 2e       	mov	r0, r25
    1e9c:	03 94       	inc	r0
    1e9e:	00 0c       	add	r0, r0
    1ea0:	11 f4       	brne	.+4      	; 0x1ea6 <__fp_round+0xc>
    1ea2:	88 23       	and	r24, r24
    1ea4:	52 f0       	brmi	.+20     	; 0x1eba <__fp_round+0x20>
    1ea6:	bb 0f       	add	r27, r27
    1ea8:	40 f4       	brcc	.+16     	; 0x1eba <__fp_round+0x20>
    1eaa:	bf 2b       	or	r27, r31
    1eac:	11 f4       	brne	.+4      	; 0x1eb2 <__fp_round+0x18>
    1eae:	60 ff       	sbrs	r22, 0
    1eb0:	04 c0       	rjmp	.+8      	; 0x1eba <__fp_round+0x20>
    1eb2:	6f 5f       	subi	r22, 0xFF	; 255
    1eb4:	7f 4f       	sbci	r23, 0xFF	; 255
    1eb6:	8f 4f       	sbci	r24, 0xFF	; 255
    1eb8:	9f 4f       	sbci	r25, 0xFF	; 255
    1eba:	08 95       	ret

00001ebc <__fp_split3>:
    1ebc:	57 fd       	sbrc	r21, 7
    1ebe:	90 58       	subi	r25, 0x80	; 128
    1ec0:	44 0f       	add	r20, r20
    1ec2:	55 1f       	adc	r21, r21
    1ec4:	59 f0       	breq	.+22     	; 0x1edc <__fp_splitA+0x10>
    1ec6:	5f 3f       	cpi	r21, 0xFF	; 255
    1ec8:	71 f0       	breq	.+28     	; 0x1ee6 <__fp_splitA+0x1a>
    1eca:	47 95       	ror	r20

00001ecc <__fp_splitA>:
    1ecc:	88 0f       	add	r24, r24
    1ece:	97 fb       	bst	r25, 7
    1ed0:	99 1f       	adc	r25, r25
    1ed2:	61 f0       	breq	.+24     	; 0x1eec <__fp_splitA+0x20>
    1ed4:	9f 3f       	cpi	r25, 0xFF	; 255
    1ed6:	79 f0       	breq	.+30     	; 0x1ef6 <__fp_splitA+0x2a>
    1ed8:	87 95       	ror	r24
    1eda:	08 95       	ret
    1edc:	12 16       	cp	r1, r18
    1ede:	13 06       	cpc	r1, r19
    1ee0:	14 06       	cpc	r1, r20
    1ee2:	55 1f       	adc	r21, r21
    1ee4:	f2 cf       	rjmp	.-28     	; 0x1eca <__fp_split3+0xe>
    1ee6:	46 95       	lsr	r20
    1ee8:	f1 df       	rcall	.-30     	; 0x1ecc <__fp_splitA>
    1eea:	08 c0       	rjmp	.+16     	; 0x1efc <__fp_splitA+0x30>
    1eec:	16 16       	cp	r1, r22
    1eee:	17 06       	cpc	r1, r23
    1ef0:	18 06       	cpc	r1, r24
    1ef2:	99 1f       	adc	r25, r25
    1ef4:	f1 cf       	rjmp	.-30     	; 0x1ed8 <__fp_splitA+0xc>
    1ef6:	86 95       	lsr	r24
    1ef8:	71 05       	cpc	r23, r1
    1efa:	61 05       	cpc	r22, r1
    1efc:	08 94       	sec
    1efe:	08 95       	ret

00001f00 <__fp_zero>:
    1f00:	e8 94       	clt

00001f02 <__fp_szero>:
    1f02:	bb 27       	eor	r27, r27
    1f04:	66 27       	eor	r22, r22
    1f06:	77 27       	eor	r23, r23
    1f08:	cb 01       	movw	r24, r22
    1f0a:	97 f9       	bld	r25, 7
    1f0c:	08 95       	ret

00001f0e <__gesf2>:
    1f0e:	0e 94 12 0f 	call	0x1e24	; 0x1e24 <__fp_cmp>
    1f12:	08 f4       	brcc	.+2      	; 0x1f16 <__gesf2+0x8>
    1f14:	8f ef       	ldi	r24, 0xFF	; 255
    1f16:	08 95       	ret

00001f18 <__mulsf3>:
    1f18:	0e 94 9f 0f 	call	0x1f3e	; 0x1f3e <__mulsf3x>
    1f1c:	0c 94 4d 0f 	jmp	0x1e9a	; 0x1e9a <__fp_round>
    1f20:	0e 94 3f 0f 	call	0x1e7e	; 0x1e7e <__fp_pscA>
    1f24:	38 f0       	brcs	.+14     	; 0x1f34 <__mulsf3+0x1c>
    1f26:	0e 94 46 0f 	call	0x1e8c	; 0x1e8c <__fp_pscB>
    1f2a:	20 f0       	brcs	.+8      	; 0x1f34 <__mulsf3+0x1c>
    1f2c:	95 23       	and	r25, r21
    1f2e:	11 f0       	breq	.+4      	; 0x1f34 <__mulsf3+0x1c>
    1f30:	0c 94 36 0f 	jmp	0x1e6c	; 0x1e6c <__fp_inf>
    1f34:	0c 94 3c 0f 	jmp	0x1e78	; 0x1e78 <__fp_nan>
    1f38:	11 24       	eor	r1, r1
    1f3a:	0c 94 81 0f 	jmp	0x1f02	; 0x1f02 <__fp_szero>

00001f3e <__mulsf3x>:
    1f3e:	0e 94 5e 0f 	call	0x1ebc	; 0x1ebc <__fp_split3>
    1f42:	70 f3       	brcs	.-36     	; 0x1f20 <__mulsf3+0x8>

00001f44 <__mulsf3_pse>:
    1f44:	95 9f       	mul	r25, r21
    1f46:	c1 f3       	breq	.-16     	; 0x1f38 <__mulsf3+0x20>
    1f48:	95 0f       	add	r25, r21
    1f4a:	50 e0       	ldi	r21, 0x00	; 0
    1f4c:	55 1f       	adc	r21, r21
    1f4e:	62 9f       	mul	r22, r18
    1f50:	f0 01       	movw	r30, r0
    1f52:	72 9f       	mul	r23, r18
    1f54:	bb 27       	eor	r27, r27
    1f56:	f0 0d       	add	r31, r0
    1f58:	b1 1d       	adc	r27, r1
    1f5a:	63 9f       	mul	r22, r19
    1f5c:	aa 27       	eor	r26, r26
    1f5e:	f0 0d       	add	r31, r0
    1f60:	b1 1d       	adc	r27, r1
    1f62:	aa 1f       	adc	r26, r26
    1f64:	64 9f       	mul	r22, r20
    1f66:	66 27       	eor	r22, r22
    1f68:	b0 0d       	add	r27, r0
    1f6a:	a1 1d       	adc	r26, r1
    1f6c:	66 1f       	adc	r22, r22
    1f6e:	82 9f       	mul	r24, r18
    1f70:	22 27       	eor	r18, r18
    1f72:	b0 0d       	add	r27, r0
    1f74:	a1 1d       	adc	r26, r1
    1f76:	62 1f       	adc	r22, r18
    1f78:	73 9f       	mul	r23, r19
    1f7a:	b0 0d       	add	r27, r0
    1f7c:	a1 1d       	adc	r26, r1
    1f7e:	62 1f       	adc	r22, r18
    1f80:	83 9f       	mul	r24, r19
    1f82:	a0 0d       	add	r26, r0
    1f84:	61 1d       	adc	r22, r1
    1f86:	22 1f       	adc	r18, r18
    1f88:	74 9f       	mul	r23, r20
    1f8a:	33 27       	eor	r19, r19
    1f8c:	a0 0d       	add	r26, r0
    1f8e:	61 1d       	adc	r22, r1
    1f90:	23 1f       	adc	r18, r19
    1f92:	84 9f       	mul	r24, r20
    1f94:	60 0d       	add	r22, r0
    1f96:	21 1d       	adc	r18, r1
    1f98:	82 2f       	mov	r24, r18
    1f9a:	76 2f       	mov	r23, r22
    1f9c:	6a 2f       	mov	r22, r26
    1f9e:	11 24       	eor	r1, r1
    1fa0:	9f 57       	subi	r25, 0x7F	; 127
    1fa2:	50 40       	sbci	r21, 0x00	; 0
    1fa4:	9a f0       	brmi	.+38     	; 0x1fcc <__mulsf3_pse+0x88>
    1fa6:	f1 f0       	breq	.+60     	; 0x1fe4 <__mulsf3_pse+0xa0>
    1fa8:	88 23       	and	r24, r24
    1faa:	4a f0       	brmi	.+18     	; 0x1fbe <__mulsf3_pse+0x7a>
    1fac:	ee 0f       	add	r30, r30
    1fae:	ff 1f       	adc	r31, r31
    1fb0:	bb 1f       	adc	r27, r27
    1fb2:	66 1f       	adc	r22, r22
    1fb4:	77 1f       	adc	r23, r23
    1fb6:	88 1f       	adc	r24, r24
    1fb8:	91 50       	subi	r25, 0x01	; 1
    1fba:	50 40       	sbci	r21, 0x00	; 0
    1fbc:	a9 f7       	brne	.-22     	; 0x1fa8 <__mulsf3_pse+0x64>
    1fbe:	9e 3f       	cpi	r25, 0xFE	; 254
    1fc0:	51 05       	cpc	r21, r1
    1fc2:	80 f0       	brcs	.+32     	; 0x1fe4 <__mulsf3_pse+0xa0>
    1fc4:	0c 94 36 0f 	jmp	0x1e6c	; 0x1e6c <__fp_inf>
    1fc8:	0c 94 81 0f 	jmp	0x1f02	; 0x1f02 <__fp_szero>
    1fcc:	5f 3f       	cpi	r21, 0xFF	; 255
    1fce:	e4 f3       	brlt	.-8      	; 0x1fc8 <__mulsf3_pse+0x84>
    1fd0:	98 3e       	cpi	r25, 0xE8	; 232
    1fd2:	d4 f3       	brlt	.-12     	; 0x1fc8 <__mulsf3_pse+0x84>
    1fd4:	86 95       	lsr	r24
    1fd6:	77 95       	ror	r23
    1fd8:	67 95       	ror	r22
    1fda:	b7 95       	ror	r27
    1fdc:	f7 95       	ror	r31
    1fde:	e7 95       	ror	r30
    1fe0:	9f 5f       	subi	r25, 0xFF	; 255
    1fe2:	c1 f7       	brne	.-16     	; 0x1fd4 <__mulsf3_pse+0x90>
    1fe4:	fe 2b       	or	r31, r30
    1fe6:	88 0f       	add	r24, r24
    1fe8:	91 1d       	adc	r25, r1
    1fea:	96 95       	lsr	r25
    1fec:	87 95       	ror	r24
    1fee:	97 f9       	bld	r25, 7
    1ff0:	08 95       	ret

00001ff2 <dtostrf>:
    1ff2:	ef 92       	push	r14
    1ff4:	0f 93       	push	r16
    1ff6:	1f 93       	push	r17
    1ff8:	cf 93       	push	r28
    1ffa:	df 93       	push	r29
    1ffc:	e8 01       	movw	r28, r16
    1ffe:	47 fd       	sbrc	r20, 7
    2000:	02 c0       	rjmp	.+4      	; 0x2006 <dtostrf+0x14>
    2002:	34 e0       	ldi	r19, 0x04	; 4
    2004:	01 c0       	rjmp	.+2      	; 0x2008 <dtostrf+0x16>
    2006:	34 e1       	ldi	r19, 0x14	; 20
    2008:	04 2e       	mov	r0, r20
    200a:	00 0c       	add	r0, r0
    200c:	55 0b       	sbc	r21, r21
    200e:	57 ff       	sbrs	r21, 7
    2010:	03 c0       	rjmp	.+6      	; 0x2018 <dtostrf+0x26>
    2012:	51 95       	neg	r21
    2014:	41 95       	neg	r20
    2016:	51 09       	sbc	r21, r1
    2018:	e3 2e       	mov	r14, r19
    201a:	02 2f       	mov	r16, r18
    201c:	24 2f       	mov	r18, r20
    201e:	ae 01       	movw	r20, r28
    2020:	0e 94 19 10 	call	0x2032	; 0x2032 <dtoa_prf>
    2024:	ce 01       	movw	r24, r28
    2026:	df 91       	pop	r29
    2028:	cf 91       	pop	r28
    202a:	1f 91       	pop	r17
    202c:	0f 91       	pop	r16
    202e:	ef 90       	pop	r14
    2030:	08 95       	ret

00002032 <dtoa_prf>:
    2032:	a9 e0       	ldi	r26, 0x09	; 9
    2034:	b0 e0       	ldi	r27, 0x00	; 0
    2036:	ef e1       	ldi	r30, 0x1F	; 31
    2038:	f0 e1       	ldi	r31, 0x10	; 16
    203a:	0c 94 51 12 	jmp	0x24a2	; 0x24a2 <__prologue_saves__+0xc>
    203e:	6a 01       	movw	r12, r20
    2040:	12 2f       	mov	r17, r18
    2042:	b0 2e       	mov	r11, r16
    2044:	2b e3       	ldi	r18, 0x3B	; 59
    2046:	20 17       	cp	r18, r16
    2048:	20 f0       	brcs	.+8      	; 0x2052 <dtoa_prf+0x20>
    204a:	ff 24       	eor	r15, r15
    204c:	f3 94       	inc	r15
    204e:	f0 0e       	add	r15, r16
    2050:	02 c0       	rjmp	.+4      	; 0x2056 <dtoa_prf+0x24>
    2052:	2c e3       	ldi	r18, 0x3C	; 60
    2054:	f2 2e       	mov	r15, r18
    2056:	0f 2d       	mov	r16, r15
    2058:	27 e0       	ldi	r18, 0x07	; 7
    205a:	ae 01       	movw	r20, r28
    205c:	4f 5f       	subi	r20, 0xFF	; 255
    205e:	5f 4f       	sbci	r21, 0xFF	; 255
    2060:	0e 94 73 11 	call	0x22e6	; 0x22e6 <__ftoa_engine>
    2064:	bc 01       	movw	r22, r24
    2066:	49 81       	ldd	r20, Y+1	; 0x01
    2068:	84 2f       	mov	r24, r20
    206a:	89 70       	andi	r24, 0x09	; 9
    206c:	81 30       	cpi	r24, 0x01	; 1
    206e:	31 f0       	breq	.+12     	; 0x207c <dtoa_prf+0x4a>
    2070:	e1 fc       	sbrc	r14, 1
    2072:	06 c0       	rjmp	.+12     	; 0x2080 <dtoa_prf+0x4e>
    2074:	e0 fe       	sbrs	r14, 0
    2076:	06 c0       	rjmp	.+12     	; 0x2084 <dtoa_prf+0x52>
    2078:	90 e2       	ldi	r25, 0x20	; 32
    207a:	05 c0       	rjmp	.+10     	; 0x2086 <dtoa_prf+0x54>
    207c:	9d e2       	ldi	r25, 0x2D	; 45
    207e:	03 c0       	rjmp	.+6      	; 0x2086 <dtoa_prf+0x54>
    2080:	9b e2       	ldi	r25, 0x2B	; 43
    2082:	01 c0       	rjmp	.+2      	; 0x2086 <dtoa_prf+0x54>
    2084:	90 e0       	ldi	r25, 0x00	; 0
    2086:	5e 2d       	mov	r21, r14
    2088:	50 71       	andi	r21, 0x10	; 16
    208a:	43 ff       	sbrs	r20, 3
    208c:	3c c0       	rjmp	.+120    	; 0x2106 <dtoa_prf+0xd4>
    208e:	91 11       	cpse	r25, r1
    2090:	02 c0       	rjmp	.+4      	; 0x2096 <dtoa_prf+0x64>
    2092:	83 e0       	ldi	r24, 0x03	; 3
    2094:	01 c0       	rjmp	.+2      	; 0x2098 <dtoa_prf+0x66>
    2096:	84 e0       	ldi	r24, 0x04	; 4
    2098:	81 17       	cp	r24, r17
    209a:	18 f4       	brcc	.+6      	; 0x20a2 <dtoa_prf+0x70>
    209c:	21 2f       	mov	r18, r17
    209e:	28 1b       	sub	r18, r24
    20a0:	01 c0       	rjmp	.+2      	; 0x20a4 <dtoa_prf+0x72>
    20a2:	20 e0       	ldi	r18, 0x00	; 0
    20a4:	51 11       	cpse	r21, r1
    20a6:	0b c0       	rjmp	.+22     	; 0x20be <dtoa_prf+0x8c>
    20a8:	f6 01       	movw	r30, r12
    20aa:	82 2f       	mov	r24, r18
    20ac:	30 e2       	ldi	r19, 0x20	; 32
    20ae:	88 23       	and	r24, r24
    20b0:	19 f0       	breq	.+6      	; 0x20b8 <dtoa_prf+0x86>
    20b2:	31 93       	st	Z+, r19
    20b4:	81 50       	subi	r24, 0x01	; 1
    20b6:	fb cf       	rjmp	.-10     	; 0x20ae <dtoa_prf+0x7c>
    20b8:	c2 0e       	add	r12, r18
    20ba:	d1 1c       	adc	r13, r1
    20bc:	20 e0       	ldi	r18, 0x00	; 0
    20be:	99 23       	and	r25, r25
    20c0:	29 f0       	breq	.+10     	; 0x20cc <dtoa_prf+0x9a>
    20c2:	d6 01       	movw	r26, r12
    20c4:	9c 93       	st	X, r25
    20c6:	f6 01       	movw	r30, r12
    20c8:	31 96       	adiw	r30, 0x01	; 1
    20ca:	6f 01       	movw	r12, r30
    20cc:	c6 01       	movw	r24, r12
    20ce:	03 96       	adiw	r24, 0x03	; 3
    20d0:	e2 fe       	sbrs	r14, 2
    20d2:	0a c0       	rjmp	.+20     	; 0x20e8 <dtoa_prf+0xb6>
    20d4:	3e e4       	ldi	r19, 0x4E	; 78
    20d6:	d6 01       	movw	r26, r12
    20d8:	3c 93       	st	X, r19
    20da:	41 e4       	ldi	r20, 0x41	; 65
    20dc:	11 96       	adiw	r26, 0x01	; 1
    20de:	4c 93       	st	X, r20
    20e0:	11 97       	sbiw	r26, 0x01	; 1
    20e2:	12 96       	adiw	r26, 0x02	; 2
    20e4:	3c 93       	st	X, r19
    20e6:	06 c0       	rjmp	.+12     	; 0x20f4 <dtoa_prf+0xc2>
    20e8:	3e e6       	ldi	r19, 0x6E	; 110
    20ea:	f6 01       	movw	r30, r12
    20ec:	30 83       	st	Z, r19
    20ee:	41 e6       	ldi	r20, 0x61	; 97
    20f0:	41 83       	std	Z+1, r20	; 0x01
    20f2:	32 83       	std	Z+2, r19	; 0x02
    20f4:	fc 01       	movw	r30, r24
    20f6:	32 2f       	mov	r19, r18
    20f8:	40 e2       	ldi	r20, 0x20	; 32
    20fa:	33 23       	and	r19, r19
    20fc:	09 f4       	brne	.+2      	; 0x2100 <dtoa_prf+0xce>
    20fe:	42 c0       	rjmp	.+132    	; 0x2184 <dtoa_prf+0x152>
    2100:	41 93       	st	Z+, r20
    2102:	31 50       	subi	r19, 0x01	; 1
    2104:	fa cf       	rjmp	.-12     	; 0x20fa <dtoa_prf+0xc8>
    2106:	42 ff       	sbrs	r20, 2
    2108:	44 c0       	rjmp	.+136    	; 0x2192 <dtoa_prf+0x160>
    210a:	91 11       	cpse	r25, r1
    210c:	02 c0       	rjmp	.+4      	; 0x2112 <dtoa_prf+0xe0>
    210e:	83 e0       	ldi	r24, 0x03	; 3
    2110:	01 c0       	rjmp	.+2      	; 0x2114 <dtoa_prf+0xe2>
    2112:	84 e0       	ldi	r24, 0x04	; 4
    2114:	81 17       	cp	r24, r17
    2116:	18 f4       	brcc	.+6      	; 0x211e <dtoa_prf+0xec>
    2118:	21 2f       	mov	r18, r17
    211a:	28 1b       	sub	r18, r24
    211c:	01 c0       	rjmp	.+2      	; 0x2120 <dtoa_prf+0xee>
    211e:	20 e0       	ldi	r18, 0x00	; 0
    2120:	51 11       	cpse	r21, r1
    2122:	0b c0       	rjmp	.+22     	; 0x213a <dtoa_prf+0x108>
    2124:	f6 01       	movw	r30, r12
    2126:	82 2f       	mov	r24, r18
    2128:	30 e2       	ldi	r19, 0x20	; 32
    212a:	88 23       	and	r24, r24
    212c:	19 f0       	breq	.+6      	; 0x2134 <dtoa_prf+0x102>
    212e:	31 93       	st	Z+, r19
    2130:	81 50       	subi	r24, 0x01	; 1
    2132:	fb cf       	rjmp	.-10     	; 0x212a <dtoa_prf+0xf8>
    2134:	c2 0e       	add	r12, r18
    2136:	d1 1c       	adc	r13, r1
    2138:	20 e0       	ldi	r18, 0x00	; 0
    213a:	99 23       	and	r25, r25
    213c:	29 f0       	breq	.+10     	; 0x2148 <dtoa_prf+0x116>
    213e:	d6 01       	movw	r26, r12
    2140:	9c 93       	st	X, r25
    2142:	f6 01       	movw	r30, r12
    2144:	31 96       	adiw	r30, 0x01	; 1
    2146:	6f 01       	movw	r12, r30
    2148:	c6 01       	movw	r24, r12
    214a:	03 96       	adiw	r24, 0x03	; 3
    214c:	e2 fe       	sbrs	r14, 2
    214e:	0b c0       	rjmp	.+22     	; 0x2166 <dtoa_prf+0x134>
    2150:	39 e4       	ldi	r19, 0x49	; 73
    2152:	d6 01       	movw	r26, r12
    2154:	3c 93       	st	X, r19
    2156:	3e e4       	ldi	r19, 0x4E	; 78
    2158:	11 96       	adiw	r26, 0x01	; 1
    215a:	3c 93       	st	X, r19
    215c:	11 97       	sbiw	r26, 0x01	; 1
    215e:	36 e4       	ldi	r19, 0x46	; 70
    2160:	12 96       	adiw	r26, 0x02	; 2
    2162:	3c 93       	st	X, r19
    2164:	07 c0       	rjmp	.+14     	; 0x2174 <dtoa_prf+0x142>
    2166:	39 e6       	ldi	r19, 0x69	; 105
    2168:	f6 01       	movw	r30, r12
    216a:	30 83       	st	Z, r19
    216c:	3e e6       	ldi	r19, 0x6E	; 110
    216e:	31 83       	std	Z+1, r19	; 0x01
    2170:	36 e6       	ldi	r19, 0x66	; 102
    2172:	32 83       	std	Z+2, r19	; 0x02
    2174:	fc 01       	movw	r30, r24
    2176:	32 2f       	mov	r19, r18
    2178:	40 e2       	ldi	r20, 0x20	; 32
    217a:	33 23       	and	r19, r19
    217c:	19 f0       	breq	.+6      	; 0x2184 <dtoa_prf+0x152>
    217e:	41 93       	st	Z+, r20
    2180:	31 50       	subi	r19, 0x01	; 1
    2182:	fb cf       	rjmp	.-10     	; 0x217a <dtoa_prf+0x148>
    2184:	fc 01       	movw	r30, r24
    2186:	e2 0f       	add	r30, r18
    2188:	f1 1d       	adc	r31, r1
    218a:	10 82       	st	Z, r1
    218c:	8e ef       	ldi	r24, 0xFE	; 254
    218e:	9f ef       	ldi	r25, 0xFF	; 255
    2190:	a6 c0       	rjmp	.+332    	; 0x22de <dtoa_prf+0x2ac>
    2192:	21 e0       	ldi	r18, 0x01	; 1
    2194:	30 e0       	ldi	r19, 0x00	; 0
    2196:	91 11       	cpse	r25, r1
    2198:	02 c0       	rjmp	.+4      	; 0x219e <dtoa_prf+0x16c>
    219a:	20 e0       	ldi	r18, 0x00	; 0
    219c:	30 e0       	ldi	r19, 0x00	; 0
    219e:	16 16       	cp	r1, r22
    21a0:	17 06       	cpc	r1, r23
    21a2:	1c f4       	brge	.+6      	; 0x21aa <dtoa_prf+0x178>
    21a4:	fb 01       	movw	r30, r22
    21a6:	31 96       	adiw	r30, 0x01	; 1
    21a8:	02 c0       	rjmp	.+4      	; 0x21ae <dtoa_prf+0x17c>
    21aa:	e1 e0       	ldi	r30, 0x01	; 1
    21ac:	f0 e0       	ldi	r31, 0x00	; 0
    21ae:	2e 0f       	add	r18, r30
    21b0:	3f 1f       	adc	r19, r31
    21b2:	bb 20       	and	r11, r11
    21b4:	21 f0       	breq	.+8      	; 0x21be <dtoa_prf+0x18c>
    21b6:	eb 2d       	mov	r30, r11
    21b8:	f0 e0       	ldi	r31, 0x00	; 0
    21ba:	31 96       	adiw	r30, 0x01	; 1
    21bc:	02 c0       	rjmp	.+4      	; 0x21c2 <dtoa_prf+0x190>
    21be:	e0 e0       	ldi	r30, 0x00	; 0
    21c0:	f0 e0       	ldi	r31, 0x00	; 0
    21c2:	2e 0f       	add	r18, r30
    21c4:	3f 1f       	adc	r19, r31
    21c6:	e1 2f       	mov	r30, r17
    21c8:	f0 e0       	ldi	r31, 0x00	; 0
    21ca:	2e 17       	cp	r18, r30
    21cc:	3f 07       	cpc	r19, r31
    21ce:	1c f4       	brge	.+6      	; 0x21d6 <dtoa_prf+0x1a4>
    21d0:	12 1b       	sub	r17, r18
    21d2:	21 2f       	mov	r18, r17
    21d4:	01 c0       	rjmp	.+2      	; 0x21d8 <dtoa_prf+0x1a6>
    21d6:	20 e0       	ldi	r18, 0x00	; 0
    21d8:	8e 2d       	mov	r24, r14
    21da:	88 71       	andi	r24, 0x18	; 24
    21dc:	59 f4       	brne	.+22     	; 0x21f4 <dtoa_prf+0x1c2>
    21de:	f6 01       	movw	r30, r12
    21e0:	82 2f       	mov	r24, r18
    21e2:	30 e2       	ldi	r19, 0x20	; 32
    21e4:	88 23       	and	r24, r24
    21e6:	19 f0       	breq	.+6      	; 0x21ee <dtoa_prf+0x1bc>
    21e8:	31 93       	st	Z+, r19
    21ea:	81 50       	subi	r24, 0x01	; 1
    21ec:	fb cf       	rjmp	.-10     	; 0x21e4 <dtoa_prf+0x1b2>
    21ee:	c2 0e       	add	r12, r18
    21f0:	d1 1c       	adc	r13, r1
    21f2:	20 e0       	ldi	r18, 0x00	; 0
    21f4:	99 23       	and	r25, r25
    21f6:	29 f0       	breq	.+10     	; 0x2202 <dtoa_prf+0x1d0>
    21f8:	d6 01       	movw	r26, r12
    21fa:	9c 93       	st	X, r25
    21fc:	f6 01       	movw	r30, r12
    21fe:	31 96       	adiw	r30, 0x01	; 1
    2200:	6f 01       	movw	r12, r30
    2202:	51 11       	cpse	r21, r1
    2204:	0b c0       	rjmp	.+22     	; 0x221c <dtoa_prf+0x1ea>
    2206:	f6 01       	movw	r30, r12
    2208:	82 2f       	mov	r24, r18
    220a:	90 e3       	ldi	r25, 0x30	; 48
    220c:	88 23       	and	r24, r24
    220e:	19 f0       	breq	.+6      	; 0x2216 <dtoa_prf+0x1e4>
    2210:	91 93       	st	Z+, r25
    2212:	81 50       	subi	r24, 0x01	; 1
    2214:	fb cf       	rjmp	.-10     	; 0x220c <dtoa_prf+0x1da>
    2216:	c2 0e       	add	r12, r18
    2218:	d1 1c       	adc	r13, r1
    221a:	20 e0       	ldi	r18, 0x00	; 0
    221c:	0f 2d       	mov	r16, r15
    221e:	06 0f       	add	r16, r22
    2220:	9a 81       	ldd	r25, Y+2	; 0x02
    2222:	34 2f       	mov	r19, r20
    2224:	30 71       	andi	r19, 0x10	; 16
    2226:	44 ff       	sbrs	r20, 4
    2228:	03 c0       	rjmp	.+6      	; 0x2230 <dtoa_prf+0x1fe>
    222a:	91 33       	cpi	r25, 0x31	; 49
    222c:	09 f4       	brne	.+2      	; 0x2230 <dtoa_prf+0x1fe>
    222e:	01 50       	subi	r16, 0x01	; 1
    2230:	10 16       	cp	r1, r16
    2232:	24 f4       	brge	.+8      	; 0x223c <dtoa_prf+0x20a>
    2234:	09 30       	cpi	r16, 0x09	; 9
    2236:	18 f0       	brcs	.+6      	; 0x223e <dtoa_prf+0x20c>
    2238:	08 e0       	ldi	r16, 0x08	; 8
    223a:	01 c0       	rjmp	.+2      	; 0x223e <dtoa_prf+0x20c>
    223c:	01 e0       	ldi	r16, 0x01	; 1
    223e:	ab 01       	movw	r20, r22
    2240:	77 ff       	sbrs	r23, 7
    2242:	02 c0       	rjmp	.+4      	; 0x2248 <dtoa_prf+0x216>
    2244:	40 e0       	ldi	r20, 0x00	; 0
    2246:	50 e0       	ldi	r21, 0x00	; 0
    2248:	fb 01       	movw	r30, r22
    224a:	e4 1b       	sub	r30, r20
    224c:	f5 0b       	sbc	r31, r21
    224e:	a1 e0       	ldi	r26, 0x01	; 1
    2250:	b0 e0       	ldi	r27, 0x00	; 0
    2252:	ac 0f       	add	r26, r28
    2254:	bd 1f       	adc	r27, r29
    2256:	ea 0f       	add	r30, r26
    2258:	fb 1f       	adc	r31, r27
    225a:	8e e2       	ldi	r24, 0x2E	; 46
    225c:	a8 2e       	mov	r10, r24
    225e:	4b 01       	movw	r8, r22
    2260:	80 1a       	sub	r8, r16
    2262:	91 08       	sbc	r9, r1
    2264:	0b 2d       	mov	r16, r11
    2266:	10 e0       	ldi	r17, 0x00	; 0
    2268:	11 95       	neg	r17
    226a:	01 95       	neg	r16
    226c:	11 09       	sbc	r17, r1
    226e:	4f 3f       	cpi	r20, 0xFF	; 255
    2270:	bf ef       	ldi	r27, 0xFF	; 255
    2272:	5b 07       	cpc	r21, r27
    2274:	21 f4       	brne	.+8      	; 0x227e <dtoa_prf+0x24c>
    2276:	d6 01       	movw	r26, r12
    2278:	ac 92       	st	X, r10
    227a:	11 96       	adiw	r26, 0x01	; 1
    227c:	6d 01       	movw	r12, r26
    227e:	64 17       	cp	r22, r20
    2280:	75 07       	cpc	r23, r21
    2282:	2c f0       	brlt	.+10     	; 0x228e <dtoa_prf+0x25c>
    2284:	84 16       	cp	r8, r20
    2286:	95 06       	cpc	r9, r21
    2288:	14 f4       	brge	.+4      	; 0x228e <dtoa_prf+0x25c>
    228a:	81 81       	ldd	r24, Z+1	; 0x01
    228c:	01 c0       	rjmp	.+2      	; 0x2290 <dtoa_prf+0x25e>
    228e:	80 e3       	ldi	r24, 0x30	; 48
    2290:	41 50       	subi	r20, 0x01	; 1
    2292:	51 09       	sbc	r21, r1
    2294:	31 96       	adiw	r30, 0x01	; 1
    2296:	d6 01       	movw	r26, r12
    2298:	11 96       	adiw	r26, 0x01	; 1
    229a:	7d 01       	movw	r14, r26
    229c:	40 17       	cp	r20, r16
    229e:	51 07       	cpc	r21, r17
    22a0:	24 f0       	brlt	.+8      	; 0x22aa <dtoa_prf+0x278>
    22a2:	d6 01       	movw	r26, r12
    22a4:	8c 93       	st	X, r24
    22a6:	67 01       	movw	r12, r14
    22a8:	e2 cf       	rjmp	.-60     	; 0x226e <dtoa_prf+0x23c>
    22aa:	64 17       	cp	r22, r20
    22ac:	75 07       	cpc	r23, r21
    22ae:	39 f4       	brne	.+14     	; 0x22be <dtoa_prf+0x28c>
    22b0:	96 33       	cpi	r25, 0x36	; 54
    22b2:	20 f4       	brcc	.+8      	; 0x22bc <dtoa_prf+0x28a>
    22b4:	95 33       	cpi	r25, 0x35	; 53
    22b6:	19 f4       	brne	.+6      	; 0x22be <dtoa_prf+0x28c>
    22b8:	31 11       	cpse	r19, r1
    22ba:	01 c0       	rjmp	.+2      	; 0x22be <dtoa_prf+0x28c>
    22bc:	81 e3       	ldi	r24, 0x31	; 49
    22be:	f6 01       	movw	r30, r12
    22c0:	80 83       	st	Z, r24
    22c2:	f7 01       	movw	r30, r14
    22c4:	82 2f       	mov	r24, r18
    22c6:	90 e2       	ldi	r25, 0x20	; 32
    22c8:	88 23       	and	r24, r24
    22ca:	19 f0       	breq	.+6      	; 0x22d2 <dtoa_prf+0x2a0>
    22cc:	91 93       	st	Z+, r25
    22ce:	81 50       	subi	r24, 0x01	; 1
    22d0:	fb cf       	rjmp	.-10     	; 0x22c8 <dtoa_prf+0x296>
    22d2:	f7 01       	movw	r30, r14
    22d4:	e2 0f       	add	r30, r18
    22d6:	f1 1d       	adc	r31, r1
    22d8:	10 82       	st	Z, r1
    22da:	80 e0       	ldi	r24, 0x00	; 0
    22dc:	90 e0       	ldi	r25, 0x00	; 0
    22de:	29 96       	adiw	r28, 0x09	; 9
    22e0:	ec e0       	ldi	r30, 0x0C	; 12
    22e2:	0c 94 6d 12 	jmp	0x24da	; 0x24da <__epilogue_restores__+0xc>

000022e6 <__ftoa_engine>:
    22e6:	28 30       	cpi	r18, 0x08	; 8
    22e8:	08 f0       	brcs	.+2      	; 0x22ec <__ftoa_engine+0x6>
    22ea:	27 e0       	ldi	r18, 0x07	; 7
    22ec:	33 27       	eor	r19, r19
    22ee:	da 01       	movw	r26, r20
    22f0:	99 0f       	add	r25, r25
    22f2:	31 1d       	adc	r19, r1
    22f4:	87 fd       	sbrc	r24, 7
    22f6:	91 60       	ori	r25, 0x01	; 1
    22f8:	00 96       	adiw	r24, 0x00	; 0
    22fa:	61 05       	cpc	r22, r1
    22fc:	71 05       	cpc	r23, r1
    22fe:	39 f4       	brne	.+14     	; 0x230e <__ftoa_engine+0x28>
    2300:	32 60       	ori	r19, 0x02	; 2
    2302:	2e 5f       	subi	r18, 0xFE	; 254
    2304:	3d 93       	st	X+, r19
    2306:	30 e3       	ldi	r19, 0x30	; 48
    2308:	2a 95       	dec	r18
    230a:	e1 f7       	brne	.-8      	; 0x2304 <__ftoa_engine+0x1e>
    230c:	08 95       	ret
    230e:	9f 3f       	cpi	r25, 0xFF	; 255
    2310:	30 f0       	brcs	.+12     	; 0x231e <__ftoa_engine+0x38>
    2312:	80 38       	cpi	r24, 0x80	; 128
    2314:	71 05       	cpc	r23, r1
    2316:	61 05       	cpc	r22, r1
    2318:	09 f0       	breq	.+2      	; 0x231c <__ftoa_engine+0x36>
    231a:	3c 5f       	subi	r19, 0xFC	; 252
    231c:	3c 5f       	subi	r19, 0xFC	; 252
    231e:	3d 93       	st	X+, r19
    2320:	91 30       	cpi	r25, 0x01	; 1
    2322:	08 f0       	brcs	.+2      	; 0x2326 <__ftoa_engine+0x40>
    2324:	80 68       	ori	r24, 0x80	; 128
    2326:	91 1d       	adc	r25, r1
    2328:	df 93       	push	r29
    232a:	cf 93       	push	r28
    232c:	1f 93       	push	r17
    232e:	0f 93       	push	r16
    2330:	ff 92       	push	r15
    2332:	ef 92       	push	r14
    2334:	19 2f       	mov	r17, r25
    2336:	98 7f       	andi	r25, 0xF8	; 248
    2338:	96 95       	lsr	r25
    233a:	e9 2f       	mov	r30, r25
    233c:	96 95       	lsr	r25
    233e:	96 95       	lsr	r25
    2340:	e9 0f       	add	r30, r25
    2342:	ff 27       	eor	r31, r31
    2344:	ee 53       	subi	r30, 0x3E	; 62
    2346:	ff 4f       	sbci	r31, 0xFF	; 255
    2348:	99 27       	eor	r25, r25
    234a:	33 27       	eor	r19, r19
    234c:	ee 24       	eor	r14, r14
    234e:	ff 24       	eor	r15, r15
    2350:	a7 01       	movw	r20, r14
    2352:	e7 01       	movw	r28, r14
    2354:	05 90       	lpm	r0, Z+
    2356:	08 94       	sec
    2358:	07 94       	ror	r0
    235a:	28 f4       	brcc	.+10     	; 0x2366 <__ftoa_engine+0x80>
    235c:	36 0f       	add	r19, r22
    235e:	e7 1e       	adc	r14, r23
    2360:	f8 1e       	adc	r15, r24
    2362:	49 1f       	adc	r20, r25
    2364:	51 1d       	adc	r21, r1
    2366:	66 0f       	add	r22, r22
    2368:	77 1f       	adc	r23, r23
    236a:	88 1f       	adc	r24, r24
    236c:	99 1f       	adc	r25, r25
    236e:	06 94       	lsr	r0
    2370:	a1 f7       	brne	.-24     	; 0x235a <__ftoa_engine+0x74>
    2372:	05 90       	lpm	r0, Z+
    2374:	07 94       	ror	r0
    2376:	28 f4       	brcc	.+10     	; 0x2382 <__ftoa_engine+0x9c>
    2378:	e7 0e       	add	r14, r23
    237a:	f8 1e       	adc	r15, r24
    237c:	49 1f       	adc	r20, r25
    237e:	56 1f       	adc	r21, r22
    2380:	c1 1d       	adc	r28, r1
    2382:	77 0f       	add	r23, r23
    2384:	88 1f       	adc	r24, r24
    2386:	99 1f       	adc	r25, r25
    2388:	66 1f       	adc	r22, r22
    238a:	06 94       	lsr	r0
    238c:	a1 f7       	brne	.-24     	; 0x2376 <__ftoa_engine+0x90>
    238e:	05 90       	lpm	r0, Z+
    2390:	07 94       	ror	r0
    2392:	28 f4       	brcc	.+10     	; 0x239e <__ftoa_engine+0xb8>
    2394:	f8 0e       	add	r15, r24
    2396:	49 1f       	adc	r20, r25
    2398:	56 1f       	adc	r21, r22
    239a:	c7 1f       	adc	r28, r23
    239c:	d1 1d       	adc	r29, r1
    239e:	88 0f       	add	r24, r24
    23a0:	99 1f       	adc	r25, r25
    23a2:	66 1f       	adc	r22, r22
    23a4:	77 1f       	adc	r23, r23
    23a6:	06 94       	lsr	r0
    23a8:	a1 f7       	brne	.-24     	; 0x2392 <__ftoa_engine+0xac>
    23aa:	05 90       	lpm	r0, Z+
    23ac:	07 94       	ror	r0
    23ae:	20 f4       	brcc	.+8      	; 0x23b8 <__ftoa_engine+0xd2>
    23b0:	49 0f       	add	r20, r25
    23b2:	56 1f       	adc	r21, r22
    23b4:	c7 1f       	adc	r28, r23
    23b6:	d8 1f       	adc	r29, r24
    23b8:	99 0f       	add	r25, r25
    23ba:	66 1f       	adc	r22, r22
    23bc:	77 1f       	adc	r23, r23
    23be:	88 1f       	adc	r24, r24
    23c0:	06 94       	lsr	r0
    23c2:	a9 f7       	brne	.-22     	; 0x23ae <__ftoa_engine+0xc8>
    23c4:	84 91       	lpm	r24, Z
    23c6:	10 95       	com	r17
    23c8:	17 70       	andi	r17, 0x07	; 7
    23ca:	41 f0       	breq	.+16     	; 0x23dc <__ftoa_engine+0xf6>
    23cc:	d6 95       	lsr	r29
    23ce:	c7 95       	ror	r28
    23d0:	57 95       	ror	r21
    23d2:	47 95       	ror	r20
    23d4:	f7 94       	ror	r15
    23d6:	e7 94       	ror	r14
    23d8:	1a 95       	dec	r17
    23da:	c1 f7       	brne	.-16     	; 0x23cc <__ftoa_engine+0xe6>
    23dc:	e8 e6       	ldi	r30, 0x68	; 104
    23de:	f0 e0       	ldi	r31, 0x00	; 0
    23e0:	68 94       	set
    23e2:	15 90       	lpm	r1, Z+
    23e4:	15 91       	lpm	r17, Z+
    23e6:	35 91       	lpm	r19, Z+
    23e8:	65 91       	lpm	r22, Z+
    23ea:	95 91       	lpm	r25, Z+
    23ec:	05 90       	lpm	r0, Z+
    23ee:	7f e2       	ldi	r23, 0x2F	; 47
    23f0:	73 95       	inc	r23
    23f2:	e1 18       	sub	r14, r1
    23f4:	f1 0a       	sbc	r15, r17
    23f6:	43 0b       	sbc	r20, r19
    23f8:	56 0b       	sbc	r21, r22
    23fa:	c9 0b       	sbc	r28, r25
    23fc:	d0 09       	sbc	r29, r0
    23fe:	c0 f7       	brcc	.-16     	; 0x23f0 <__ftoa_engine+0x10a>
    2400:	e1 0c       	add	r14, r1
    2402:	f1 1e       	adc	r15, r17
    2404:	43 1f       	adc	r20, r19
    2406:	56 1f       	adc	r21, r22
    2408:	c9 1f       	adc	r28, r25
    240a:	d0 1d       	adc	r29, r0
    240c:	7e f4       	brtc	.+30     	; 0x242c <__ftoa_engine+0x146>
    240e:	70 33       	cpi	r23, 0x30	; 48
    2410:	11 f4       	brne	.+4      	; 0x2416 <__ftoa_engine+0x130>
    2412:	8a 95       	dec	r24
    2414:	e6 cf       	rjmp	.-52     	; 0x23e2 <__ftoa_engine+0xfc>
    2416:	e8 94       	clt
    2418:	01 50       	subi	r16, 0x01	; 1
    241a:	30 f0       	brcs	.+12     	; 0x2428 <__ftoa_engine+0x142>
    241c:	08 0f       	add	r16, r24
    241e:	0a f4       	brpl	.+2      	; 0x2422 <__ftoa_engine+0x13c>
    2420:	00 27       	eor	r16, r16
    2422:	02 17       	cp	r16, r18
    2424:	08 f4       	brcc	.+2      	; 0x2428 <__ftoa_engine+0x142>
    2426:	20 2f       	mov	r18, r16
    2428:	23 95       	inc	r18
    242a:	02 2f       	mov	r16, r18
    242c:	7a 33       	cpi	r23, 0x3A	; 58
    242e:	28 f0       	brcs	.+10     	; 0x243a <__ftoa_engine+0x154>
    2430:	79 e3       	ldi	r23, 0x39	; 57
    2432:	7d 93       	st	X+, r23
    2434:	2a 95       	dec	r18
    2436:	e9 f7       	brne	.-6      	; 0x2432 <__ftoa_engine+0x14c>
    2438:	10 c0       	rjmp	.+32     	; 0x245a <__ftoa_engine+0x174>
    243a:	7d 93       	st	X+, r23
    243c:	2a 95       	dec	r18
    243e:	89 f6       	brne	.-94     	; 0x23e2 <__ftoa_engine+0xfc>
    2440:	06 94       	lsr	r0
    2442:	97 95       	ror	r25
    2444:	67 95       	ror	r22
    2446:	37 95       	ror	r19
    2448:	17 95       	ror	r17
    244a:	17 94       	ror	r1
    244c:	e1 18       	sub	r14, r1
    244e:	f1 0a       	sbc	r15, r17
    2450:	43 0b       	sbc	r20, r19
    2452:	56 0b       	sbc	r21, r22
    2454:	c9 0b       	sbc	r28, r25
    2456:	d0 09       	sbc	r29, r0
    2458:	98 f0       	brcs	.+38     	; 0x2480 <__ftoa_engine+0x19a>
    245a:	23 95       	inc	r18
    245c:	7e 91       	ld	r23, -X
    245e:	73 95       	inc	r23
    2460:	7a 33       	cpi	r23, 0x3A	; 58
    2462:	08 f0       	brcs	.+2      	; 0x2466 <__ftoa_engine+0x180>
    2464:	70 e3       	ldi	r23, 0x30	; 48
    2466:	7c 93       	st	X, r23
    2468:	20 13       	cpse	r18, r16
    246a:	b8 f7       	brcc	.-18     	; 0x245a <__ftoa_engine+0x174>
    246c:	7e 91       	ld	r23, -X
    246e:	70 61       	ori	r23, 0x10	; 16
    2470:	7d 93       	st	X+, r23
    2472:	30 f0       	brcs	.+12     	; 0x2480 <__ftoa_engine+0x19a>
    2474:	83 95       	inc	r24
    2476:	71 e3       	ldi	r23, 0x31	; 49
    2478:	7d 93       	st	X+, r23
    247a:	70 e3       	ldi	r23, 0x30	; 48
    247c:	2a 95       	dec	r18
    247e:	e1 f7       	brne	.-8      	; 0x2478 <__ftoa_engine+0x192>
    2480:	11 24       	eor	r1, r1
    2482:	ef 90       	pop	r14
    2484:	ff 90       	pop	r15
    2486:	0f 91       	pop	r16
    2488:	1f 91       	pop	r17
    248a:	cf 91       	pop	r28
    248c:	df 91       	pop	r29
    248e:	99 27       	eor	r25, r25
    2490:	87 fd       	sbrc	r24, 7
    2492:	90 95       	com	r25
    2494:	08 95       	ret

00002496 <__prologue_saves__>:
    2496:	2f 92       	push	r2
    2498:	3f 92       	push	r3
    249a:	4f 92       	push	r4
    249c:	5f 92       	push	r5
    249e:	6f 92       	push	r6
    24a0:	7f 92       	push	r7
    24a2:	8f 92       	push	r8
    24a4:	9f 92       	push	r9
    24a6:	af 92       	push	r10
    24a8:	bf 92       	push	r11
    24aa:	cf 92       	push	r12
    24ac:	df 92       	push	r13
    24ae:	ef 92       	push	r14
    24b0:	ff 92       	push	r15
    24b2:	0f 93       	push	r16
    24b4:	1f 93       	push	r17
    24b6:	cf 93       	push	r28
    24b8:	df 93       	push	r29
    24ba:	cd b7       	in	r28, 0x3d	; 61
    24bc:	de b7       	in	r29, 0x3e	; 62
    24be:	ca 1b       	sub	r28, r26
    24c0:	db 0b       	sbc	r29, r27
    24c2:	0f b6       	in	r0, 0x3f	; 63
    24c4:	f8 94       	cli
    24c6:	de bf       	out	0x3e, r29	; 62
    24c8:	0f be       	out	0x3f, r0	; 63
    24ca:	cd bf       	out	0x3d, r28	; 61
    24cc:	09 94       	ijmp

000024ce <__epilogue_restores__>:
    24ce:	2a 88       	ldd	r2, Y+18	; 0x12
    24d0:	39 88       	ldd	r3, Y+17	; 0x11
    24d2:	48 88       	ldd	r4, Y+16	; 0x10
    24d4:	5f 84       	ldd	r5, Y+15	; 0x0f
    24d6:	6e 84       	ldd	r6, Y+14	; 0x0e
    24d8:	7d 84       	ldd	r7, Y+13	; 0x0d
    24da:	8c 84       	ldd	r8, Y+12	; 0x0c
    24dc:	9b 84       	ldd	r9, Y+11	; 0x0b
    24de:	aa 84       	ldd	r10, Y+10	; 0x0a
    24e0:	b9 84       	ldd	r11, Y+9	; 0x09
    24e2:	c8 84       	ldd	r12, Y+8	; 0x08
    24e4:	df 80       	ldd	r13, Y+7	; 0x07
    24e6:	ee 80       	ldd	r14, Y+6	; 0x06
    24e8:	fd 80       	ldd	r15, Y+5	; 0x05
    24ea:	0c 81       	ldd	r16, Y+4	; 0x04
    24ec:	1b 81       	ldd	r17, Y+3	; 0x03
    24ee:	aa 81       	ldd	r26, Y+2	; 0x02
    24f0:	b9 81       	ldd	r27, Y+1	; 0x01
    24f2:	ce 0f       	add	r28, r30
    24f4:	d1 1d       	adc	r29, r1
    24f6:	0f b6       	in	r0, 0x3f	; 63
    24f8:	f8 94       	cli
    24fa:	de bf       	out	0x3e, r29	; 62
    24fc:	0f be       	out	0x3f, r0	; 63
    24fe:	cd bf       	out	0x3d, r28	; 61
    2500:	ed 01       	movw	r28, r26
    2502:	08 95       	ret

00002504 <_exit>:
    2504:	f8 94       	cli

00002506 <__stop_program>:
    2506:	ff cf       	rjmp	.-2      	; 0x2506 <__stop_program>
